linha;ncm;cClassTrib;tratamento_planilha;anexo;item;fundamento_planilha;regra_sistema;local;reducao_sistema;fundamento_sistema;status_auditoria;bloqueada;status;motivos_auditoria;divergencias;falta
2;01051110;200038;Redução de 60%;IX;13;Art. 138;01051110-200038-IX-13;data/base-normativa.json;60%;Art. 138;CONFIRMADA;NÃO;IMPLEMENTADA_CONFIRMADA;;;nada
3;01051190;200038;Redução de 60%;IX;13;Art. 138;01051190-200038-IX-13;data/base-normativa.json;60%;Art. 138;CONFIRMADA;NÃO;IMPLEMENTADA_CONFIRMADA;;;nada
4;01051200;200038;Redução de 60%;IX;13;Art. 138;01051200-200038-IX-13;data/base-normativa.json;60%;Art. 138;CONFIRMADA;NÃO;IMPLEMENTADA_CONFIRMADA;;;nada
5;01051300;200038;Redução de 60%;IX;13;Art. 138;01051300-200038-IX-13;data/base-normativa.json;60%;Art. 138;CONFIRMADA;NÃO;IMPLEMENTADA_CONFIRMADA;;;nada
6;01051400;200038;Redução de 60%;IX;13;Art. 138;01051400-200038-IX-13;data/base-normativa.json;60%;Art. 138;CONFIRMADA;NÃO;IMPLEMENTADA_CONFIRMADA;;;nada
7;01051500;200038;Redução de 60%;IX;13;Art. 138;01051500-200038-IX-13;data/base-normativa.json;60%;Art. 138;CONFIRMADA;NÃO;IMPLEMENTADA_CONFIRMADA;;;nada
8;01069000;200038;Redução de 60%;IX;17;Art. 138;01069000-200038-IX-17;data/base-normativa.json;60%;Art. 138;CONFIRMADA;NÃO;IMPLEMENTADA_CONFIRMADA;;;nada
9;02011000;200003;Alíquota zero;I;19;Art. 125;02011000-200003-I-19;data/base-normativa.json;100%;Art. 125;CONFIRMADA;NÃO;IMPLEMENTADA_CONFIRMADA;;;nada
10;02012010;200003;Alíquota zero;I;19;Art. 125;02012010-200003-I-19;data/base-normativa.json;100%;Art. 125;CONFIRMADA;NÃO;IMPLEMENTADA_CONFIRMADA;;;nada
11;02012020;200003;Alíquota zero;I;19;Art. 125;02012020-200003-I-19;data/base-normativa.json;100%;Art. 125;CONFIRMADA;NÃO;IMPLEMENTADA_CONFIRMADA;;;nada
12;02012090;200003;Alíquota zero;I;19;Art. 125;02012090-200003-I-19;data/base-normativa.json;100%;Art. 125;CONFIRMADA;NÃO;IMPLEMENTADA_CONFIRMADA;;;nada
13;02013000;200003;Alíquota zero;I;19;Art. 125;02013000-200003-I-19;data/base-normativa.json;100%;Art. 125;CONFIRMADA;NÃO;IMPLEMENTADA_CONFIRMADA;;;nada
14;02021000;200003;Alíquota zero;I;19;Art. 125;02021000-200003-I-19;data/base-normativa.json;100%;Art. 125;CONFIRMADA;NÃO;IMPLEMENTADA_CONFIRMADA;;;nada
15;02022010;200003;Alíquota zero;I;19;Art. 125;02022010-200003-I-19;data/base-normativa.json;100%;Art. 125;CONFIRMADA;NÃO;IMPLEMENTADA_CONFIRMADA;;;nada
16;02022020;200003;Alíquota zero;I;19;Art. 125;02022020-200003-I-19;data/base-normativa.json;100%;Art. 125;CONFIRMADA;NÃO;IMPLEMENTADA_CONFIRMADA;;;nada
17;02022090;200003;Alíquota zero;I;19;Art. 125;02022090-200003-I-19;data/base-normativa.json;100%;Art. 125;CONFIRMADA;NÃO;IMPLEMENTADA_CONFIRMADA;;;nada
18;02023000;200003;Alíquota zero;I;19;Art. 125;02023000-200003-I-19;data/base-normativa.json;100%;Art. 125;CONFIRMADA;NÃO;IMPLEMENTADA_CONFIRMADA;;;nada
19;02031100;200003;Alíquota zero;I;19;Art. 125;02031100-200003-I-19;data/base-normativa.json;100%;Art. 125;CONFIRMADA;NÃO;IMPLEMENTADA_CONFIRMADA;;;nada
20;02031200;200003;Alíquota zero;I;19;Art. 125;02031200-200003-I-19;data/base-normativa.json;100%;Art. 125;CONFIRMADA;NÃO;IMPLEMENTADA_CONFIRMADA;;;nada
21;02031900;200003;Alíquota zero;I;19;Art. 125;02031900-200003-I-19;data/base-normativa.json;100%;Art. 125;CONFIRMADA;NÃO;IMPLEMENTADA_CONFIRMADA;;;nada
22;02032100;200003;Alíquota zero;I;19;Art. 125;02032100-200003-I-19;data/base-normativa.json;100%;Art. 125;CONFIRMADA;NÃO;IMPLEMENTADA_CONFIRMADA;;;nada
23;02032200;200003;Alíquota zero;I;19;Art. 125;02032200-200003-I-19;data/base-normativa.json;100%;Art. 125;CONFIRMADA;NÃO;IMPLEMENTADA_CONFIRMADA;;;nada
24;02032900;200003;Alíquota zero;I;19;Art. 125;02032900-200003-I-19;data/base-normativa.json;100%;Art. 125;CONFIRMADA;NÃO;IMPLEMENTADA_CONFIRMADA;;;nada
25;02041000;200003;Alíquota zero;I;19;Art. 125;02041000-200003-I-19;data/base-normativa.json;100%;Art. 125;CONFIRMADA;NÃO;IMPLEMENTADA_CONFIRMADA;;;nada
26;02042100;200003;Alíquota zero;I;19;Art. 125;02042100-200003-I-19;data/base-normativa.json;100%;Art. 125;CONFIRMADA;NÃO;IMPLEMENTADA_CONFIRMADA;;;nada
27;02042200;200003;Alíquota zero;I;19;Art. 125;02042200-200003-I-19;data/base-normativa.json;100%;Art. 125;CONFIRMADA;NÃO;IMPLEMENTADA_CONFIRMADA;;;nada
28;02042300;200003;Alíquota zero;I;19;Art. 125;02042300-200003-I-19;data/base-normativa.json;100%;Art. 125;CONFIRMADA;NÃO;IMPLEMENTADA_CONFIRMADA;;;nada
29;02043000;200003;Alíquota zero;I;19;Art. 125;02043000-200003-I-19;data/base-normativa.json;100%;Art. 125;CONFIRMADA;NÃO;IMPLEMENTADA_CONFIRMADA;;;nada
30;02044100;200003;Alíquota zero;I;19;Art. 125;02044100-200003-I-19;data/base-normativa.json;100%;Art. 125;CONFIRMADA;NÃO;IMPLEMENTADA_CONFIRMADA;;;nada
31;02044200;200003;Alíquota zero;I;19;Art. 125;02044200-200003-I-19;data/base-normativa.json;100%;Art. 125;CONFIRMADA;NÃO;IMPLEMENTADA_CONFIRMADA;;;nada
32;02044300;200003;Alíquota zero;I;19;Art. 125;02044300-200003-I-19;data/base-normativa.json;100%;Art. 125;CONFIRMADA;NÃO;IMPLEMENTADA_CONFIRMADA;;;nada
33;02045000;200003;Alíquota zero;I;19;Art. 125;02045000-200003-I-19;data/base-normativa.json;100%;Art. 125;CONFIRMADA;NÃO;IMPLEMENTADA_CONFIRMADA;;;nada
34;02061000;200003;Alíquota zero;I;19;Art. 125;02061000-200003-I-19;data/base-normativa.json;100%;Art. 125;CONFIRMADA;NÃO;IMPLEMENTADA_CONFIRMADA;;;nada
35;02062100;200003;Alíquota zero;I;19;Art. 125;02062100-200003-I-19;data/base-normativa.json;100%;Art. 125;CONFIRMADA;NÃO;IMPLEMENTADA_CONFIRMADA;;;nada
36;02062200;200003;Alíquota zero;I;19;Art. 125;02062200-200003-I-19;data/base-normativa.json;100%;Art. 125;CONFIRMADA;NÃO;IMPLEMENTADA_CONFIRMADA;;;nada
37;02062910;200003;Alíquota zero;I;19;Art. 125;02062910-200003-I-19;data/base-normativa.json;100%;Art. 125;CONFIRMADA;NÃO;IMPLEMENTADA_CONFIRMADA;;;nada
38;02062990;200003;Alíquota zero;I;19;Art. 125;02062990-200003-I-19;data/base-normativa.json;100%;Art. 125;CONFIRMADA;NÃO;IMPLEMENTADA_CONFIRMADA;;;nada
39;02063000;200003;Alíquota zero;I;19;Art. 125;02063000-200003-I-19;data/base-normativa.json;100%;Art. 125;CONFIRMADA;NÃO;IMPLEMENTADA_CONFIRMADA;;;nada
40;02064100;200003;Alíquota zero;I;19;Art. 125;02064100-200003-I-19;data/base-normativa.json;100%;Art. 125;CONFIRMADA;NÃO;IMPLEMENTADA_CONFIRMADA;;;nada
41;02064900;200003;Alíquota zero;I;19;Art. 125;02064900-200003-I-19;data/base-normativa.json;100%;Art. 125;CONFIRMADA;NÃO;IMPLEMENTADA_CONFIRMADA;;;nada
42;02068000;200003;Alíquota zero;I;19;Art. 125;02068000-200003-I-19;data/base-normativa.json;100%;Art. 125;CONFIRMADA;NÃO;IMPLEMENTADA_CONFIRMADA;;;nada
43;02069000;200003;Alíquota zero;I;19;Art. 125;02069000-200003-I-19;data/base-normativa.json;100%;Art. 125;CONFIRMADA;NÃO;IMPLEMENTADA_CONFIRMADA;;;nada
44;02071100;200003;Alíquota zero;I;19;Art. 125;02071100-200003-I-19;data/base-normativa.json;100%;Art. 125;CONFIRMADA;NÃO;IMPLEMENTADA_CONFIRMADA;;;nada
45;02071210;200003;Alíquota zero;I;19;Art. 125;02071210-200003-I-19;data/base-normativa.json;100%;Art. 125;CONFIRMADA;NÃO;IMPLEMENTADA_CONFIRMADA;;;nada
46;02071220;200003;Alíquota zero;I;19;Art. 125;02071220-200003-I-19;data/base-normativa.json;100%;Art. 125;CONFIRMADA;NÃO;IMPLEMENTADA_CONFIRMADA;;;nada
47;02071300;200003;Alíquota zero;I;19;Art. 125;02071300-200003-I-19;data/base-normativa.json;100%;Art. 125;CONFIRMADA;NÃO;IMPLEMENTADA_CONFIRMADA;;;nada
48;02071411;200003;Alíquota zero;I;19;Art. 125;02071411-200003-I-19;data/base-normativa.json;100%;Art. 125;CONFIRMADA;NÃO;IMPLEMENTADA_CONFIRMADA;;;nada
49;02071412;200003;Alíquota zero;I;19;Art. 125;02071412-200003-I-19;data/base-normativa.json;100%;Art. 125;CONFIRMADA;NÃO;IMPLEMENTADA_CONFIRMADA;;;nada
50;02071413;200003;Alíquota zero;I;19;Art. 125;02071413-200003-I-19;data/base-normativa.json;100%;Art. 125;CONFIRMADA;NÃO;IMPLEMENTADA_CONFIRMADA;;;nada
51;02071419;200003;Alíquota zero;I;19;Art. 125;02071419-200003-I-19;data/base-normativa.json;100%;Art. 125;CONFIRMADA;NÃO;IMPLEMENTADA_CONFIRMADA;;;nada
52;02071421;200003;Alíquota zero;I;19;Art. 125;02071421-200003-I-19;data/base-normativa.json;100%;Art. 125;CONFIRMADA;NÃO;IMPLEMENTADA_CONFIRMADA;;;nada
53;02071422;200003;Alíquota zero;I;19;Art. 125;02071422-200003-I-19;data/base-normativa.json;100%;Art. 125;CONFIRMADA;NÃO;IMPLEMENTADA_CONFIRMADA;;;nada
54;02071423;200003;Alíquota zero;I;19;Art. 125;02071423-200003-I-19;data/base-normativa.json;100%;Art. 125;CONFIRMADA;NÃO;IMPLEMENTADA_CONFIRMADA;;;nada
55;02071424;200003;Alíquota zero;I;19;Art. 125;02071424-200003-I-19;data/base-normativa.json;100%;Art. 125;CONFIRMADA;NÃO;IMPLEMENTADA_CONFIRMADA;;;nada
56;02071429;200003;Alíquota zero;I;19;Art. 125;02071429-200003-I-19;data/base-normativa.json;100%;Art. 125;CONFIRMADA;NÃO;IMPLEMENTADA_CONFIRMADA;;;nada
57;02071431;200003;Alíquota zero;I;19;Art. 125;02071431-200003-I-19;data/base-normativa.json;100%;Art. 125;CONFIRMADA;NÃO;IMPLEMENTADA_CONFIRMADA;;;nada
58;02071432;200003;Alíquota zero;I;19;Art. 125;02071432-200003-I-19;data/base-normativa.json;100%;Art. 125;CONFIRMADA;NÃO;IMPLEMENTADA_CONFIRMADA;;;nada
59;02071433;200003;Alíquota zero;I;19;Art. 125;02071433-200003-I-19;data/base-normativa.json;100%;Art. 125;CONFIRMADA;NÃO;IMPLEMENTADA_CONFIRMADA;;;nada
60;02071434;200003;Alíquota zero;I;19;Art. 125;02071434-200003-I-19;data/base-normativa.json;100%;Art. 125;CONFIRMADA;NÃO;IMPLEMENTADA_CONFIRMADA;;;nada
61;02071439;200003;Alíquota zero;I;19;Art. 125;02071439-200003-I-19;data/base-normativa.json;100%;Art. 125;CONFIRMADA;NÃO;IMPLEMENTADA_CONFIRMADA;;;nada
62;02072400;200003;Alíquota zero;I;19;Art. 125;02072400-200003-I-19;data/base-normativa.json;100%;Art. 125;CONFIRMADA;NÃO;IMPLEMENTADA_CONFIRMADA;;;nada
63;02072500;200003;Alíquota zero;I;19;Art. 125;02072500-200003-I-19;data/base-normativa.json;100%;Art. 125;CONFIRMADA;NÃO;IMPLEMENTADA_CONFIRMADA;;;nada
64;02072600;200003;Alíquota zero;I;19;Art. 125;02072600-200003-I-19;data/base-normativa.json;100%;Art. 125;CONFIRMADA;NÃO;IMPLEMENTADA_CONFIRMADA;;;nada
65;02072700;200003;Alíquota zero;I;19;Art. 125;02072700-200003-I-19;data/base-normativa.json;100%;Art. 125;CONFIRMADA;NÃO;IMPLEMENTADA_CONFIRMADA;;;nada
66;02074100;200003;Alíquota zero;I;19;Art. 125;02074100-200003-I-19;data/base-normativa.json;100%;Art. 125;CONFIRMADA;NÃO;IMPLEMENTADA_CONFIRMADA;;;nada
67;02074200;200003;Alíquota zero;I;19;Art. 125;02074200-200003-I-19;data/base-normativa.json;100%;Art. 125;CONFIRMADA;NÃO;IMPLEMENTADA_CONFIRMADA;;;nada
68;02074300;200003;Alíquota zero;I;19;Art. 125;02074300-200003-I-19;data/base-normativa.json;100%;Art. 125;DIVERGENTE;SIM;BLOQUEADA;o SVRS lista o NCM como VEDADO para 200003 | a lei exclui expressamente este NCM no item 19 da regra;NCM VEDADO no Portal para o código;nada (regra bloqueada: benefício impedido por vedação oficial)
69;02074300;200003;Alíquota zero;I;19;Art. 125;02074300-200003-I-19;data/base-normativa.json;100%;Art. 125;DIVERGENTE;SIM;BLOQUEADA;o SVRS lista o NCM como VEDADO para 200003 | a lei exclui expressamente este NCM no item 19 da regra;NCM VEDADO no Portal para o código;nada (regra bloqueada: benefício impedido por vedação oficial)
70;02074400;200003;Alíquota zero;I;19;Art. 125;02074400-200003-I-19;data/base-normativa.json;100%;Art. 125;CONFIRMADA;NÃO;IMPLEMENTADA_CONFIRMADA;;;nada
71;02074500;200003;Alíquota zero;I;19;Art. 125;02074500-200003-I-19;data/base-normativa.json;100%;Art. 125;CONFIRMADA;NÃO;IMPLEMENTADA_CONFIRMADA;;;nada
72;02075100;200003;Alíquota zero;I;19;Art. 125;02075100-200003-I-19;data/base-normativa.json;100%;Art. 125;CONFIRMADA;NÃO;IMPLEMENTADA_CONFIRMADA;;;nada
73;02075200;200003;Alíquota zero;I;19;Art. 125;02075200-200003-I-19;data/base-normativa.json;100%;Art. 125;CONFIRMADA;NÃO;IMPLEMENTADA_CONFIRMADA;;;nada
74;02075300;200003;Alíquota zero;I;19;Art. 125;02075300-200003-I-19;data/base-normativa.json;100%;Art. 125;DIVERGENTE;SIM;BLOQUEADA;o SVRS lista o NCM como VEDADO para 200003 | a lei exclui expressamente este NCM no item 19 da regra;NCM VEDADO no Portal para o código;nada (regra bloqueada: benefício impedido por vedação oficial)
75;02075300;200003;Alíquota zero;I;19;Art. 125;02075300-200003-I-19;data/base-normativa.json;100%;Art. 125;DIVERGENTE;SIM;BLOQUEADA;o SVRS lista o NCM como VEDADO para 200003 | a lei exclui expressamente este NCM no item 19 da regra;NCM VEDADO no Portal para o código;nada (regra bloqueada: benefício impedido por vedação oficial)
76;02075400;200003;Alíquota zero;I;19;Art. 125;02075400-200003-I-19;data/base-normativa.json;100%;Art. 125;CONFIRMADA;NÃO;IMPLEMENTADA_CONFIRMADA;;;nada
77;02075500;200003;Alíquota zero;I;19;Art. 125;02075500-200003-I-19;data/base-normativa.json;100%;Art. 125;CONFIRMADA;NÃO;IMPLEMENTADA_CONFIRMADA;;;nada
78;02076000;200003;Alíquota zero;I;19;Art. 125;02076000-200003-I-19;data/base-normativa.json;100%;Art. 125;CONFIRMADA;NÃO;IMPLEMENTADA_CONFIRMADA;;;nada
79;02091011;200003;Alíquota zero;I;19;Art. 125;02091011-200003-I-19;data/base-normativa.json;100%;Art. 125;CONFIRMADA;NÃO;IMPLEMENTADA_CONFIRMADA;;;nada
80;02091019;200003;Alíquota zero;I;19;Art. 125;02091019-200003-I-19;data/base-normativa.json;100%;Art. 125;CONFIRMADA;NÃO;IMPLEMENTADA_CONFIRMADA;;;nada
81;02091021;200003;Alíquota zero;I;19;Art. 125;02091021-200003-I-19;data/base-normativa.json;100%;Art. 125;CONFIRMADA;NÃO;IMPLEMENTADA_CONFIRMADA;;;nada
82;02091029;200003;Alíquota zero;I;19;Art. 125;02091029-200003-I-19;data/base-normativa.json;100%;Art. 125;CONFIRMADA;NÃO;IMPLEMENTADA_CONFIRMADA;;;nada
83;02099000;200003;Alíquota zero;I;19;Art. 125;02099000-200003-I-19;data/base-normativa.json;100%;Art. 125;CONFIRMADA;NÃO;IMPLEMENTADA_CONFIRMADA;;;nada
84;02101100;200003;Alíquota zero;I;19;Art. 125;02101100-200003-I-19;data/base-normativa.json;100%;Art. 125;CONFIRMADA;NÃO;IMPLEMENTADA_CONFIRMADA;;;nada
85;02101200;200003;Alíquota zero;I;19;Art. 125;02101200-200003-I-19;data/base-normativa.json;100%;Art. 125;CONFIRMADA;NÃO;IMPLEMENTADA_CONFIRMADA;;;nada
86;02101900;200003;Alíquota zero;I;19;Art. 125;02101900-200003-I-19;data/base-normativa.json;100%;Art. 125;CONFIRMADA;NÃO;IMPLEMENTADA_CONFIRMADA;;;nada
87;02102000;200003;Alíquota zero;I;19;Art. 125;02102000-200003-I-19;data/base-normativa.json;100%;Art. 125;CONFIRMADA;NÃO;IMPLEMENTADA_CONFIRMADA;;;nada
88;02109911;200003;Alíquota zero;I;19;Art. 125;02109911-200003-I-19;data/base-normativa.json;100%;Art. 125;CONFIRMADA;NÃO;IMPLEMENTADA_CONFIRMADA;;;nada
89;02109919;200003;Alíquota zero;I;19;Art. 125;02109919-200003-I-19;data/base-normativa.json;100%;Art. 125;CONFIRMADA;NÃO;IMPLEMENTADA_CONFIRMADA;;;nada
90;02109920;200003;Alíquota zero;I;19;Art. 125;02109920-200003-I-19;data/base-normativa.json;100%;Art. 125;CONFIRMADA;NÃO;IMPLEMENTADA_CONFIRMADA;;;nada
91;02109990;200003;Alíquota zero;I;19;Art. 125;02109990-200003-I-19;data/base-normativa.json;100%;Art. 125;CONFIRMADA;NÃO;IMPLEMENTADA_CONFIRMADA;;;nada
92;03021100;200003;Alíquota zero;I;20;Art. 125;03021100-200003-I-20;data/base-normativa.json;100%;Art. 125;DIVERGENTE;SIM;BLOQUEADA;o SVRS lista o NCM como VEDADO para 200003 | a lei exclui expressamente este NCM no item 20 da regra;NCM VEDADO no Portal para o código;nada (regra bloqueada: benefício impedido por vedação oficial)
93;03021100;200003;Alíquota zero;I;20;Art. 125;03021100-200003-I-20;data/base-normativa.json;100%;Art. 125;DIVERGENTE;SIM;BLOQUEADA;o SVRS lista o NCM como VEDADO para 200003 | a lei exclui expressamente este NCM no item 20 da regra;NCM VEDADO no Portal para o código;nada (regra bloqueada: benefício impedido por vedação oficial)
94;03021300;200003;Alíquota zero;I;20;Art. 125;03021300-200003-I-20;data/base-normativa.json;100%;Art. 125;DIVERGENTE;SIM;BLOQUEADA;o SVRS lista o NCM como VEDADO para 200003 | a lei exclui expressamente este NCM no item 20 da regra;NCM VEDADO no Portal para o código;nada (regra bloqueada: benefício impedido por vedação oficial)
95;03021300;200003;Alíquota zero;I;20;Art. 125;03021300-200003-I-20;data/base-normativa.json;100%;Art. 125;DIVERGENTE;SIM;BLOQUEADA;o SVRS lista o NCM como VEDADO para 200003 | a lei exclui expressamente este NCM no item 20 da regra;NCM VEDADO no Portal para o código;nada (regra bloqueada: benefício impedido por vedação oficial)
96;03021400;200003;Alíquota zero;I;20;Art. 125;03021400-200003-I-20;data/base-normativa.json;100%;Art. 125;DIVERGENTE;SIM;BLOQUEADA;o SVRS lista o NCM como VEDADO para 200003 | a lei exclui expressamente este NCM no item 20 da regra;NCM VEDADO no Portal para o código;nada (regra bloqueada: benefício impedido por vedação oficial)
97;03021400;200003;Alíquota zero;I;20;Art. 125;03021400-200003-I-20;data/base-normativa.json;100%;Art. 125;DIVERGENTE;SIM;BLOQUEADA;o SVRS lista o NCM como VEDADO para 200003 | a lei exclui expressamente este NCM no item 20 da regra;NCM VEDADO no Portal para o código;nada (regra bloqueada: benefício impedido por vedação oficial)
98;03021900;200003;Alíquota zero;I;20;Art. 125;03021900-200003-I-20;data/base-normativa.json;100%;Art. 125;DIVERGENTE;SIM;BLOQUEADA;o SVRS lista o NCM como VEDADO para 200003 | a lei exclui expressamente este NCM no item 20 da regra;NCM VEDADO no Portal para o código;nada (regra bloqueada: benefício impedido por vedação oficial)
99;03021900;200003;Alíquota zero;I;20;Art. 125;03021900-200003-I-20;data/base-normativa.json;100%;Art. 125;DIVERGENTE;SIM;BLOQUEADA;o SVRS lista o NCM como VEDADO para 200003 | a lei exclui expressamente este NCM no item 20 da regra;NCM VEDADO no Portal para o código;nada (regra bloqueada: benefício impedido por vedação oficial)
100;03022100;200003;Alíquota zero;I;20;Art. 125;03022100-200003-I-20;data/base-normativa.json;100%;Art. 125;CONFIRMADA;NÃO;IMPLEMENTADA_CONFIRMADA;;;nada
101;03022200;200003;Alíquota zero;I;20;Art. 125;03022200-200003-I-20;data/base-normativa.json;100%;Art. 125;CONFIRMADA;NÃO;IMPLEMENTADA_CONFIRMADA;;;nada
102;03022300;200003;Alíquota zero;I;20;Art. 125;03022300-200003-I-20;data/base-normativa.json;100%;Art. 125;CONFIRMADA;NÃO;IMPLEMENTADA_CONFIRMADA;;;nada
103;03022400;200003;Alíquota zero;I;20;Art. 125;03022400-200003-I-20;data/base-normativa.json;100%;Art. 125;CONFIRMADA;NÃO;IMPLEMENTADA_CONFIRMADA;;;nada
104;03022900;200003;Alíquota zero;I;20;Art. 125;03022900-200003-I-20;data/base-normativa.json;100%;Art. 125;CONFIRMADA;NÃO;IMPLEMENTADA_CONFIRMADA;;;nada
105;03023100;200003;Alíquota zero;I;20;Art. 125;03023100-200003-I-20;data/base-normativa.json;100%;Art. 125;DIVERGENTE;SIM;BLOQUEADA;o SVRS lista o NCM como VEDADO para 200003 | a lei exclui expressamente este NCM no item 20 da regra;NCM VEDADO no Portal para o código;nada (regra bloqueada: benefício impedido por vedação oficial)
106;03023100;200003;Alíquota zero;I;20;Art. 125;03023100-200003-I-20;data/base-normativa.json;100%;Art. 125;DIVERGENTE;SIM;BLOQUEADA;o SVRS lista o NCM como VEDADO para 200003 | a lei exclui expressamente este NCM no item 20 da regra;NCM VEDADO no Portal para o código;nada (regra bloqueada: benefício impedido por vedação oficial)
107;03023200;200003;Alíquota zero;I;20;Art. 125;03023200-200003-I-20;data/base-normativa.json;100%;Art. 125;DIVERGENTE;SIM;BLOQUEADA;o SVRS lista o NCM como VEDADO para 200003 | a lei exclui expressamente este NCM no item 20 da regra;NCM VEDADO no Portal para o código;nada (regra bloqueada: benefício impedido por vedação oficial)
108;03023200;200003;Alíquota zero;I;20;Art. 125;03023200-200003-I-20;data/base-normativa.json;100%;Art. 125;DIVERGENTE;SIM;BLOQUEADA;o SVRS lista o NCM como VEDADO para 200003 | a lei exclui expressamente este NCM no item 20 da regra;NCM VEDADO no Portal para o código;nada (regra bloqueada: benefício impedido por vedação oficial)
109;03023300;200003;Alíquota zero;I;20;Art. 125;03023300-200003-I-20;data/base-normativa.json;100%;Art. 125;DIVERGENTE;SIM;BLOQUEADA;o SVRS lista o NCM como VEDADO para 200003 | a lei exclui expressamente este NCM no item 20 da regra;NCM VEDADO no Portal para o código;nada (regra bloqueada: benefício impedido por vedação oficial)
110;03023300;200003;Alíquota zero;I;20;Art. 125;03023300-200003-I-20;data/base-normativa.json;100%;Art. 125;DIVERGENTE;SIM;BLOQUEADA;o SVRS lista o NCM como VEDADO para 200003 | a lei exclui expressamente este NCM no item 20 da regra;NCM VEDADO no Portal para o código;nada (regra bloqueada: benefício impedido por vedação oficial)
111;03023400;200003;Alíquota zero;I;20;Art. 125;03023400-200003-I-20;data/base-normativa.json;100%;Art. 125;DIVERGENTE;SIM;BLOQUEADA;o SVRS lista o NCM como VEDADO para 200003 | a lei exclui expressamente este NCM no item 20 da regra;NCM VEDADO no Portal para o código;nada (regra bloqueada: benefício impedido por vedação oficial)
112;03023400;200003;Alíquota zero;I;20;Art. 125;03023400-200003-I-20;data/base-normativa.json;100%;Art. 125;DIVERGENTE;SIM;BLOQUEADA;o SVRS lista o NCM como VEDADO para 200003 | a lei exclui expressamente este NCM no item 20 da regra;NCM VEDADO no Portal para o código;nada (regra bloqueada: benefício impedido por vedação oficial)
113;03023500;200003;Alíquota zero;I;20;Art. 125;03023500-200003-I-20;data/base-normativa.json;100%;Art. 125;DIVERGENTE;SIM;BLOQUEADA;o SVRS lista o NCM como VEDADO para 200003 | a lei exclui expressamente este NCM no item 20 da regra;NCM VEDADO no Portal para o código;nada (regra bloqueada: benefício impedido por vedação oficial)
114;03023500;200003;Alíquota zero;I;20;Art. 125;03023500-200003-I-20;data/base-normativa.json;100%;Art. 125;DIVERGENTE;SIM;BLOQUEADA;o SVRS lista o NCM como VEDADO para 200003 | a lei exclui expressamente este NCM no item 20 da regra;NCM VEDADO no Portal para o código;nada (regra bloqueada: benefício impedido por vedação oficial)
115;03023600;200003;Alíquota zero;I;20;Art. 125;03023600-200003-I-20;data/base-normativa.json;100%;Art. 125;DIVERGENTE;SIM;BLOQUEADA;o SVRS lista o NCM como VEDADO para 200003 | a lei exclui expressamente este NCM no item 20 da regra;NCM VEDADO no Portal para o código;nada (regra bloqueada: benefício impedido por vedação oficial)
116;03023600;200003;Alíquota zero;I;20;Art. 125;03023600-200003-I-20;data/base-normativa.json;100%;Art. 125;DIVERGENTE;SIM;BLOQUEADA;o SVRS lista o NCM como VEDADO para 200003 | a lei exclui expressamente este NCM no item 20 da regra;NCM VEDADO no Portal para o código;nada (regra bloqueada: benefício impedido por vedação oficial)
117;03023900;200003;Alíquota zero;I;20;Art. 125;03023900-200003-I-20;data/base-normativa.json;100%;Art. 125;DIVERGENTE;SIM;BLOQUEADA;o SVRS lista o NCM como VEDADO para 200003 | a lei exclui expressamente este NCM no item 20 da regra;NCM VEDADO no Portal para o código;nada (regra bloqueada: benefício impedido por vedação oficial)
118;03023900;200003;Alíquota zero;I;20;Art. 125;03023900-200003-I-20;data/base-normativa.json;100%;Art. 125;DIVERGENTE;SIM;BLOQUEADA;o SVRS lista o NCM como VEDADO para 200003 | a lei exclui expressamente este NCM no item 20 da regra;NCM VEDADO no Portal para o código;nada (regra bloqueada: benefício impedido por vedação oficial)
119;03024100;200003;Alíquota zero;I;20;Art. 125;03024100-200003-I-20;data/base-normativa.json;100%;Art. 125;CONFIRMADA;NÃO;IMPLEMENTADA_CONFIRMADA;;;nada
120;03024210;200003;Alíquota zero;I;20;Art. 125;03024210-200003-I-20;data/base-normativa.json;100%;Art. 125;CONFIRMADA;NÃO;IMPLEMENTADA_CONFIRMADA;;;nada
121;03024290;200003;Alíquota zero;I;20;Art. 125;03024290-200003-I-20;data/base-normativa.json;100%;Art. 125;CONFIRMADA;NÃO;IMPLEMENTADA_CONFIRMADA;;;nada
122;03024300;200003;Alíquota zero;I;20;Art. 125;03024300-200003-I-20;data/base-normativa.json;100%;Art. 125;CONFIRMADA;NÃO;IMPLEMENTADA_CONFIRMADA;;;nada
123;03024400;200003;Alíquota zero;I;20;Art. 125;03024400-200003-I-20;data/base-normativa.json;100%;Art. 125;CONFIRMADA;NÃO;IMPLEMENTADA_CONFIRMADA;;;nada
124;03024500;200003;Alíquota zero;I;20;Art. 125;03024500-200003-I-20;data/base-normativa.json;100%;Art. 125;CONFIRMADA;NÃO;IMPLEMENTADA_CONFIRMADA;;;nada
125;03024600;200003;Alíquota zero;I;20;Art. 125;03024600-200003-I-20;data/base-normativa.json;100%;Art. 125;CONFIRMADA;NÃO;IMPLEMENTADA_CONFIRMADA;;;nada
126;03024700;200003;Alíquota zero;I;20;Art. 125;03024700-200003-I-20;data/base-normativa.json;100%;Art. 125;CONFIRMADA;NÃO;IMPLEMENTADA_CONFIRMADA;;;nada
127;03024910;200003;Alíquota zero;I;20;Art. 125;03024910-200003-I-20;data/base-normativa.json;100%;Art. 125;CONFIRMADA;NÃO;IMPLEMENTADA_CONFIRMADA;;;nada
128;03024990;200003;Alíquota zero;I;20;Art. 125;03024990-200003-I-20;data/base-normativa.json;100%;Art. 125;CONFIRMADA;NÃO;IMPLEMENTADA_CONFIRMADA;;;nada
129;03025100;200003;Alíquota zero;I;20;Art. 125;03025100-200003-I-20;data/base-normativa.json;100%;Art. 125;DIVERGENTE;SIM;BLOQUEADA;o SVRS lista o NCM como VEDADO para 200003 | a lei exclui expressamente este NCM no item 20 da regra;NCM VEDADO no Portal para o código;nada (regra bloqueada: benefício impedido por vedação oficial)
130;03025100;200003;Alíquota zero;I;20;Art. 125;03025100-200003-I-20;data/base-normativa.json;100%;Art. 125;DIVERGENTE;SIM;BLOQUEADA;o SVRS lista o NCM como VEDADO para 200003 | a lei exclui expressamente este NCM no item 20 da regra;NCM VEDADO no Portal para o código;nada (regra bloqueada: benefício impedido por vedação oficial)
131;03025200;200003;Alíquota zero;I;20;Art. 125;03025200-200003-I-20;data/base-normativa.json;100%;Art. 125;DIVERGENTE;SIM;BLOQUEADA;o SVRS lista o NCM como VEDADO para 200003 | a lei exclui expressamente este NCM no item 20 da regra;NCM VEDADO no Portal para o código;nada (regra bloqueada: benefício impedido por vedação oficial)
132;03025200;200003;Alíquota zero;I;20;Art. 125;03025200-200003-I-20;data/base-normativa.json;100%;Art. 125;DIVERGENTE;SIM;BLOQUEADA;o SVRS lista o NCM como VEDADO para 200003 | a lei exclui expressamente este NCM no item 20 da regra;NCM VEDADO no Portal para o código;nada (regra bloqueada: benefício impedido por vedação oficial)
133;03025300;200003;Alíquota zero;I;20;Art. 125;03025300-200003-I-20;data/base-normativa.json;100%;Art. 125;DIVERGENTE;SIM;BLOQUEADA;o SVRS lista o NCM como VEDADO para 200003 | a lei exclui expressamente este NCM no item 20 da regra;NCM VEDADO no Portal para o código;nada (regra bloqueada: benefício impedido por vedação oficial)
134;03025300;200003;Alíquota zero;I;20;Art. 125;03025300-200003-I-20;data/base-normativa.json;100%;Art. 125;DIVERGENTE;SIM;BLOQUEADA;o SVRS lista o NCM como VEDADO para 200003 | a lei exclui expressamente este NCM no item 20 da regra;NCM VEDADO no Portal para o código;nada (regra bloqueada: benefício impedido por vedação oficial)
135;03025400;200003;Alíquota zero;I;20;Art. 125;03025400-200003-I-20;data/base-normativa.json;100%;Art. 125;CONFIRMADA;NÃO;IMPLEMENTADA_CONFIRMADA;;;nada
136;03025500;200003;Alíquota zero;I;20;Art. 125;03025500-200003-I-20;data/base-normativa.json;100%;Art. 125;CONFIRMADA;NÃO;IMPLEMENTADA_CONFIRMADA;;;nada
137;03025600;200003;Alíquota zero;I;20;Art. 125;03025600-200003-I-20;data/base-normativa.json;100%;Art. 125;CONFIRMADA;NÃO;IMPLEMENTADA_CONFIRMADA;;;nada
138;03025900;200003;Alíquota zero;I;20;Art. 125;03025900-200003-I-20;data/base-normativa.json;100%;Art. 125;CONFIRMADA;NÃO;IMPLEMENTADA_CONFIRMADA;;;nada
139;03027100;200003;Alíquota zero;I;20;Art. 125;03027100-200003-I-20;data/base-normativa.json;100%;Art. 125;CONFIRMADA;NÃO;IMPLEMENTADA_CONFIRMADA;;;nada
140;03027210;200003;Alíquota zero;I;20;Art. 125;03027210-200003-I-20;data/base-normativa.json;100%;Art. 125;CONFIRMADA;NÃO;IMPLEMENTADA_CONFIRMADA;;;nada
141;03027290;200003;Alíquota zero;I;20;Art. 125;03027290-200003-I-20;data/base-normativa.json;100%;Art. 125;CONFIRMADA;NÃO;IMPLEMENTADA_CONFIRMADA;;;nada
142;03027300;200003;Alíquota zero;I;20;Art. 125;03027300-200003-I-20;data/base-normativa.json;100%;Art. 125;CONFIRMADA;NÃO;IMPLEMENTADA_CONFIRMADA;;;nada
143;03027400;200003;Alíquota zero;I;20;Art. 125;03027400-200003-I-20;data/base-normativa.json;100%;Art. 125;CONFIRMADA;NÃO;IMPLEMENTADA_CONFIRMADA;;;nada
144;03027900;200003;Alíquota zero;I;20;Art. 125;03027900-200003-I-20;data/base-normativa.json;100%;Art. 125;CONFIRMADA;NÃO;IMPLEMENTADA_CONFIRMADA;;;nada
145;03028100;200003;Alíquota zero;I;20;Art. 125;03028100-200003-I-20;data/base-normativa.json;100%;Art. 125;CONFIRMADA;NÃO;IMPLEMENTADA_CONFIRMADA;;;nada
146;03028200;200003;Alíquota zero;I;20;Art. 125;03028200-200003-I-20;data/base-normativa.json;100%;Art. 125;CONFIRMADA;NÃO;IMPLEMENTADA_CONFIRMADA;;;nada
147;03028310;200003;Alíquota zero;I;20;Art. 125;03028310-200003-I-20;data/base-normativa.json;100%;Art. 125;CONFIRMADA;NÃO;IMPLEMENTADA_CONFIRMADA;;;nada
148;03028320;200003;Alíquota zero;I;20;Art. 125;03028320-200003-I-20;data/base-normativa.json;100%;Art. 125;CONFIRMADA;NÃO;IMPLEMENTADA_CONFIRMADA;;;nada
149;03028400;200003;Alíquota zero;I;20;Art. 125;03028400-200003-I-20;data/base-normativa.json;100%;Art. 125;CONFIRMADA;NÃO;IMPLEMENTADA_CONFIRMADA;;;nada
150;03028500;200003;Alíquota zero;I;20;Art. 125;03028500-200003-I-20;data/base-normativa.json;100%;Art. 125;CONFIRMADA;NÃO;IMPLEMENTADA_CONFIRMADA;;;nada
151;03028910;200003;Alíquota zero;I;20;Art. 125;03028910-200003-I-20;data/base-normativa.json;100%;Art. 125;CONFIRMADA;NÃO;IMPLEMENTADA_CONFIRMADA;;;nada
152;03028921;200003;Alíquota zero;I;20;Art. 125;03028921-200003-I-20;data/base-normativa.json;100%;Art. 125;CONFIRMADA;NÃO;IMPLEMENTADA_CONFIRMADA;;;nada
153;03028922;200003;Alíquota zero;I;20;Art. 125;03028922-200003-I-20;data/base-normativa.json;100%;Art. 125;CONFIRMADA;NÃO;IMPLEMENTADA_CONFIRMADA;;;nada
154;03028923;200003;Alíquota zero;I;20;Art. 125;03028923-200003-I-20;data/base-normativa.json;100%;Art. 125;CONFIRMADA;NÃO;IMPLEMENTADA_CONFIRMADA;;;nada
155;03028924;200003;Alíquota zero;I;20;Art. 125;03028924-200003-I-20;data/base-normativa.json;100%;Art. 125;CONFIRMADA;NÃO;IMPLEMENTADA_CONFIRMADA;;;nada
156;03028931;200003;Alíquota zero;I;20;Art. 125;03028931-200003-I-20;data/base-normativa.json;100%;Art. 125;CONFIRMADA;NÃO;IMPLEMENTADA_CONFIRMADA;;;nada
157;03028932;200003;Alíquota zero;I;20;Art. 125;03028932-200003-I-20;data/base-normativa.json;100%;Art. 125;CONFIRMADA;NÃO;IMPLEMENTADA_CONFIRMADA;;;nada
158;03028933;200003;Alíquota zero;I;20;Art. 125;03028933-200003-I-20;data/base-normativa.json;100%;Art. 125;CONFIRMADA;NÃO;IMPLEMENTADA_CONFIRMADA;;;nada
159;03028934;200003;Alíquota zero;I;20;Art. 125;03028934-200003-I-20;data/base-normativa.json;100%;Art. 125;CONFIRMADA;NÃO;IMPLEMENTADA_CONFIRMADA;;;nada
160;03028935;200003;Alíquota zero;I;20;Art. 125;03028935-200003-I-20;data/base-normativa.json;100%;Art. 125;CONFIRMADA;NÃO;IMPLEMENTADA_CONFIRMADA;;;nada
161;03028936;200003;Alíquota zero;I;20;Art. 125;03028936-200003-I-20;data/base-normativa.json;100%;Art. 125;CONFIRMADA;NÃO;IMPLEMENTADA_CONFIRMADA;;;nada
162;03028937;200003;Alíquota zero;I;20;Art. 125;03028937-200003-I-20;data/base-normativa.json;100%;Art. 125;CONFIRMADA;NÃO;IMPLEMENTADA_CONFIRMADA;;;nada
163;03028938;200003;Alíquota zero;I;20;Art. 125;03028938-200003-I-20;data/base-normativa.json;100%;Art. 125;CONFIRMADA;NÃO;IMPLEMENTADA_CONFIRMADA;;;nada
164;03028941;200003;Alíquota zero;I;20;Art. 125;03028941-200003-I-20;data/base-normativa.json;100%;Art. 125;CONFIRMADA;NÃO;IMPLEMENTADA_CONFIRMADA;;;nada
165;03028942;200003;Alíquota zero;I;20;Art. 125;03028942-200003-I-20;data/base-normativa.json;100%;Art. 125;CONFIRMADA;NÃO;IMPLEMENTADA_CONFIRMADA;;;nada
166;03028943;200003;Alíquota zero;I;20;Art. 125;03028943-200003-I-20;data/base-normativa.json;100%;Art. 125;CONFIRMADA;NÃO;IMPLEMENTADA_CONFIRMADA;;;nada
167;03028944;200003;Alíquota zero;I;20;Art. 125;03028944-200003-I-20;data/base-normativa.json;100%;Art. 125;CONFIRMADA;NÃO;IMPLEMENTADA_CONFIRMADA;;;nada
168;03028945;200003;Alíquota zero;I;20;Art. 125;03028945-200003-I-20;data/base-normativa.json;100%;Art. 125;CONFIRMADA;NÃO;IMPLEMENTADA_CONFIRMADA;;;nada
169;03028990;200003;Alíquota zero;I;20;Art. 125;03028990-200003-I-20;data/base-normativa.json;100%;Art. 125;CONFIRMADA;NÃO;IMPLEMENTADA_CONFIRMADA;;;nada
170;03029110;200003;Alíquota zero;I;20;Art. 125;03029110-200003-I-20;data/base-normativa.json;100%;Art. 125;DIVERGENTE;SIM;BLOQUEADA;o SVRS lista o NCM como VEDADO para 200003 | a lei exclui expressamente este NCM no item 20 da regra;NCM VEDADO no Portal para o código;nada (regra bloqueada: benefício impedido por vedação oficial)
171;03029110;200003;Alíquota zero;I;20;Art. 125;03029110-200003-I-20;data/base-normativa.json;100%;Art. 125;DIVERGENTE;SIM;BLOQUEADA;o SVRS lista o NCM como VEDADO para 200003 | a lei exclui expressamente este NCM no item 20 da regra;NCM VEDADO no Portal para o código;nada (regra bloqueada: benefício impedido por vedação oficial)
172;03029190;200003;Alíquota zero;I;20;Art. 125;03029190-200003-I-20;data/base-normativa.json;100%;Art. 125;DIVERGENTE;SIM;BLOQUEADA;o SVRS lista o NCM como VEDADO para 200003 | a lei exclui expressamente este NCM no item 20 da regra;NCM VEDADO no Portal para o código;nada (regra bloqueada: benefício impedido por vedação oficial)
173;03029190;200003;Alíquota zero;I;20;Art. 125;03029190-200003-I-20;data/base-normativa.json;100%;Art. 125;DIVERGENTE;SIM;BLOQUEADA;o SVRS lista o NCM como VEDADO para 200003 | a lei exclui expressamente este NCM no item 20 da regra;NCM VEDADO no Portal para o código;nada (regra bloqueada: benefício impedido por vedação oficial)
174;03029200;200003;Alíquota zero;I;20;Art. 125;03029200-200003-I-20;data/base-normativa.json;100%;Art. 125;DIVERGENTE;SIM;BLOQUEADA;o SVRS lista o NCM como VEDADO para 200003 | a lei exclui expressamente este NCM no item 20 da regra;NCM VEDADO no Portal para o código;nada (regra bloqueada: benefício impedido por vedação oficial)
175;03029200;200003;Alíquota zero;I;20;Art. 125;03029200-200003-I-20;data/base-normativa.json;100%;Art. 125;DIVERGENTE;SIM;BLOQUEADA;o SVRS lista o NCM como VEDADO para 200003 | a lei exclui expressamente este NCM no item 20 da regra;NCM VEDADO no Portal para o código;nada (regra bloqueada: benefício impedido por vedação oficial)
176;03029900;200003;Alíquota zero;I;20;Art. 125;03029900-200003-I-20;data/base-normativa.json;100%;Art. 125;DIVERGENTE;SIM;BLOQUEADA;o SVRS lista o NCM como VEDADO para 200003 | a lei exclui expressamente este NCM no item 20 da regra;NCM VEDADO no Portal para o código;nada (regra bloqueada: benefício impedido por vedação oficial)
177;03029900;200003;Alíquota zero;I;20;Art. 125;03029900-200003-I-20;data/base-normativa.json;100%;Art. 125;DIVERGENTE;SIM;BLOQUEADA;o SVRS lista o NCM como VEDADO para 200003 | a lei exclui expressamente este NCM no item 20 da regra;NCM VEDADO no Portal para o código;nada (regra bloqueada: benefício impedido por vedação oficial)
178;03031100;200003;Alíquota zero;I;20;Art. 125;03031100-200003-I-20;data/base-normativa.json;100%;Art. 125;DIVERGENTE;SIM;BLOQUEADA;o SVRS lista o NCM como VEDADO para 200003 | a lei exclui expressamente este NCM no item 20 da regra;NCM VEDADO no Portal para o código;nada (regra bloqueada: benefício impedido por vedação oficial)
179;03031100;200003;Alíquota zero;I;20;Art. 125;03031100-200003-I-20;data/base-normativa.json;100%;Art. 125;DIVERGENTE;SIM;BLOQUEADA;o SVRS lista o NCM como VEDADO para 200003 | a lei exclui expressamente este NCM no item 20 da regra;NCM VEDADO no Portal para o código;nada (regra bloqueada: benefício impedido por vedação oficial)
180;03031200;200003;Alíquota zero;I;20;Art. 125;03031200-200003-I-20;data/base-normativa.json;100%;Art. 125;DIVERGENTE;SIM;BLOQUEADA;o SVRS lista o NCM como VEDADO para 200003 | a lei exclui expressamente este NCM no item 20 da regra;NCM VEDADO no Portal para o código;nada (regra bloqueada: benefício impedido por vedação oficial)
181;03031200;200003;Alíquota zero;I;20;Art. 125;03031200-200003-I-20;data/base-normativa.json;100%;Art. 125;DIVERGENTE;SIM;BLOQUEADA;o SVRS lista o NCM como VEDADO para 200003 | a lei exclui expressamente este NCM no item 20 da regra;NCM VEDADO no Portal para o código;nada (regra bloqueada: benefício impedido por vedação oficial)
182;03031300;200003;Alíquota zero;I;20;Art. 125;03031300-200003-I-20;data/base-normativa.json;100%;Art. 125;DIVERGENTE;SIM;BLOQUEADA;o SVRS lista o NCM como VEDADO para 200003 | a lei exclui expressamente este NCM no item 20 da regra;NCM VEDADO no Portal para o código;nada (regra bloqueada: benefício impedido por vedação oficial)
183;03031300;200003;Alíquota zero;I;20;Art. 125;03031300-200003-I-20;data/base-normativa.json;100%;Art. 125;DIVERGENTE;SIM;BLOQUEADA;o SVRS lista o NCM como VEDADO para 200003 | a lei exclui expressamente este NCM no item 20 da regra;NCM VEDADO no Portal para o código;nada (regra bloqueada: benefício impedido por vedação oficial)
184;03031400;200003;Alíquota zero;I;20;Art. 125;03031400-200003-I-20;data/base-normativa.json;100%;Art. 125;DIVERGENTE;SIM;BLOQUEADA;o SVRS lista o NCM como VEDADO para 200003 | a lei exclui expressamente este NCM no item 20 da regra;NCM VEDADO no Portal para o código;nada (regra bloqueada: benefício impedido por vedação oficial)
185;03031400;200003;Alíquota zero;I;20;Art. 125;03031400-200003-I-20;data/base-normativa.json;100%;Art. 125;DIVERGENTE;SIM;BLOQUEADA;o SVRS lista o NCM como VEDADO para 200003 | a lei exclui expressamente este NCM no item 20 da regra;NCM VEDADO no Portal para o código;nada (regra bloqueada: benefício impedido por vedação oficial)
186;03031900;200003;Alíquota zero;I;20;Art. 125;03031900-200003-I-20;data/base-normativa.json;100%;Art. 125;DIVERGENTE;SIM;BLOQUEADA;o SVRS lista o NCM como VEDADO para 200003 | a lei exclui expressamente este NCM no item 20 da regra;NCM VEDADO no Portal para o código;nada (regra bloqueada: benefício impedido por vedação oficial)
187;03031900;200003;Alíquota zero;I;20;Art. 125;03031900-200003-I-20;data/base-normativa.json;100%;Art. 125;DIVERGENTE;SIM;BLOQUEADA;o SVRS lista o NCM como VEDADO para 200003 | a lei exclui expressamente este NCM no item 20 da regra;NCM VEDADO no Portal para o código;nada (regra bloqueada: benefício impedido por vedação oficial)
188;03032300;200003;Alíquota zero;I;20;Art. 125;03032300-200003-I-20;data/base-normativa.json;100%;Art. 125;CONFIRMADA;NÃO;IMPLEMENTADA_CONFIRMADA;;;nada
189;03032410;200003;Alíquota zero;I;20;Art. 125;03032410-200003-I-20;data/base-normativa.json;100%;Art. 125;CONFIRMADA;NÃO;IMPLEMENTADA_CONFIRMADA;;;nada
190;03032490;200003;Alíquota zero;I;20;Art. 125;03032490-200003-I-20;data/base-normativa.json;100%;Art. 125;CONFIRMADA;NÃO;IMPLEMENTADA_CONFIRMADA;;;nada
191;03032500;200003;Alíquota zero;I;20;Art. 125;03032500-200003-I-20;data/base-normativa.json;100%;Art. 125;CONFIRMADA;NÃO;IMPLEMENTADA_CONFIRMADA;;;nada
192;03032600;200003;Alíquota zero;I;20;Art. 125;03032600-200003-I-20;data/base-normativa.json;100%;Art. 125;CONFIRMADA;NÃO;IMPLEMENTADA_CONFIRMADA;;;nada
193;03032900;200003;Alíquota zero;I;20;Art. 125;03032900-200003-I-20;data/base-normativa.json;100%;Art. 125;CONFIRMADA;NÃO;IMPLEMENTADA_CONFIRMADA;;;nada
194;03033100;200003;Alíquota zero;I;20;Art. 125;03033100-200003-I-20;data/base-normativa.json;100%;Art. 125;CONFIRMADA;NÃO;IMPLEMENTADA_CONFIRMADA;;;nada
195;03033200;200003;Alíquota zero;I;20;Art. 125;03033200-200003-I-20;data/base-normativa.json;100%;Art. 125;CONFIRMADA;NÃO;IMPLEMENTADA_CONFIRMADA;;;nada
196;03033300;200003;Alíquota zero;I;20;Art. 125;03033300-200003-I-20;data/base-normativa.json;100%;Art. 125;CONFIRMADA;NÃO;IMPLEMENTADA_CONFIRMADA;;;nada
197;03033400;200003;Alíquota zero;I;20;Art. 125;03033400-200003-I-20;data/base-normativa.json;100%;Art. 125;CONFIRMADA;NÃO;IMPLEMENTADA_CONFIRMADA;;;nada
198;03033900;200003;Alíquota zero;I;20;Art. 125;03033900-200003-I-20;data/base-normativa.json;100%;Art. 125;CONFIRMADA;NÃO;IMPLEMENTADA_CONFIRMADA;;;nada
199;03034100;200003;Alíquota zero;I;20;Art. 125;03034100-200003-I-20;data/base-normativa.json;100%;Art. 125;DIVERGENTE;SIM;BLOQUEADA;o SVRS lista o NCM como VEDADO para 200003 | a lei exclui expressamente este NCM no item 20 da regra;NCM VEDADO no Portal para o código;nada (regra bloqueada: benefício impedido por vedação oficial)
200;03034100;200003;Alíquota zero;I;20;Art. 125;03034100-200003-I-20;data/base-normativa.json;100%;Art. 125;DIVERGENTE;SIM;BLOQUEADA;o SVRS lista o NCM como VEDADO para 200003 | a lei exclui expressamente este NCM no item 20 da regra;NCM VEDADO no Portal para o código;nada (regra bloqueada: benefício impedido por vedação oficial)
201;03034200;200003;Alíquota zero;I;20;Art. 125;03034200-200003-I-20;data/base-normativa.json;100%;Art. 125;DIVERGENTE;SIM;BLOQUEADA;o SVRS lista o NCM como VEDADO para 200003 | a lei exclui expressamente este NCM no item 20 da regra;NCM VEDADO no Portal para o código;nada (regra bloqueada: benefício impedido por vedação oficial)
202;03034200;200003;Alíquota zero;I;20;Art. 125;03034200-200003-I-20;data/base-normativa.json;100%;Art. 125;DIVERGENTE;SIM;BLOQUEADA;o SVRS lista o NCM como VEDADO para 200003 | a lei exclui expressamente este NCM no item 20 da regra;NCM VEDADO no Portal para o código;nada (regra bloqueada: benefício impedido por vedação oficial)
203;03034300;200003;Alíquota zero;I;20;Art. 125;03034300-200003-I-20;data/base-normativa.json;100%;Art. 125;DIVERGENTE;SIM;BLOQUEADA;o SVRS lista o NCM como VEDADO para 200003 | a lei exclui expressamente este NCM no item 20 da regra;NCM VEDADO no Portal para o código;nada (regra bloqueada: benefício impedido por vedação oficial)
204;03034300;200003;Alíquota zero;I;20;Art. 125;03034300-200003-I-20;data/base-normativa.json;100%;Art. 125;DIVERGENTE;SIM;BLOQUEADA;o SVRS lista o NCM como VEDADO para 200003 | a lei exclui expressamente este NCM no item 20 da regra;NCM VEDADO no Portal para o código;nada (regra bloqueada: benefício impedido por vedação oficial)
205;03034400;200003;Alíquota zero;I;20;Art. 125;03034400-200003-I-20;data/base-normativa.json;100%;Art. 125;DIVERGENTE;SIM;BLOQUEADA;o SVRS lista o NCM como VEDADO para 200003 | a lei exclui expressamente este NCM no item 20 da regra;NCM VEDADO no Portal para o código;nada (regra bloqueada: benefício impedido por vedação oficial)
206;03034400;200003;Alíquota zero;I;20;Art. 125;03034400-200003-I-20;data/base-normativa.json;100%;Art. 125;DIVERGENTE;SIM;BLOQUEADA;o SVRS lista o NCM como VEDADO para 200003 | a lei exclui expressamente este NCM no item 20 da regra;NCM VEDADO no Portal para o código;nada (regra bloqueada: benefício impedido por vedação oficial)
207;03034500;200003;Alíquota zero;I;20;Art. 125;03034500-200003-I-20;data/base-normativa.json;100%;Art. 125;DIVERGENTE;SIM;BLOQUEADA;o SVRS lista o NCM como VEDADO para 200003 | a lei exclui expressamente este NCM no item 20 da regra;NCM VEDADO no Portal para o código;nada (regra bloqueada: benefício impedido por vedação oficial)
208;03034500;200003;Alíquota zero;I;20;Art. 125;03034500-200003-I-20;data/base-normativa.json;100%;Art. 125;DIVERGENTE;SIM;BLOQUEADA;o SVRS lista o NCM como VEDADO para 200003 | a lei exclui expressamente este NCM no item 20 da regra;NCM VEDADO no Portal para o código;nada (regra bloqueada: benefício impedido por vedação oficial)
209;03034600;200003;Alíquota zero;I;20;Art. 125;03034600-200003-I-20;data/base-normativa.json;100%;Art. 125;DIVERGENTE;SIM;BLOQUEADA;o SVRS lista o NCM como VEDADO para 200003 | a lei exclui expressamente este NCM no item 20 da regra;NCM VEDADO no Portal para o código;nada (regra bloqueada: benefício impedido por vedação oficial)
210;03034600;200003;Alíquota zero;I;20;Art. 125;03034600-200003-I-20;data/base-normativa.json;100%;Art. 125;DIVERGENTE;SIM;BLOQUEADA;o SVRS lista o NCM como VEDADO para 200003 | a lei exclui expressamente este NCM no item 20 da regra;NCM VEDADO no Portal para o código;nada (regra bloqueada: benefício impedido por vedação oficial)
211;03034900;200003;Alíquota zero;I;20;Art. 125;03034900-200003-I-20;data/base-normativa.json;100%;Art. 125;DIVERGENTE;SIM;BLOQUEADA;o SVRS lista o NCM como VEDADO para 200003 | a lei exclui expressamente este NCM no item 20 da regra;NCM VEDADO no Portal para o código;nada (regra bloqueada: benefício impedido por vedação oficial)
212;03034900;200003;Alíquota zero;I;20;Art. 125;03034900-200003-I-20;data/base-normativa.json;100%;Art. 125;DIVERGENTE;SIM;BLOQUEADA;o SVRS lista o NCM como VEDADO para 200003 | a lei exclui expressamente este NCM no item 20 da regra;NCM VEDADO no Portal para o código;nada (regra bloqueada: benefício impedido por vedação oficial)
213;03035100;200003;Alíquota zero;I;20;Art. 125;03035100-200003-I-20;data/base-normativa.json;100%;Art. 125;CONFIRMADA;NÃO;IMPLEMENTADA_CONFIRMADA;;;nada
214;03035300;200003;Alíquota zero;I;20;Art. 125;03035300-200003-I-20;data/base-normativa.json;100%;Art. 125;CONFIRMADA;NÃO;IMPLEMENTADA_CONFIRMADA;;;nada
215;03035400;200003;Alíquota zero;I;20;Art. 125;03035400-200003-I-20;data/base-normativa.json;100%;Art. 125;CONFIRMADA;NÃO;IMPLEMENTADA_CONFIRMADA;;;nada
216;03035500;200003;Alíquota zero;I;20;Art. 125;03035500-200003-I-20;data/base-normativa.json;100%;Art. 125;CONFIRMADA;NÃO;IMPLEMENTADA_CONFIRMADA;;;nada
217;03035600;200003;Alíquota zero;I;20;Art. 125;03035600-200003-I-20;data/base-normativa.json;100%;Art. 125;CONFIRMADA;NÃO;IMPLEMENTADA_CONFIRMADA;;;nada
218;03035700;200003;Alíquota zero;I;20;Art. 125;03035700-200003-I-20;data/base-normativa.json;100%;Art. 125;CONFIRMADA;NÃO;IMPLEMENTADA_CONFIRMADA;;;nada
219;03035910;200003;Alíquota zero;I;20;Art. 125;03035910-200003-I-20;data/base-normativa.json;100%;Art. 125;CONFIRMADA;NÃO;IMPLEMENTADA_CONFIRMADA;;;nada
220;03035920;200003;Alíquota zero;I;20;Art. 125;03035920-200003-I-20;data/base-normativa.json;100%;Art. 125;CONFIRMADA;NÃO;IMPLEMENTADA_CONFIRMADA;;;nada
221;03035990;200003;Alíquota zero;I;20;Art. 125;03035990-200003-I-20;data/base-normativa.json;100%;Art. 125;CONFIRMADA;NÃO;IMPLEMENTADA_CONFIRMADA;;;nada
222;03036300;200003;Alíquota zero;I;20;Art. 125;03036300-200003-I-20;data/base-normativa.json;100%;Art. 125;DIVERGENTE;SIM;BLOQUEADA;o SVRS lista o NCM como VEDADO para 200003 | a lei exclui expressamente este NCM no item 20 da regra;NCM VEDADO no Portal para o código;nada (regra bloqueada: benefício impedido por vedação oficial)
223;03036300;200003;Alíquota zero;I;20;Art. 125;03036300-200003-I-20;data/base-normativa.json;100%;Art. 125;DIVERGENTE;SIM;BLOQUEADA;o SVRS lista o NCM como VEDADO para 200003 | a lei exclui expressamente este NCM no item 20 da regra;NCM VEDADO no Portal para o código;nada (regra bloqueada: benefício impedido por vedação oficial)
224;03036400;200003;Alíquota zero;I;20;Art. 125;03036400-200003-I-20;data/base-normativa.json;100%;Art. 125;DIVERGENTE;SIM;BLOQUEADA;o SVRS lista o NCM como VEDADO para 200003 | a lei exclui expressamente este NCM no item 20 da regra;NCM VEDADO no Portal para o código;nada (regra bloqueada: benefício impedido por vedação oficial)
225;03036400;200003;Alíquota zero;I;20;Art. 125;03036400-200003-I-20;data/base-normativa.json;100%;Art. 125;DIVERGENTE;SIM;BLOQUEADA;o SVRS lista o NCM como VEDADO para 200003 | a lei exclui expressamente este NCM no item 20 da regra;NCM VEDADO no Portal para o código;nada (regra bloqueada: benefício impedido por vedação oficial)
226;03036500;200003;Alíquota zero;I;20;Art. 125;03036500-200003-I-20;data/base-normativa.json;100%;Art. 125;DIVERGENTE;SIM;BLOQUEADA;o SVRS lista o NCM como VEDADO para 200003 | a lei exclui expressamente este NCM no item 20 da regra;NCM VEDADO no Portal para o código;nada (regra bloqueada: benefício impedido por vedação oficial)
227;03036500;200003;Alíquota zero;I;20;Art. 125;03036500-200003-I-20;data/base-normativa.json;100%;Art. 125;DIVERGENTE;SIM;BLOQUEADA;o SVRS lista o NCM como VEDADO para 200003 | a lei exclui expressamente este NCM no item 20 da regra;NCM VEDADO no Portal para o código;nada (regra bloqueada: benefício impedido por vedação oficial)
228;03036600;200003;Alíquota zero;I;20;Art. 125;03036600-200003-I-20;data/base-normativa.json;100%;Art. 125;CONFIRMADA;NÃO;IMPLEMENTADA_CONFIRMADA;;;nada
229;03036700;200003;Alíquota zero;I;20;Art. 125;03036700-200003-I-20;data/base-normativa.json;100%;Art. 125;CONFIRMADA;NÃO;IMPLEMENTADA_CONFIRMADA;;;nada
230;03036800;200003;Alíquota zero;I;20;Art. 125;03036800-200003-I-20;data/base-normativa.json;100%;Art. 125;CONFIRMADA;NÃO;IMPLEMENTADA_CONFIRMADA;;;nada
231;03036910;200003;Alíquota zero;I;20;Art. 125;03036910-200003-I-20;data/base-normativa.json;100%;Art. 125;CONFIRMADA;NÃO;IMPLEMENTADA_CONFIRMADA;;;nada
232;03036990;200003;Alíquota zero;I;20;Art. 125;03036990-200003-I-20;data/base-normativa.json;100%;Art. 125;CONFIRMADA;NÃO;IMPLEMENTADA_CONFIRMADA;;;nada
233;03038111;200003;Alíquota zero;I;20;Art. 125;03038111-200003-I-20;data/base-normativa.json;100%;Art. 125;CONFIRMADA;NÃO;IMPLEMENTADA_CONFIRMADA;;;nada
234;03038112;200003;Alíquota zero;I;20;Art. 125;03038112-200003-I-20;data/base-normativa.json;100%;Art. 125;CONFIRMADA;NÃO;IMPLEMENTADA_CONFIRMADA;;;nada
235;03038113;200003;Alíquota zero;I;20;Art. 125;03038113-200003-I-20;data/base-normativa.json;100%;Art. 125;CONFIRMADA;NÃO;IMPLEMENTADA_CONFIRMADA;;;nada
236;03038114;200003;Alíquota zero;I;20;Art. 125;03038114-200003-I-20;data/base-normativa.json;100%;Art. 125;CONFIRMADA;NÃO;IMPLEMENTADA_CONFIRMADA;;;nada
237;03038119;200003;Alíquota zero;I;20;Art. 125;03038119-200003-I-20;data/base-normativa.json;100%;Art. 125;CONFIRMADA;NÃO;IMPLEMENTADA_CONFIRMADA;;;nada
238;03038190;200003;Alíquota zero;I;20;Art. 125;03038190-200003-I-20;data/base-normativa.json;100%;Art. 125;CONFIRMADA;NÃO;IMPLEMENTADA_CONFIRMADA;;;nada
239;03038200;200003;Alíquota zero;I;20;Art. 125;03038200-200003-I-20;data/base-normativa.json;100%;Art. 125;CONFIRMADA;NÃO;IMPLEMENTADA_CONFIRMADA;;;nada
240;03038311;200003;Alíquota zero;I;20;Art. 125;03038311-200003-I-20;data/base-normativa.json;100%;Art. 125;CONFIRMADA;NÃO;IMPLEMENTADA_CONFIRMADA;;;nada
241;03038319;200003;Alíquota zero;I;20;Art. 125;03038319-200003-I-20;data/base-normativa.json;100%;Art. 125;CONFIRMADA;NÃO;IMPLEMENTADA_CONFIRMADA;;;nada
242;03038321;200003;Alíquota zero;I;20;Art. 125;03038321-200003-I-20;data/base-normativa.json;100%;Art. 125;CONFIRMADA;NÃO;IMPLEMENTADA_CONFIRMADA;;;nada
243;03038329;200003;Alíquota zero;I;20;Art. 125;03038329-200003-I-20;data/base-normativa.json;100%;Art. 125;CONFIRMADA;NÃO;IMPLEMENTADA_CONFIRMADA;;;nada
244;03038400;200003;Alíquota zero;I;20;Art. 125;03038400-200003-I-20;data/base-normativa.json;100%;Art. 125;CONFIRMADA;NÃO;IMPLEMENTADA_CONFIRMADA;;;nada
245;03038910;200003;Alíquota zero;I;20;Art. 125;03038910-200003-I-20;data/base-normativa.json;100%;Art. 125;CONFIRMADA;NÃO;IMPLEMENTADA_CONFIRMADA;;;nada
246;03038920;200003;Alíquota zero;I;20;Art. 125;03038920-200003-I-20;data/base-normativa.json;100%;Art. 125;CONFIRMADA;NÃO;IMPLEMENTADA_CONFIRMADA;;;nada
247;03038932;200003;Alíquota zero;I;20;Art. 125;03038932-200003-I-20;data/base-normativa.json;100%;Art. 125;CONFIRMADA;NÃO;IMPLEMENTADA_CONFIRMADA;;;nada
248;03038933;200003;Alíquota zero;I;20;Art. 125;03038933-200003-I-20;data/base-normativa.json;100%;Art. 125;CONFIRMADA;NÃO;IMPLEMENTADA_CONFIRMADA;;;nada
249;03038941;200003;Alíquota zero;I;20;Art. 125;03038941-200003-I-20;data/base-normativa.json;100%;Art. 125;CONFIRMADA;NÃO;IMPLEMENTADA_CONFIRMADA;;;nada
250;03038942;200003;Alíquota zero;I;20;Art. 125;03038942-200003-I-20;data/base-normativa.json;100%;Art. 125;CONFIRMADA;NÃO;IMPLEMENTADA_CONFIRMADA;;;nada
251;03038943;200003;Alíquota zero;I;20;Art. 125;03038943-200003-I-20;data/base-normativa.json;100%;Art. 125;CONFIRMADA;NÃO;IMPLEMENTADA_CONFIRMADA;;;nada
252;03038944;200003;Alíquota zero;I;20;Art. 125;03038944-200003-I-20;data/base-normativa.json;100%;Art. 125;CONFIRMADA;NÃO;IMPLEMENTADA_CONFIRMADA;;;nada
253;03038945;200003;Alíquota zero;I;20;Art. 125;03038945-200003-I-20;data/base-normativa.json;100%;Art. 125;CONFIRMADA;NÃO;IMPLEMENTADA_CONFIRMADA;;;nada
254;03038946;200003;Alíquota zero;I;20;Art. 125;03038946-200003-I-20;data/base-normativa.json;100%;Art. 125;CONFIRMADA;NÃO;IMPLEMENTADA_CONFIRMADA;;;nada
255;03038951;200003;Alíquota zero;I;20;Art. 125;03038951-200003-I-20;data/base-normativa.json;100%;Art. 125;CONFIRMADA;NÃO;IMPLEMENTADA_CONFIRMADA;;;nada
256;03038952;200003;Alíquota zero;I;20;Art. 125;03038952-200003-I-20;data/base-normativa.json;100%;Art. 125;CONFIRMADA;NÃO;IMPLEMENTADA_CONFIRMADA;;;nada
257;03038953;200003;Alíquota zero;I;20;Art. 125;03038953-200003-I-20;data/base-normativa.json;100%;Art. 125;CONFIRMADA;NÃO;IMPLEMENTADA_CONFIRMADA;;;nada
258;03038954;200003;Alíquota zero;I;20;Art. 125;03038954-200003-I-20;data/base-normativa.json;100%;Art. 125;CONFIRMADA;NÃO;IMPLEMENTADA_CONFIRMADA;;;nada
259;03038955;200003;Alíquota zero;I;20;Art. 125;03038955-200003-I-20;data/base-normativa.json;100%;Art. 125;CONFIRMADA;NÃO;IMPLEMENTADA_CONFIRMADA;;;nada
260;03038956;200003;Alíquota zero;I;20;Art. 125;03038956-200003-I-20;data/base-normativa.json;100%;Art. 125;CONFIRMADA;NÃO;IMPLEMENTADA_CONFIRMADA;;;nada
261;03038961;200003;Alíquota zero;I;20;Art. 125;03038961-200003-I-20;data/base-normativa.json;100%;Art. 125;CONFIRMADA;NÃO;IMPLEMENTADA_CONFIRMADA;;;nada
262;03038962;200003;Alíquota zero;I;20;Art. 125;03038962-200003-I-20;data/base-normativa.json;100%;Art. 125;CONFIRMADA;NÃO;IMPLEMENTADA_CONFIRMADA;;;nada
263;03038963;200003;Alíquota zero;I;20;Art. 125;03038963-200003-I-20;data/base-normativa.json;100%;Art. 125;CONFIRMADA;NÃO;IMPLEMENTADA_CONFIRMADA;;;nada
264;03038964;200003;Alíquota zero;I;20;Art. 125;03038964-200003-I-20;data/base-normativa.json;100%;Art. 125;CONFIRMADA;NÃO;IMPLEMENTADA_CONFIRMADA;;;nada
265;03038965;200003;Alíquota zero;I;20;Art. 125;03038965-200003-I-20;data/base-normativa.json;100%;Art. 125;CONFIRMADA;NÃO;IMPLEMENTADA_CONFIRMADA;;;nada
266;03038990;200003;Alíquota zero;I;20;Art. 125;03038990-200003-I-20;data/base-normativa.json;100%;Art. 125;CONFIRMADA;NÃO;IMPLEMENTADA_CONFIRMADA;;;nada
267;03039110;200003;Alíquota zero;I;20;Art. 125;03039110-200003-I-20;data/base-normativa.json;100%;Art. 125;DIVERGENTE;SIM;BLOQUEADA;o SVRS lista o NCM como VEDADO para 200003 | a lei exclui expressamente este NCM no item 20 da regra;NCM VEDADO no Portal para o código;nada (regra bloqueada: benefício impedido por vedação oficial)
268;03039110;200003;Alíquota zero;I;20;Art. 125;03039110-200003-I-20;data/base-normativa.json;100%;Art. 125;DIVERGENTE;SIM;BLOQUEADA;o SVRS lista o NCM como VEDADO para 200003 | a lei exclui expressamente este NCM no item 20 da regra;NCM VEDADO no Portal para o código;nada (regra bloqueada: benefício impedido por vedação oficial)
269;03039190;200003;Alíquota zero;I;20;Art. 125;03039190-200003-I-20;data/base-normativa.json;100%;Art. 125;DIVERGENTE;SIM;BLOQUEADA;o SVRS lista o NCM como VEDADO para 200003 | a lei exclui expressamente este NCM no item 20 da regra;NCM VEDADO no Portal para o código;nada (regra bloqueada: benefício impedido por vedação oficial)
270;03039190;200003;Alíquota zero;I;20;Art. 125;03039190-200003-I-20;data/base-normativa.json;100%;Art. 125;DIVERGENTE;SIM;BLOQUEADA;o SVRS lista o NCM como VEDADO para 200003 | a lei exclui expressamente este NCM no item 20 da regra;NCM VEDADO no Portal para o código;nada (regra bloqueada: benefício impedido por vedação oficial)
271;03039200;200003;Alíquota zero;I;20;Art. 125;03039200-200003-I-20;data/base-normativa.json;100%;Art. 125;DIVERGENTE;SIM;BLOQUEADA;o SVRS lista o NCM como VEDADO para 200003 | a lei exclui expressamente este NCM no item 20 da regra;NCM VEDADO no Portal para o código;nada (regra bloqueada: benefício impedido por vedação oficial)
272;03039200;200003;Alíquota zero;I;20;Art. 125;03039200-200003-I-20;data/base-normativa.json;100%;Art. 125;DIVERGENTE;SIM;BLOQUEADA;o SVRS lista o NCM como VEDADO para 200003 | a lei exclui expressamente este NCM no item 20 da regra;NCM VEDADO no Portal para o código;nada (regra bloqueada: benefício impedido por vedação oficial)
273;03039910;200003;Alíquota zero;I;20;Art. 125;03039910-200003-I-20;data/base-normativa.json;100%;Art. 125;DIVERGENTE;SIM;BLOQUEADA;o SVRS lista o NCM como VEDADO para 200003 | a lei exclui expressamente este NCM no item 20 da regra;NCM VEDADO no Portal para o código;nada (regra bloqueada: benefício impedido por vedação oficial)
274;03039910;200003;Alíquota zero;I;20;Art. 125;03039910-200003-I-20;data/base-normativa.json;100%;Art. 125;DIVERGENTE;SIM;BLOQUEADA;o SVRS lista o NCM como VEDADO para 200003 | a lei exclui expressamente este NCM no item 20 da regra;NCM VEDADO no Portal para o código;nada (regra bloqueada: benefício impedido por vedação oficial)
275;03039920;200003;Alíquota zero;I;20;Art. 125;03039920-200003-I-20;data/base-normativa.json;100%;Art. 125;DIVERGENTE;SIM;BLOQUEADA;o SVRS lista o NCM como VEDADO para 200003 | a lei exclui expressamente este NCM no item 20 da regra;NCM VEDADO no Portal para o código;nada (regra bloqueada: benefício impedido por vedação oficial)
276;03039920;200003;Alíquota zero;I;20;Art. 125;03039920-200003-I-20;data/base-normativa.json;100%;Art. 125;DIVERGENTE;SIM;BLOQUEADA;o SVRS lista o NCM como VEDADO para 200003 | a lei exclui expressamente este NCM no item 20 da regra;NCM VEDADO no Portal para o código;nada (regra bloqueada: benefício impedido por vedação oficial)
277;03039990;200003;Alíquota zero;I;20;Art. 125;03039990-200003-I-20;data/base-normativa.json;100%;Art. 125;DIVERGENTE;SIM;BLOQUEADA;o SVRS lista o NCM como VEDADO para 200003 | a lei exclui expressamente este NCM no item 20 da regra;NCM VEDADO no Portal para o código;nada (regra bloqueada: benefício impedido por vedação oficial)
278;03039990;200003;Alíquota zero;I;20;Art. 125;03039990-200003-I-20;data/base-normativa.json;100%;Art. 125;DIVERGENTE;SIM;BLOQUEADA;o SVRS lista o NCM como VEDADO para 200003 | a lei exclui expressamente este NCM no item 20 da regra;NCM VEDADO no Portal para o código;nada (regra bloqueada: benefício impedido por vedação oficial)
279;03043100;200003;Alíquota zero;I;20;Art. 125;03043100-200003-I-20;data/base-normativa.json;100%;Art. 125;CONFIRMADA;NÃO;IMPLEMENTADA_CONFIRMADA;;;nada
280;03043210;200003;Alíquota zero;I;20;Art. 125;03043210-200003-I-20;data/base-normativa.json;100%;Art. 125;CONFIRMADA;NÃO;IMPLEMENTADA_CONFIRMADA;;;nada
281;03043290;200003;Alíquota zero;I;20;Art. 125;03043290-200003-I-20;data/base-normativa.json;100%;Art. 125;CONFIRMADA;NÃO;IMPLEMENTADA_CONFIRMADA;;;nada
282;03043300;200003;Alíquota zero;I;20;Art. 125;03043300-200003-I-20;data/base-normativa.json;100%;Art. 125;CONFIRMADA;NÃO;IMPLEMENTADA_CONFIRMADA;;;nada
283;03043900;200003;Alíquota zero;I;20;Art. 125;03043900-200003-I-20;data/base-normativa.json;100%;Art. 125;CONFIRMADA;NÃO;IMPLEMENTADA_CONFIRMADA;;;nada
284;03044100;200003;Alíquota zero;I;20;Art. 125;03044100-200003-I-20;data/base-normativa.json;100%;Art. 125;DIVERGENTE;SIM;BLOQUEADA;o SVRS lista o NCM como VEDADO para 200003 | a lei exclui expressamente este NCM no item 20 da regra;NCM VEDADO no Portal para o código;nada (regra bloqueada: benefício impedido por vedação oficial)
285;03044100;200003;Alíquota zero;I;20;Art. 125;03044100-200003-I-20;data/base-normativa.json;100%;Art. 125;DIVERGENTE;SIM;BLOQUEADA;o SVRS lista o NCM como VEDADO para 200003 | a lei exclui expressamente este NCM no item 20 da regra;NCM VEDADO no Portal para o código;nada (regra bloqueada: benefício impedido por vedação oficial)
286;03044200;200003;Alíquota zero;I;20;Art. 125;03044200-200003-I-20;data/base-normativa.json;100%;Art. 125;DIVERGENTE;SIM;BLOQUEADA;o SVRS lista o NCM como VEDADO para 200003 | a lei exclui expressamente este NCM no item 20 da regra;NCM VEDADO no Portal para o código;nada (regra bloqueada: benefício impedido por vedação oficial)
287;03044200;200003;Alíquota zero;I;20;Art. 125;03044200-200003-I-20;data/base-normativa.json;100%;Art. 125;DIVERGENTE;SIM;BLOQUEADA;o SVRS lista o NCM como VEDADO para 200003 | a lei exclui expressamente este NCM no item 20 da regra;NCM VEDADO no Portal para o código;nada (regra bloqueada: benefício impedido por vedação oficial)
288;03044300;200003;Alíquota zero;I;20;Art. 125;03044300-200003-I-20;data/base-normativa.json;100%;Art. 125;DIVERGENTE;SIM;BLOQUEADA;o SVRS lista o NCM como VEDADO para 200003 | a lei exclui expressamente este NCM no item 20 da regra;NCM VEDADO no Portal para o código;nada (regra bloqueada: benefício impedido por vedação oficial)
289;03044300;200003;Alíquota zero;I;20;Art. 125;03044300-200003-I-20;data/base-normativa.json;100%;Art. 125;DIVERGENTE;SIM;BLOQUEADA;o SVRS lista o NCM como VEDADO para 200003 | a lei exclui expressamente este NCM no item 20 da regra;NCM VEDADO no Portal para o código;nada (regra bloqueada: benefício impedido por vedação oficial)
290;03044400;200003;Alíquota zero;I;20;Art. 125;03044400-200003-I-20;data/base-normativa.json;100%;Art. 125;DIVERGENTE;SIM;BLOQUEADA;o SVRS lista o NCM como VEDADO para 200003 | a lei exclui expressamente este NCM no item 20 da regra;NCM VEDADO no Portal para o código;nada (regra bloqueada: benefício impedido por vedação oficial)
291;03044400;200003;Alíquota zero;I;20;Art. 125;03044400-200003-I-20;data/base-normativa.json;100%;Art. 125;DIVERGENTE;SIM;BLOQUEADA;o SVRS lista o NCM como VEDADO para 200003 | a lei exclui expressamente este NCM no item 20 da regra;NCM VEDADO no Portal para o código;nada (regra bloqueada: benefício impedido por vedação oficial)
292;03044500;200003;Alíquota zero;I;20;Art. 125;03044500-200003-I-20;data/base-normativa.json;100%;Art. 125;DIVERGENTE;SIM;BLOQUEADA;o SVRS lista o NCM como VEDADO para 200003 | a lei exclui expressamente este NCM no item 20 da regra;NCM VEDADO no Portal para o código;nada (regra bloqueada: benefício impedido por vedação oficial)
293;03044500;200003;Alíquota zero;I;20;Art. 125;03044500-200003-I-20;data/base-normativa.json;100%;Art. 125;DIVERGENTE;SIM;BLOQUEADA;o SVRS lista o NCM como VEDADO para 200003 | a lei exclui expressamente este NCM no item 20 da regra;NCM VEDADO no Portal para o código;nada (regra bloqueada: benefício impedido por vedação oficial)
294;03044600;200003;Alíquota zero;I;20;Art. 125;03044600-200003-I-20;data/base-normativa.json;100%;Art. 125;DIVERGENTE;SIM;BLOQUEADA;o SVRS lista o NCM como VEDADO para 200003 | a lei exclui expressamente este NCM no item 20 da regra;NCM VEDADO no Portal para o código;nada (regra bloqueada: benefício impedido por vedação oficial)
295;03044600;200003;Alíquota zero;I;20;Art. 125;03044600-200003-I-20;data/base-normativa.json;100%;Art. 125;DIVERGENTE;SIM;BLOQUEADA;o SVRS lista o NCM como VEDADO para 200003 | a lei exclui expressamente este NCM no item 20 da regra;NCM VEDADO no Portal para o código;nada (regra bloqueada: benefício impedido por vedação oficial)
296;03044700;200003;Alíquota zero;I;20;Art. 125;03044700-200003-I-20;data/base-normativa.json;100%;Art. 125;DIVERGENTE;SIM;BLOQUEADA;o SVRS lista o NCM como VEDADO para 200003 | a lei exclui expressamente este NCM no item 20 da regra;NCM VEDADO no Portal para o código;nada (regra bloqueada: benefício impedido por vedação oficial)
297;03044700;200003;Alíquota zero;I;20;Art. 125;03044700-200003-I-20;data/base-normativa.json;100%;Art. 125;DIVERGENTE;SIM;BLOQUEADA;o SVRS lista o NCM como VEDADO para 200003 | a lei exclui expressamente este NCM no item 20 da regra;NCM VEDADO no Portal para o código;nada (regra bloqueada: benefício impedido por vedação oficial)
298;03044800;200003;Alíquota zero;I;20;Art. 125;03044800-200003-I-20;data/base-normativa.json;100%;Art. 125;DIVERGENTE;SIM;BLOQUEADA;o SVRS lista o NCM como VEDADO para 200003 | a lei exclui expressamente este NCM no item 20 da regra;NCM VEDADO no Portal para o código;nada (regra bloqueada: benefício impedido por vedação oficial)
299;03044800;200003;Alíquota zero;I;20;Art. 125;03044800-200003-I-20;data/base-normativa.json;100%;Art. 125;DIVERGENTE;SIM;BLOQUEADA;o SVRS lista o NCM como VEDADO para 200003 | a lei exclui expressamente este NCM no item 20 da regra;NCM VEDADO no Portal para o código;nada (regra bloqueada: benefício impedido por vedação oficial)
300;03044910;200003;Alíquota zero;I;20;Art. 125;03044910-200003-I-20;data/base-normativa.json;100%;Art. 125;DIVERGENTE;SIM;BLOQUEADA;o SVRS lista o NCM como VEDADO para 200003 | a lei exclui expressamente este NCM no item 20 da regra;NCM VEDADO no Portal para o código;nada (regra bloqueada: benefício impedido por vedação oficial)
301;03044910;200003;Alíquota zero;I;20;Art. 125;03044910-200003-I-20;data/base-normativa.json;100%;Art. 125;DIVERGENTE;SIM;BLOQUEADA;o SVRS lista o NCM como VEDADO para 200003 | a lei exclui expressamente este NCM no item 20 da regra;NCM VEDADO no Portal para o código;nada (regra bloqueada: benefício impedido por vedação oficial)
302;03044920;200003;Alíquota zero;I;20;Art. 125;03044920-200003-I-20;data/base-normativa.json;100%;Art. 125;DIVERGENTE;SIM;BLOQUEADA;o SVRS lista o NCM como VEDADO para 200003 | a lei exclui expressamente este NCM no item 20 da regra;NCM VEDADO no Portal para o código;nada (regra bloqueada: benefício impedido por vedação oficial)
303;03044920;200003;Alíquota zero;I;20;Art. 125;03044920-200003-I-20;data/base-normativa.json;100%;Art. 125;DIVERGENTE;SIM;BLOQUEADA;o SVRS lista o NCM como VEDADO para 200003 | a lei exclui expressamente este NCM no item 20 da regra;NCM VEDADO no Portal para o código;nada (regra bloqueada: benefício impedido por vedação oficial)
304;03044990;200003;Alíquota zero;I;20;Art. 125;03044990-200003-I-20;data/base-normativa.json;100%;Art. 125;DIVERGENTE;SIM;BLOQUEADA;o SVRS lista o NCM como VEDADO para 200003 | a lei exclui expressamente este NCM no item 20 da regra;NCM VEDADO no Portal para o código;nada (regra bloqueada: benefício impedido por vedação oficial)
305;03044990;200003;Alíquota zero;I;20;Art. 125;03044990-200003-I-20;data/base-normativa.json;100%;Art. 125;DIVERGENTE;SIM;BLOQUEADA;o SVRS lista o NCM como VEDADO para 200003 | a lei exclui expressamente este NCM no item 20 da regra;NCM VEDADO no Portal para o código;nada (regra bloqueada: benefício impedido por vedação oficial)
306;03045100;200003;Alíquota zero;I;20;Art. 125;03045100-200003-I-20;data/base-normativa.json;100%;Art. 125;DIVERGENTE;SIM;BLOQUEADA;o SVRS lista o NCM como VEDADO para 200003 | a lei exclui expressamente este NCM no item 20 da regra;NCM VEDADO no Portal para o código;nada (regra bloqueada: benefício impedido por vedação oficial)
307;03045100;200003;Alíquota zero;I;20;Art. 125;03045100-200003-I-20;data/base-normativa.json;100%;Art. 125;DIVERGENTE;SIM;BLOQUEADA;o SVRS lista o NCM como VEDADO para 200003 | a lei exclui expressamente este NCM no item 20 da regra;NCM VEDADO no Portal para o código;nada (regra bloqueada: benefício impedido por vedação oficial)
308;03045200;200003;Alíquota zero;I;20;Art. 125;03045200-200003-I-20;data/base-normativa.json;100%;Art. 125;DIVERGENTE;SIM;BLOQUEADA;o SVRS lista o NCM como VEDADO para 200003 | a lei exclui expressamente este NCM no item 20 da regra;NCM VEDADO no Portal para o código;nada (regra bloqueada: benefício impedido por vedação oficial)
309;03045200;200003;Alíquota zero;I;20;Art. 125;03045200-200003-I-20;data/base-normativa.json;100%;Art. 125;DIVERGENTE;SIM;BLOQUEADA;o SVRS lista o NCM como VEDADO para 200003 | a lei exclui expressamente este NCM no item 20 da regra;NCM VEDADO no Portal para o código;nada (regra bloqueada: benefício impedido por vedação oficial)
310;03045300;200003;Alíquota zero;I;20;Art. 125;03045300-200003-I-20;data/base-normativa.json;100%;Art. 125;DIVERGENTE;SIM;BLOQUEADA;o SVRS lista o NCM como VEDADO para 200003 | a lei exclui expressamente este NCM no item 20 da regra;NCM VEDADO no Portal para o código;nada (regra bloqueada: benefício impedido por vedação oficial)
311;03045300;200003;Alíquota zero;I;20;Art. 125;03045300-200003-I-20;data/base-normativa.json;100%;Art. 125;DIVERGENTE;SIM;BLOQUEADA;o SVRS lista o NCM como VEDADO para 200003 | a lei exclui expressamente este NCM no item 20 da regra;NCM VEDADO no Portal para o código;nada (regra bloqueada: benefício impedido por vedação oficial)
312;03045400;200003;Alíquota zero;I;20;Art. 125;03045400-200003-I-20;data/base-normativa.json;100%;Art. 125;DIVERGENTE;SIM;BLOQUEADA;o SVRS lista o NCM como VEDADO para 200003 | a lei exclui expressamente este NCM no item 20 da regra;NCM VEDADO no Portal para o código;nada (regra bloqueada: benefício impedido por vedação oficial)
313;03045400;200003;Alíquota zero;I;20;Art. 125;03045400-200003-I-20;data/base-normativa.json;100%;Art. 125;DIVERGENTE;SIM;BLOQUEADA;o SVRS lista o NCM como VEDADO para 200003 | a lei exclui expressamente este NCM no item 20 da regra;NCM VEDADO no Portal para o código;nada (regra bloqueada: benefício impedido por vedação oficial)
314;03045500;200003;Alíquota zero;I;20;Art. 125;03045500-200003-I-20;data/base-normativa.json;100%;Art. 125;DIVERGENTE;SIM;BLOQUEADA;o SVRS lista o NCM como VEDADO para 200003 | a lei exclui expressamente este NCM no item 20 da regra;NCM VEDADO no Portal para o código;nada (regra bloqueada: benefício impedido por vedação oficial)
315;03045500;200003;Alíquota zero;I;20;Art. 125;03045500-200003-I-20;data/base-normativa.json;100%;Art. 125;DIVERGENTE;SIM;BLOQUEADA;o SVRS lista o NCM como VEDADO para 200003 | a lei exclui expressamente este NCM no item 20 da regra;NCM VEDADO no Portal para o código;nada (regra bloqueada: benefício impedido por vedação oficial)
316;03045600;200003;Alíquota zero;I;20;Art. 125;03045600-200003-I-20;data/base-normativa.json;100%;Art. 125;DIVERGENTE;SIM;BLOQUEADA;o SVRS lista o NCM como VEDADO para 200003 | a lei exclui expressamente este NCM no item 20 da regra;NCM VEDADO no Portal para o código;nada (regra bloqueada: benefício impedido por vedação oficial)
317;03045600;200003;Alíquota zero;I;20;Art. 125;03045600-200003-I-20;data/base-normativa.json;100%;Art. 125;DIVERGENTE;SIM;BLOQUEADA;o SVRS lista o NCM como VEDADO para 200003 | a lei exclui expressamente este NCM no item 20 da regra;NCM VEDADO no Portal para o código;nada (regra bloqueada: benefício impedido por vedação oficial)
318;03045700;200003;Alíquota zero;I;20;Art. 125;03045700-200003-I-20;data/base-normativa.json;100%;Art. 125;DIVERGENTE;SIM;BLOQUEADA;o SVRS lista o NCM como VEDADO para 200003 | a lei exclui expressamente este NCM no item 20 da regra;NCM VEDADO no Portal para o código;nada (regra bloqueada: benefício impedido por vedação oficial)
319;03045700;200003;Alíquota zero;I;20;Art. 125;03045700-200003-I-20;data/base-normativa.json;100%;Art. 125;DIVERGENTE;SIM;BLOQUEADA;o SVRS lista o NCM como VEDADO para 200003 | a lei exclui expressamente este NCM no item 20 da regra;NCM VEDADO no Portal para o código;nada (regra bloqueada: benefício impedido por vedação oficial)
320;03045900;200003;Alíquota zero;I;20;Art. 125;03045900-200003-I-20;data/base-normativa.json;100%;Art. 125;DIVERGENTE;SIM;BLOQUEADA;o SVRS lista o NCM como VEDADO para 200003 | a lei exclui expressamente este NCM no item 20 da regra;NCM VEDADO no Portal para o código;nada (regra bloqueada: benefício impedido por vedação oficial)
321;03045900;200003;Alíquota zero;I;20;Art. 125;03045900-200003-I-20;data/base-normativa.json;100%;Art. 125;DIVERGENTE;SIM;BLOQUEADA;o SVRS lista o NCM como VEDADO para 200003 | a lei exclui expressamente este NCM no item 20 da regra;NCM VEDADO no Portal para o código;nada (regra bloqueada: benefício impedido por vedação oficial)
322;03046100;200003;Alíquota zero;I;20;Art. 125;03046100-200003-I-20;data/base-normativa.json;100%;Art. 125;CONFIRMADA;NÃO;IMPLEMENTADA_CONFIRMADA;;;nada
323;03046210;200003;Alíquota zero;I;20;Art. 125;03046210-200003-I-20;data/base-normativa.json;100%;Art. 125;CONFIRMADA;NÃO;IMPLEMENTADA_CONFIRMADA;;;nada
324;03046290;200003;Alíquota zero;I;20;Art. 125;03046290-200003-I-20;data/base-normativa.json;100%;Art. 125;CONFIRMADA;NÃO;IMPLEMENTADA_CONFIRMADA;;;nada
325;03046300;200003;Alíquota zero;I;20;Art. 125;03046300-200003-I-20;data/base-normativa.json;100%;Art. 125;CONFIRMADA;NÃO;IMPLEMENTADA_CONFIRMADA;;;nada
326;03046900;200003;Alíquota zero;I;20;Art. 125;03046900-200003-I-20;data/base-normativa.json;100%;Art. 125;CONFIRMADA;NÃO;IMPLEMENTADA_CONFIRMADA;;;nada
327;03047100;200003;Alíquota zero;I;20;Art. 125;03047100-200003-I-20;data/base-normativa.json;100%;Art. 125;DIVERGENTE;SIM;BLOQUEADA;o SVRS lista o NCM como VEDADO para 200003 | a lei exclui expressamente este NCM no item 20 da regra;NCM VEDADO no Portal para o código;nada (regra bloqueada: benefício impedido por vedação oficial)
328;03047100;200003;Alíquota zero;I;20;Art. 125;03047100-200003-I-20;data/base-normativa.json;100%;Art. 125;DIVERGENTE;SIM;BLOQUEADA;o SVRS lista o NCM como VEDADO para 200003 | a lei exclui expressamente este NCM no item 20 da regra;NCM VEDADO no Portal para o código;nada (regra bloqueada: benefício impedido por vedação oficial)
329;03047200;200003;Alíquota zero;I;20;Art. 125;03047200-200003-I-20;data/base-normativa.json;100%;Art. 125;DIVERGENTE;SIM;BLOQUEADA;o SVRS lista o NCM como VEDADO para 200003 | a lei exclui expressamente este NCM no item 20 da regra;NCM VEDADO no Portal para o código;nada (regra bloqueada: benefício impedido por vedação oficial)
330;03047200;200003;Alíquota zero;I;20;Art. 125;03047200-200003-I-20;data/base-normativa.json;100%;Art. 125;DIVERGENTE;SIM;BLOQUEADA;o SVRS lista o NCM como VEDADO para 200003 | a lei exclui expressamente este NCM no item 20 da regra;NCM VEDADO no Portal para o código;nada (regra bloqueada: benefício impedido por vedação oficial)
331;03047300;200003;Alíquota zero;I;20;Art. 125;03047300-200003-I-20;data/base-normativa.json;100%;Art. 125;DIVERGENTE;SIM;BLOQUEADA;o SVRS lista o NCM como VEDADO para 200003 | a lei exclui expressamente este NCM no item 20 da regra;NCM VEDADO no Portal para o código;nada (regra bloqueada: benefício impedido por vedação oficial)
332;03047300;200003;Alíquota zero;I;20;Art. 125;03047300-200003-I-20;data/base-normativa.json;100%;Art. 125;DIVERGENTE;SIM;BLOQUEADA;o SVRS lista o NCM como VEDADO para 200003 | a lei exclui expressamente este NCM no item 20 da regra;NCM VEDADO no Portal para o código;nada (regra bloqueada: benefício impedido por vedação oficial)
333;03047400;200003;Alíquota zero;I;20;Art. 125;03047400-200003-I-20;data/base-normativa.json;100%;Art. 125;DIVERGENTE;SIM;BLOQUEADA;o SVRS lista o NCM como VEDADO para 200003 | a lei exclui expressamente este NCM no item 20 da regra;NCM VEDADO no Portal para o código;nada (regra bloqueada: benefício impedido por vedação oficial)
334;03047400;200003;Alíquota zero;I;20;Art. 125;03047400-200003-I-20;data/base-normativa.json;100%;Art. 125;DIVERGENTE;SIM;BLOQUEADA;o SVRS lista o NCM como VEDADO para 200003 | a lei exclui expressamente este NCM no item 20 da regra;NCM VEDADO no Portal para o código;nada (regra bloqueada: benefício impedido por vedação oficial)
335;03047500;200003;Alíquota zero;I;20;Art. 125;03047500-200003-I-20;data/base-normativa.json;100%;Art. 125;DIVERGENTE;SIM;BLOQUEADA;o SVRS lista o NCM como VEDADO para 200003 | a lei exclui expressamente este NCM no item 20 da regra;NCM VEDADO no Portal para o código;nada (regra bloqueada: benefício impedido por vedação oficial)
336;03047500;200003;Alíquota zero;I;20;Art. 125;03047500-200003-I-20;data/base-normativa.json;100%;Art. 125;DIVERGENTE;SIM;BLOQUEADA;o SVRS lista o NCM como VEDADO para 200003 | a lei exclui expressamente este NCM no item 20 da regra;NCM VEDADO no Portal para o código;nada (regra bloqueada: benefício impedido por vedação oficial)
337;03047900;200003;Alíquota zero;I;20;Art. 125;03047900-200003-I-20;data/base-normativa.json;100%;Art. 125;DIVERGENTE;SIM;BLOQUEADA;o SVRS lista o NCM como VEDADO para 200003 | a lei exclui expressamente este NCM no item 20 da regra;NCM VEDADO no Portal para o código;nada (regra bloqueada: benefício impedido por vedação oficial)
338;03047900;200003;Alíquota zero;I;20;Art. 125;03047900-200003-I-20;data/base-normativa.json;100%;Art. 125;DIVERGENTE;SIM;BLOQUEADA;o SVRS lista o NCM como VEDADO para 200003 | a lei exclui expressamente este NCM no item 20 da regra;NCM VEDADO no Portal para o código;nada (regra bloqueada: benefício impedido por vedação oficial)
339;03048100;200003;Alíquota zero;I;20;Art. 125;03048100-200003-I-20;data/base-normativa.json;100%;Art. 125;DIVERGENTE;SIM;BLOQUEADA;o SVRS lista o NCM como VEDADO para 200003 | a lei exclui expressamente este NCM no item 20 da regra;NCM VEDADO no Portal para o código;nada (regra bloqueada: benefício impedido por vedação oficial)
340;03048100;200003;Alíquota zero;I;20;Art. 125;03048100-200003-I-20;data/base-normativa.json;100%;Art. 125;DIVERGENTE;SIM;BLOQUEADA;o SVRS lista o NCM como VEDADO para 200003 | a lei exclui expressamente este NCM no item 20 da regra;NCM VEDADO no Portal para o código;nada (regra bloqueada: benefício impedido por vedação oficial)
341;03048200;200003;Alíquota zero;I;20;Art. 125;03048200-200003-I-20;data/base-normativa.json;100%;Art. 125;DIVERGENTE;SIM;BLOQUEADA;o SVRS lista o NCM como VEDADO para 200003 | a lei exclui expressamente este NCM no item 20 da regra;NCM VEDADO no Portal para o código;nada (regra bloqueada: benefício impedido por vedação oficial)
342;03048200;200003;Alíquota zero;I;20;Art. 125;03048200-200003-I-20;data/base-normativa.json;100%;Art. 125;DIVERGENTE;SIM;BLOQUEADA;o SVRS lista o NCM como VEDADO para 200003 | a lei exclui expressamente este NCM no item 20 da regra;NCM VEDADO no Portal para o código;nada (regra bloqueada: benefício impedido por vedação oficial)
343;03048300;200003;Alíquota zero;I;20;Art. 125;03048300-200003-I-20;data/base-normativa.json;100%;Art. 125;DIVERGENTE;SIM;BLOQUEADA;o SVRS lista o NCM como VEDADO para 200003 | a lei exclui expressamente este NCM no item 20 da regra;NCM VEDADO no Portal para o código;nada (regra bloqueada: benefício impedido por vedação oficial)
344;03048300;200003;Alíquota zero;I;20;Art. 125;03048300-200003-I-20;data/base-normativa.json;100%;Art. 125;DIVERGENTE;SIM;BLOQUEADA;o SVRS lista o NCM como VEDADO para 200003 | a lei exclui expressamente este NCM no item 20 da regra;NCM VEDADO no Portal para o código;nada (regra bloqueada: benefício impedido por vedação oficial)
345;03048400;200003;Alíquota zero;I;20;Art. 125;03048400-200003-I-20;data/base-normativa.json;100%;Art. 125;DIVERGENTE;SIM;BLOQUEADA;o SVRS lista o NCM como VEDADO para 200003 | a lei exclui expressamente este NCM no item 20 da regra;NCM VEDADO no Portal para o código;nada (regra bloqueada: benefício impedido por vedação oficial)
346;03048400;200003;Alíquota zero;I;20;Art. 125;03048400-200003-I-20;data/base-normativa.json;100%;Art. 125;DIVERGENTE;SIM;BLOQUEADA;o SVRS lista o NCM como VEDADO para 200003 | a lei exclui expressamente este NCM no item 20 da regra;NCM VEDADO no Portal para o código;nada (regra bloqueada: benefício impedido por vedação oficial)
347;03048510;200003;Alíquota zero;I;20;Art. 125;03048510-200003-I-20;data/base-normativa.json;100%;Art. 125;DIVERGENTE;SIM;BLOQUEADA;o SVRS lista o NCM como VEDADO para 200003 | a lei exclui expressamente este NCM no item 20 da regra;NCM VEDADO no Portal para o código;nada (regra bloqueada: benefício impedido por vedação oficial)
348;03048510;200003;Alíquota zero;I;20;Art. 125;03048510-200003-I-20;data/base-normativa.json;100%;Art. 125;DIVERGENTE;SIM;BLOQUEADA;o SVRS lista o NCM como VEDADO para 200003 | a lei exclui expressamente este NCM no item 20 da regra;NCM VEDADO no Portal para o código;nada (regra bloqueada: benefício impedido por vedação oficial)
349;03048520;200003;Alíquota zero;I;20;Art. 125;03048520-200003-I-20;data/base-normativa.json;100%;Art. 125;DIVERGENTE;SIM;BLOQUEADA;o SVRS lista o NCM como VEDADO para 200003 | a lei exclui expressamente este NCM no item 20 da regra;NCM VEDADO no Portal para o código;nada (regra bloqueada: benefício impedido por vedação oficial)
350;03048520;200003;Alíquota zero;I;20;Art. 125;03048520-200003-I-20;data/base-normativa.json;100%;Art. 125;DIVERGENTE;SIM;BLOQUEADA;o SVRS lista o NCM como VEDADO para 200003 | a lei exclui expressamente este NCM no item 20 da regra;NCM VEDADO no Portal para o código;nada (regra bloqueada: benefício impedido por vedação oficial)
351;03048600;200003;Alíquota zero;I;20;Art. 125;03048600-200003-I-20;data/base-normativa.json;100%;Art. 125;DIVERGENTE;SIM;BLOQUEADA;o SVRS lista o NCM como VEDADO para 200003 | a lei exclui expressamente este NCM no item 20 da regra;NCM VEDADO no Portal para o código;nada (regra bloqueada: benefício impedido por vedação oficial)
352;03048600;200003;Alíquota zero;I;20;Art. 125;03048600-200003-I-20;data/base-normativa.json;100%;Art. 125;DIVERGENTE;SIM;BLOQUEADA;o SVRS lista o NCM como VEDADO para 200003 | a lei exclui expressamente este NCM no item 20 da regra;NCM VEDADO no Portal para o código;nada (regra bloqueada: benefício impedido por vedação oficial)
353;03048700;200003;Alíquota zero;I;20;Art. 125;03048700-200003-I-20;data/base-normativa.json;100%;Art. 125;DIVERGENTE;SIM;BLOQUEADA;o SVRS lista o NCM como VEDADO para 200003 | a lei exclui expressamente este NCM no item 20 da regra;NCM VEDADO no Portal para o código;nada (regra bloqueada: benefício impedido por vedação oficial)
354;03048700;200003;Alíquota zero;I;20;Art. 125;03048700-200003-I-20;data/base-normativa.json;100%;Art. 125;DIVERGENTE;SIM;BLOQUEADA;o SVRS lista o NCM como VEDADO para 200003 | a lei exclui expressamente este NCM no item 20 da regra;NCM VEDADO no Portal para o código;nada (regra bloqueada: benefício impedido por vedação oficial)
355;03048810;200003;Alíquota zero;I;20;Art. 125;03048810-200003-I-20;data/base-normativa.json;100%;Art. 125;DIVERGENTE;SIM;BLOQUEADA;o SVRS lista o NCM como VEDADO para 200003 | a lei exclui expressamente este NCM no item 20 da regra;NCM VEDADO no Portal para o código;nada (regra bloqueada: benefício impedido por vedação oficial)
356;03048810;200003;Alíquota zero;I;20;Art. 125;03048810-200003-I-20;data/base-normativa.json;100%;Art. 125;DIVERGENTE;SIM;BLOQUEADA;o SVRS lista o NCM como VEDADO para 200003 | a lei exclui expressamente este NCM no item 20 da regra;NCM VEDADO no Portal para o código;nada (regra bloqueada: benefício impedido por vedação oficial)
357;03048890;200003;Alíquota zero;I;20;Art. 125;03048890-200003-I-20;data/base-normativa.json;100%;Art. 125;DIVERGENTE;SIM;BLOQUEADA;o SVRS lista o NCM como VEDADO para 200003 | a lei exclui expressamente este NCM no item 20 da regra;NCM VEDADO no Portal para o código;nada (regra bloqueada: benefício impedido por vedação oficial)
358;03048890;200003;Alíquota zero;I;20;Art. 125;03048890-200003-I-20;data/base-normativa.json;100%;Art. 125;DIVERGENTE;SIM;BLOQUEADA;o SVRS lista o NCM como VEDADO para 200003 | a lei exclui expressamente este NCM no item 20 da regra;NCM VEDADO no Portal para o código;nada (regra bloqueada: benefício impedido por vedação oficial)
359;03048910;200003;Alíquota zero;I;20;Art. 125;03048910-200003-I-20;data/base-normativa.json;100%;Art. 125;DIVERGENTE;SIM;BLOQUEADA;o SVRS lista o NCM como VEDADO para 200003 | a lei exclui expressamente este NCM no item 20 da regra;NCM VEDADO no Portal para o código;nada (regra bloqueada: benefício impedido por vedação oficial)
360;03048910;200003;Alíquota zero;I;20;Art. 125;03048910-200003-I-20;data/base-normativa.json;100%;Art. 125;DIVERGENTE;SIM;BLOQUEADA;o SVRS lista o NCM como VEDADO para 200003 | a lei exclui expressamente este NCM no item 20 da regra;NCM VEDADO no Portal para o código;nada (regra bloqueada: benefício impedido por vedação oficial)
361;03048920;200003;Alíquota zero;I;20;Art. 125;03048920-200003-I-20;data/base-normativa.json;100%;Art. 125;DIVERGENTE;SIM;BLOQUEADA;o SVRS lista o NCM como VEDADO para 200003 | a lei exclui expressamente este NCM no item 20 da regra;NCM VEDADO no Portal para o código;nada (regra bloqueada: benefício impedido por vedação oficial)
362;03048920;200003;Alíquota zero;I;20;Art. 125;03048920-200003-I-20;data/base-normativa.json;100%;Art. 125;DIVERGENTE;SIM;BLOQUEADA;o SVRS lista o NCM como VEDADO para 200003 | a lei exclui expressamente este NCM no item 20 da regra;NCM VEDADO no Portal para o código;nada (regra bloqueada: benefício impedido por vedação oficial)
363;03048930;200003;Alíquota zero;I;20;Art. 125;03048930-200003-I-20;data/base-normativa.json;100%;Art. 125;DIVERGENTE;SIM;BLOQUEADA;o SVRS lista o NCM como VEDADO para 200003 | a lei exclui expressamente este NCM no item 20 da regra;NCM VEDADO no Portal para o código;nada (regra bloqueada: benefício impedido por vedação oficial)
364;03048930;200003;Alíquota zero;I;20;Art. 125;03048930-200003-I-20;data/base-normativa.json;100%;Art. 125;DIVERGENTE;SIM;BLOQUEADA;o SVRS lista o NCM como VEDADO para 200003 | a lei exclui expressamente este NCM no item 20 da regra;NCM VEDADO no Portal para o código;nada (regra bloqueada: benefício impedido por vedação oficial)
365;03048990;200003;Alíquota zero;I;20;Art. 125;03048990-200003-I-20;data/base-normativa.json;100%;Art. 125;DIVERGENTE;SIM;BLOQUEADA;o SVRS lista o NCM como VEDADO para 200003 | a lei exclui expressamente este NCM no item 20 da regra;NCM VEDADO no Portal para o código;nada (regra bloqueada: benefício impedido por vedação oficial)
366;03048990;200003;Alíquota zero;I;20;Art. 125;03048990-200003-I-20;data/base-normativa.json;100%;Art. 125;DIVERGENTE;SIM;BLOQUEADA;o SVRS lista o NCM como VEDADO para 200003 | a lei exclui expressamente este NCM no item 20 da regra;NCM VEDADO no Portal para o código;nada (regra bloqueada: benefício impedido por vedação oficial)
367;03049100;200003;Alíquota zero;I;20;Art. 125;03049100-200003-I-20;data/base-normativa.json;100%;Art. 125;DIVERGENTE;SIM;BLOQUEADA;o SVRS lista o NCM como VEDADO para 200003 | a lei exclui expressamente este NCM no item 20 da regra;NCM VEDADO no Portal para o código;nada (regra bloqueada: benefício impedido por vedação oficial)
368;03049100;200003;Alíquota zero;I;20;Art. 125;03049100-200003-I-20;data/base-normativa.json;100%;Art. 125;DIVERGENTE;SIM;BLOQUEADA;o SVRS lista o NCM como VEDADO para 200003 | a lei exclui expressamente este NCM no item 20 da regra;NCM VEDADO no Portal para o código;nada (regra bloqueada: benefício impedido por vedação oficial)
369;03049211;200003;Alíquota zero;I;20;Art. 125;03049211-200003-I-20;data/base-normativa.json;100%;Art. 125;DIVERGENTE;SIM;BLOQUEADA;o SVRS lista o NCM como VEDADO para 200003 | a lei exclui expressamente este NCM no item 20 da regra;NCM VEDADO no Portal para o código;nada (regra bloqueada: benefício impedido por vedação oficial)
370;03049211;200003;Alíquota zero;I;20;Art. 125;03049211-200003-I-20;data/base-normativa.json;100%;Art. 125;DIVERGENTE;SIM;BLOQUEADA;o SVRS lista o NCM como VEDADO para 200003 | a lei exclui expressamente este NCM no item 20 da regra;NCM VEDADO no Portal para o código;nada (regra bloqueada: benefício impedido por vedação oficial)
371;03049212;200003;Alíquota zero;I;20;Art. 125;03049212-200003-I-20;data/base-normativa.json;100%;Art. 125;DIVERGENTE;SIM;BLOQUEADA;o SVRS lista o NCM como VEDADO para 200003 | a lei exclui expressamente este NCM no item 20 da regra;NCM VEDADO no Portal para o código;nada (regra bloqueada: benefício impedido por vedação oficial)
372;03049212;200003;Alíquota zero;I;20;Art. 125;03049212-200003-I-20;data/base-normativa.json;100%;Art. 125;DIVERGENTE;SIM;BLOQUEADA;o SVRS lista o NCM como VEDADO para 200003 | a lei exclui expressamente este NCM no item 20 da regra;NCM VEDADO no Portal para o código;nada (regra bloqueada: benefício impedido por vedação oficial)
373;03049219;200003;Alíquota zero;I;20;Art. 125;03049219-200003-I-20;data/base-normativa.json;100%;Art. 125;DIVERGENTE;SIM;BLOQUEADA;o SVRS lista o NCM como VEDADO para 200003 | a lei exclui expressamente este NCM no item 20 da regra;NCM VEDADO no Portal para o código;nada (regra bloqueada: benefício impedido por vedação oficial)
374;03049219;200003;Alíquota zero;I;20;Art. 125;03049219-200003-I-20;data/base-normativa.json;100%;Art. 125;DIVERGENTE;SIM;BLOQUEADA;o SVRS lista o NCM como VEDADO para 200003 | a lei exclui expressamente este NCM no item 20 da regra;NCM VEDADO no Portal para o código;nada (regra bloqueada: benefício impedido por vedação oficial)
375;03049221;200003;Alíquota zero;I;20;Art. 125;03049221-200003-I-20;data/base-normativa.json;100%;Art. 125;DIVERGENTE;SIM;BLOQUEADA;o SVRS lista o NCM como VEDADO para 200003 | a lei exclui expressamente este NCM no item 20 da regra;NCM VEDADO no Portal para o código;nada (regra bloqueada: benefício impedido por vedação oficial)
376;03049221;200003;Alíquota zero;I;20;Art. 125;03049221-200003-I-20;data/base-normativa.json;100%;Art. 125;DIVERGENTE;SIM;BLOQUEADA;o SVRS lista o NCM como VEDADO para 200003 | a lei exclui expressamente este NCM no item 20 da regra;NCM VEDADO no Portal para o código;nada (regra bloqueada: benefício impedido por vedação oficial)
377;03049222;200003;Alíquota zero;I;20;Art. 125;03049222-200003-I-20;data/base-normativa.json;100%;Art. 125;DIVERGENTE;SIM;BLOQUEADA;o SVRS lista o NCM como VEDADO para 200003 | a lei exclui expressamente este NCM no item 20 da regra;NCM VEDADO no Portal para o código;nada (regra bloqueada: benefício impedido por vedação oficial)
378;03049222;200003;Alíquota zero;I;20;Art. 125;03049222-200003-I-20;data/base-normativa.json;100%;Art. 125;DIVERGENTE;SIM;BLOQUEADA;o SVRS lista o NCM como VEDADO para 200003 | a lei exclui expressamente este NCM no item 20 da regra;NCM VEDADO no Portal para o código;nada (regra bloqueada: benefício impedido por vedação oficial)
379;03049229;200003;Alíquota zero;I;20;Art. 125;03049229-200003-I-20;data/base-normativa.json;100%;Art. 125;DIVERGENTE;SIM;BLOQUEADA;o SVRS lista o NCM como VEDADO para 200003 | a lei exclui expressamente este NCM no item 20 da regra;NCM VEDADO no Portal para o código;nada (regra bloqueada: benefício impedido por vedação oficial)
380;03049229;200003;Alíquota zero;I;20;Art. 125;03049229-200003-I-20;data/base-normativa.json;100%;Art. 125;DIVERGENTE;SIM;BLOQUEADA;o SVRS lista o NCM como VEDADO para 200003 | a lei exclui expressamente este NCM no item 20 da regra;NCM VEDADO no Portal para o código;nada (regra bloqueada: benefício impedido por vedação oficial)
381;03049300;200003;Alíquota zero;I;20;Art. 125;03049300-200003-I-20;data/base-normativa.json;100%;Art. 125;DIVERGENTE;SIM;BLOQUEADA;o SVRS lista o NCM como VEDADO para 200003 | a lei exclui expressamente este NCM no item 20 da regra;NCM VEDADO no Portal para o código;nada (regra bloqueada: benefício impedido por vedação oficial)
382;03049300;200003;Alíquota zero;I;20;Art. 125;03049300-200003-I-20;data/base-normativa.json;100%;Art. 125;DIVERGENTE;SIM;BLOQUEADA;o SVRS lista o NCM como VEDADO para 200003 | a lei exclui expressamente este NCM no item 20 da regra;NCM VEDADO no Portal para o código;nada (regra bloqueada: benefício impedido por vedação oficial)
383;03049400;200003;Alíquota zero;I;20;Art. 125;03049400-200003-I-20;data/base-normativa.json;100%;Art. 125;DIVERGENTE;SIM;BLOQUEADA;o SVRS lista o NCM como VEDADO para 200003 | a lei exclui expressamente este NCM no item 20 da regra;NCM VEDADO no Portal para o código;nada (regra bloqueada: benefício impedido por vedação oficial)
384;03049400;200003;Alíquota zero;I;20;Art. 125;03049400-200003-I-20;data/base-normativa.json;100%;Art. 125;DIVERGENTE;SIM;BLOQUEADA;o SVRS lista o NCM como VEDADO para 200003 | a lei exclui expressamente este NCM no item 20 da regra;NCM VEDADO no Portal para o código;nada (regra bloqueada: benefício impedido por vedação oficial)
385;03049500;200003;Alíquota zero;I;20;Art. 125;03049500-200003-I-20;data/base-normativa.json;100%;Art. 125;DIVERGENTE;SIM;BLOQUEADA;o SVRS lista o NCM como VEDADO para 200003 | a lei exclui expressamente este NCM no item 20 da regra;NCM VEDADO no Portal para o código;nada (regra bloqueada: benefício impedido por vedação oficial)
386;03049500;200003;Alíquota zero;I;20;Art. 125;03049500-200003-I-20;data/base-normativa.json;100%;Art. 125;DIVERGENTE;SIM;BLOQUEADA;o SVRS lista o NCM como VEDADO para 200003 | a lei exclui expressamente este NCM no item 20 da regra;NCM VEDADO no Portal para o código;nada (regra bloqueada: benefício impedido por vedação oficial)
387;03049600;200003;Alíquota zero;I;20;Art. 125;03049600-200003-I-20;data/base-normativa.json;100%;Art. 125;DIVERGENTE;SIM;BLOQUEADA;o SVRS lista o NCM como VEDADO para 200003 | a lei exclui expressamente este NCM no item 20 da regra;NCM VEDADO no Portal para o código;nada (regra bloqueada: benefício impedido por vedação oficial)
388;03049600;200003;Alíquota zero;I;20;Art. 125;03049600-200003-I-20;data/base-normativa.json;100%;Art. 125;DIVERGENTE;SIM;BLOQUEADA;o SVRS lista o NCM como VEDADO para 200003 | a lei exclui expressamente este NCM no item 20 da regra;NCM VEDADO no Portal para o código;nada (regra bloqueada: benefício impedido por vedação oficial)
389;03049700;200003;Alíquota zero;I;20;Art. 125;03049700-200003-I-20;data/base-normativa.json;100%;Art. 125;DIVERGENTE;SIM;BLOQUEADA;o SVRS lista o NCM como VEDADO para 200003 | a lei exclui expressamente este NCM no item 20 da regra;NCM VEDADO no Portal para o código;nada (regra bloqueada: benefício impedido por vedação oficial)
390;03049700;200003;Alíquota zero;I;20;Art. 125;03049700-200003-I-20;data/base-normativa.json;100%;Art. 125;DIVERGENTE;SIM;BLOQUEADA;o SVRS lista o NCM como VEDADO para 200003 | a lei exclui expressamente este NCM no item 20 da regra;NCM VEDADO no Portal para o código;nada (regra bloqueada: benefício impedido por vedação oficial)
391;03049900;200003;Alíquota zero;I;20;Art. 125;03049900-200003-I-20;data/base-normativa.json;100%;Art. 125;DIVERGENTE;SIM;BLOQUEADA;o SVRS lista o NCM como VEDADO para 200003 | a lei exclui expressamente este NCM no item 20 da regra;NCM VEDADO no Portal para o código;nada (regra bloqueada: benefício impedido por vedação oficial)
392;03049900;200003;Alíquota zero;I;20;Art. 125;03049900-200003-I-20;data/base-normativa.json;100%;Art. 125;DIVERGENTE;SIM;BLOQUEADA;o SVRS lista o NCM como VEDADO para 200003 | a lei exclui expressamente este NCM no item 20 da regra;NCM VEDADO no Portal para o código;nada (regra bloqueada: benefício impedido por vedação oficial)
393;03061110;200034;Redução de 60%;VII;1;Art. 135;03061110-200034-VII-1;data/base-normativa.json;60%;Art. 135;DIVERGENTE;SIM;BLOQUEADA;o SVRS lista o NCM como VEDADO para 200034 | a lei exclui expressamente este NCM no item 1 da regra;NCM VEDADO no Portal para o código;nada (regra bloqueada: benefício impedido por vedação oficial)
394;03061110;200034;Redução de 60%;VII;1;Art. 135;03061110-200034-VII-1;data/base-normativa.json;60%;Art. 135;DIVERGENTE;SIM;BLOQUEADA;o SVRS lista o NCM como VEDADO para 200034 | a lei exclui expressamente este NCM no item 1 da regra;NCM VEDADO no Portal para o código;nada (regra bloqueada: benefício impedido por vedação oficial)
395;03061190;200034;Redução de 60%;VII;1;Art. 135;03061190-200034-VII-1;data/base-normativa.json;60%;Art. 135;DIVERGENTE;SIM;BLOQUEADA;o SVRS lista o NCM como VEDADO para 200034 | a lei exclui expressamente este NCM no item 1 da regra;NCM VEDADO no Portal para o código;nada (regra bloqueada: benefício impedido por vedação oficial)
396;03061190;200034;Redução de 60%;VII;1;Art. 135;03061190-200034-VII-1;data/base-normativa.json;60%;Art. 135;DIVERGENTE;SIM;BLOQUEADA;o SVRS lista o NCM como VEDADO para 200034 | a lei exclui expressamente este NCM no item 1 da regra;NCM VEDADO no Portal para o código;nada (regra bloqueada: benefício impedido por vedação oficial)
397;03061200;200034;Redução de 60%;VII;1;Art. 135;03061200-200034-VII-1;data/base-normativa.json;60%;Art. 135;CONFIRMADA;NÃO;IMPLEMENTADA_CONFIRMADA;;;nada
398;03061400;200034;Redução de 60%;VII;1;Art. 135;03061400-200034-VII-1;data/base-normativa.json;60%;Art. 135;CONFIRMADA;NÃO;IMPLEMENTADA_CONFIRMADA;;;nada
399;03061500;200034;Redução de 60%;VII;1;Art. 135;03061500-200034-VII-1;data/base-normativa.json;60%;Art. 135;DIVERGENTE;SIM;BLOQUEADA;o SVRS lista o NCM como VEDADO para 200034 | a lei exclui expressamente este NCM no item 1 da regra;NCM VEDADO no Portal para o código;nada (regra bloqueada: benefício impedido por vedação oficial)
400;03061500;200034;Redução de 60%;VII;1;Art. 135;03061500-200034-VII-1;data/base-normativa.json;60%;Art. 135;DIVERGENTE;SIM;BLOQUEADA;o SVRS lista o NCM como VEDADO para 200034 | a lei exclui expressamente este NCM no item 1 da regra;NCM VEDADO no Portal para o código;nada (regra bloqueada: benefício impedido por vedação oficial)
401;03061610;200034;Redução de 60%;VII;1;Art. 135;03061610-200034-VII-1;data/base-normativa.json;60%;Art. 135;CONFIRMADA;NÃO;IMPLEMENTADA_CONFIRMADA;;;nada
402;03061690;200034;Redução de 60%;VII;1;Art. 135;03061690-200034-VII-1;data/base-normativa.json;60%;Art. 135;CONFIRMADA;NÃO;IMPLEMENTADA_CONFIRMADA;;;nada
403;03061710;200034;Redução de 60%;VII;1;Art. 135;03061710-200034-VII-1;data/base-normativa.json;60%;Art. 135;CONFIRMADA;NÃO;IMPLEMENTADA_CONFIRMADA;;;nada
404;03061790;200034;Redução de 60%;VII;1;Art. 135;03061790-200034-VII-1;data/base-normativa.json;60%;Art. 135;CONFIRMADA;NÃO;IMPLEMENTADA_CONFIRMADA;;;nada
405;03061910;200034;Redução de 60%;VII;1;Art. 135;03061910-200034-VII-1;data/base-normativa.json;60%;Art. 135;CONFIRMADA;NÃO;IMPLEMENTADA_CONFIRMADA;;;nada
406;03061990;200034;Redução de 60%;VII;1;Art. 135;03061990-200034-VII-1;data/base-normativa.json;60%;Art. 135;CONFIRMADA;NÃO;IMPLEMENTADA_CONFIRMADA;;;nada
407;03063100;200034;Redução de 60%;VII;1;Art. 135;03063100-200034-VII-1;data/base-normativa.json;60%;Art. 135;DIVERGENTE;SIM;BLOQUEADA;o SVRS lista o NCM como VEDADO para 200034 | a lei exclui expressamente este NCM no item 1 da regra;NCM VEDADO no Portal para o código;nada (regra bloqueada: benefício impedido por vedação oficial)
408;03063100;200034;Redução de 60%;VII;1;Art. 135;03063100-200034-VII-1;data/base-normativa.json;60%;Art. 135;DIVERGENTE;SIM;BLOQUEADA;o SVRS lista o NCM como VEDADO para 200034 | a lei exclui expressamente este NCM no item 1 da regra;NCM VEDADO no Portal para o código;nada (regra bloqueada: benefício impedido por vedação oficial)
409;03063200;200034;Redução de 60%;VII;1;Art. 135;03063200-200034-VII-1;data/base-normativa.json;60%;Art. 135;CONFIRMADA;NÃO;IMPLEMENTADA_CONFIRMADA;;;nada
410;03063300;200034;Redução de 60%;VII;1;Art. 135;03063300-200034-VII-1;data/base-normativa.json;60%;Art. 135;CONFIRMADA;NÃO;IMPLEMENTADA_CONFIRMADA;;;nada
411;03063400;200034;Redução de 60%;VII;1;Art. 135;03063400-200034-VII-1;data/base-normativa.json;60%;Art. 135;DIVERGENTE;SIM;BLOQUEADA;o SVRS lista o NCM como VEDADO para 200034 | a lei exclui expressamente este NCM no item 1 da regra;NCM VEDADO no Portal para o código;nada (regra bloqueada: benefício impedido por vedação oficial)
412;03063400;200034;Redução de 60%;VII;1;Art. 135;03063400-200034-VII-1;data/base-normativa.json;60%;Art. 135;DIVERGENTE;SIM;BLOQUEADA;o SVRS lista o NCM como VEDADO para 200034 | a lei exclui expressamente este NCM no item 1 da regra;NCM VEDADO no Portal para o código;nada (regra bloqueada: benefício impedido por vedação oficial)
413;03063500;200034;Redução de 60%;VII;1;Art. 135;03063500-200034-VII-1;data/base-normativa.json;60%;Art. 135;CONFIRMADA;NÃO;IMPLEMENTADA_CONFIRMADA;;;nada
414;03063600;200034;Redução de 60%;VII;1;Art. 135;03063600-200034-VII-1;data/base-normativa.json;60%;Art. 135;CONFIRMADA;NÃO;IMPLEMENTADA_CONFIRMADA;;;nada
415;03063910;200034;Redução de 60%;VII;1;Art. 135;03063910-200034-VII-1;data/base-normativa.json;60%;Art. 135;DIVERGENTE;SIM;BLOQUEADA;o SVRS lista o NCM como VEDADO para 200034 | a lei exclui expressamente este NCM no item 1 da regra;NCM VEDADO no Portal para o código;nada (regra bloqueada: benefício impedido por vedação oficial)
416;03063910;200034;Redução de 60%;VII;1;Art. 135;03063910-200034-VII-1;data/base-normativa.json;60%;Art. 135;DIVERGENTE;SIM;BLOQUEADA;o SVRS lista o NCM como VEDADO para 200034 | a lei exclui expressamente este NCM no item 1 da regra;NCM VEDADO no Portal para o código;nada (regra bloqueada: benefício impedido por vedação oficial)
417;03063990;200034;Redução de 60%;VII;1;Art. 135;03063990-200034-VII-1;data/base-normativa.json;60%;Art. 135;CONFIRMADA;NÃO;IMPLEMENTADA_CONFIRMADA;;;nada
418;03073100;200034;Redução de 60%;VII;1;Art. 135;03073100-200034-VII-1;data/base-normativa.json;60%;Art. 135;CONFIRMADA;NÃO;IMPLEMENTADA_CONFIRMADA;;;nada
419;03073200;200034;Redução de 60%;VII;1;Art. 135;03073200-200034-VII-1;data/base-normativa.json;60%;Art. 135;CONFIRMADA;NÃO;IMPLEMENTADA_CONFIRMADA;;;nada
420;03074200;200034;Redução de 60%;VII;1;Art. 135;03074200-200034-VII-1;data/base-normativa.json;60%;Art. 135;CONFIRMADA;NÃO;IMPLEMENTADA_CONFIRMADA;;;nada
421;03074310;200034;Redução de 60%;VII;1;Art. 135;03074310-200034-VII-1;data/base-normativa.json;60%;Art. 135;CONFIRMADA;NÃO;IMPLEMENTADA_CONFIRMADA;;;nada
422;03074320;200034;Redução de 60%;VII;1;Art. 135;03074320-200034-VII-1;data/base-normativa.json;60%;Art. 135;CONFIRMADA;NÃO;IMPLEMENTADA_CONFIRMADA;;;nada
423;03075100;200034;Redução de 60%;VII;1;Art. 135;03075100-200034-VII-1;data/base-normativa.json;60%;Art. 135;CONFIRMADA;NÃO;IMPLEMENTADA_CONFIRMADA;;;nada
424;03075200;200034;Redução de 60%;VII;1;Art. 135;03075200-200034-VII-1;data/base-normativa.json;60%;Art. 135;CONFIRMADA;NÃO;IMPLEMENTADA_CONFIRMADA;;;nada
425;03079100;200034;Redução de 60%;VII;1;Art. 135;03079100-200034-VII-1;data/base-normativa.json;60%;Art. 135;CONFIRMADA;NÃO;IMPLEMENTADA_CONFIRMADA;;;nada
426;03079200;200034;Redução de 60%;VII;1;Art. 135;03079200-200034-VII-1;data/base-normativa.json;60%;Art. 135;CONFIRMADA;NÃO;IMPLEMENTADA_CONFIRMADA;;;nada
427;04011010;200003;Alíquota zero;I;2;Art. 125;04011010-200003-I-2;data/base-normativa.json;100%;Art. 125;CONFIRMADA;NÃO;IMPLEMENTADA_CONFIRMADA;;;nada
428;04011090;200003;Alíquota zero;I;2;Art. 125;04011090-200003-I-2;data/base-normativa.json;100%;Art. 125;CONFIRMADA;NÃO;IMPLEMENTADA_CONFIRMADA;;;nada
429;04012010;200003;Alíquota zero;I;2;Art. 125;04012010-200003-I-2;data/base-normativa.json;100%;Art. 125;CONFIRMADA;NÃO;IMPLEMENTADA_CONFIRMADA;;;nada
430;04012090;200003;Alíquota zero;I;2;Art. 125;04012090-200003-I-2;data/base-normativa.json;100%;Art. 125;CONFIRMADA;NÃO;IMPLEMENTADA_CONFIRMADA;;;nada
431;04014010;200003;Alíquota zero;I;2;Art. 125;04014010-200003-I-2;data/base-normativa.json;100%;Art. 125;CONFIRMADA;NÃO;IMPLEMENTADA_CONFIRMADA;;;nada
432;04015010;200003;Alíquota zero;I;2;Art. 125;04015010-200003-I-2;data/base-normativa.json;100%;Art. 125;CONFIRMADA;NÃO;IMPLEMENTADA_CONFIRMADA;;;nada
433;04021010;200003;Alíquota zero;I;3;Art. 125;04021010-200003-I-3;data/base-normativa.json;100%;Art. 125;CONFIRMADA;NÃO;IMPLEMENTADA_CONFIRMADA;;;nada
434;04021090;200003;Alíquota zero;I;3;Art. 125;04021090-200003-I-3;data/base-normativa.json;100%;Art. 125;CONFIRMADA;NÃO;IMPLEMENTADA_CONFIRMADA;;;nada
435;04022110;200003;Alíquota zero;I;3;Art. 125;04022110-200003-I-3;data/base-normativa.json;100%;Art. 125;CONFIRMADA;NÃO;IMPLEMENTADA_CONFIRMADA;;;nada
436;04022120;200003;Alíquota zero;I;3;Art. 125;04022120-200003-I-3;data/base-normativa.json;100%;Art. 125;CONFIRMADA;NÃO;IMPLEMENTADA_CONFIRMADA;;;nada
437;04022910;200003;Alíquota zero;I;3;Art. 125;04022910-200003-I-3;data/base-normativa.json;100%;Art. 125;CONFIRMADA;NÃO;IMPLEMENTADA_CONFIRMADA;;;nada
438;04022920;200003;Alíquota zero;I;3;Art. 125;04022920-200003-I-3;data/base-normativa.json;100%;Art. 125;CONFIRMADA;NÃO;IMPLEMENTADA_CONFIRMADA;;;nada
439;04032000;200034;Redução de 60%;VII;2;Art. 135;04032000-200034-VII-2;data/base-normativa.json;60%;Art. 135;CONFIRMADA;NÃO;IMPLEMENTADA_CONFIRMADA;;;nada
440;04039000;200034;Redução de 60%;VII;2;Art. 135;04039000-200034-VII-2;data/base-normativa.json;60%;Art. 135;CONFIRMADA;NÃO;IMPLEMENTADA_CONFIRMADA;;;nada
441;04051000;200003;Alíquota zero;I;5;Art. 125;04051000-200003-I-5;data/base-normativa.json;100%;Art. 125;CONFIRMADA;NÃO;IMPLEMENTADA_CONFIRMADA;;;nada
442;04061010;200003;Alíquota zero;I;21;Art. 125;04061010-200003-I-21;data/base-normativa.json;100%;Art. 125;CONFIRMADA;NÃO;IMPLEMENTADA_CONFIRMADA;;;nada
443;04061090;200003;Alíquota zero;I;21;Art. 125;04061090-200003-I-21;data/base-normativa.json;100%;Art. 125;CONFIRMADA;NÃO;IMPLEMENTADA_CONFIRMADA;;;nada
444;04062000;200003;Alíquota zero;I;21;Art. 125;04062000-200003-I-21;data/base-normativa.json;100%;Art. 125;CONFIRMADA;NÃO;IMPLEMENTADA_CONFIRMADA;;;nada
445;04069010;200003;Alíquota zero;I;21;Art. 125;04069010-200003-I-21;data/base-normativa.json;100%;Art. 125;CONFIRMADA;NÃO;IMPLEMENTADA_CONFIRMADA;;;nada
446;04069020;200003;Alíquota zero;I;21;Art. 125;04069020-200003-I-21;data/base-normativa.json;100%;Art. 125;CONFIRMADA;NÃO;IMPLEMENTADA_CONFIRMADA;;;nada
447;04069030;200003;Alíquota zero;I;21;Art. 125;04069030-200003-I-21;data/base-normativa.json;100%;Art. 125;CONFIRMADA;NÃO;IMPLEMENTADA_CONFIRMADA;;;nada
448;04071100;200038;Redução de 60%;IX;16;Art. 138;04071100-200038-IX-16;data/base-normativa.json;60%;Art. 138;CONFIRMADA;NÃO;IMPLEMENTADA_CONFIRMADA;;;nada
449;04071900;200038;Redução de 60%;IX;16;Art. 138;04071900-200038-IX-16;data/base-normativa.json;60%;Art. 138;CONFIRMADA;NÃO;IMPLEMENTADA_CONFIRMADA;;;nada
450;04072100;200014;Alíquota zero;XV;1;Art. 148;04072100-200014-XV-1;data/base-normativa.json;100%;Art. 148;CONFIRMADA;NÃO;IMPLEMENTADA_CONFIRMADA;;;nada
451;04072900;200014;Alíquota zero;XV;1;Art. 148;04072900-200014-XV-1;data/base-normativa.json;100%;Art. 148;CONFIRMADA;NÃO;IMPLEMENTADA_CONFIRMADA;;;nada
452;04090000;200034;Redução de 60%;VII;3;Art. 135;04090000-200034-VII-3;data/base-normativa.json;60%;Art. 135;CONFIRMADA;NÃO;IMPLEMENTADA_CONFIRMADA;;;nada
453;05111000;200038;Redução de 60%;IX;13;Art. 138;05111000-200038-IX-13;data/base-normativa.json;60%;Art. 138;DIVERGENTE;NÃO;IMPLEMENTADA_COM_RESSALVA;item da regra (13) diferente dos itens da lei que cobrem o NCM (14);;validação humana/decisão (divergência documentada na auditoria)
454;07011000;200014;Alíquota zero;XV;2;Art. 148;07011000-200014-XV-2;data/base-normativa.json;100%;Art. 148;CONFIRMADA;NÃO;IMPLEMENTADA_CONFIRMADA;;;nada
455;07019000;200014;Alíquota zero;XV;2;Art. 148;07019000-200014-XV-2;data/base-normativa.json;100%;Art. 148;CONFIRMADA;NÃO;IMPLEMENTADA_CONFIRMADA;;;nada
456;07020000;200014;Alíquota zero;XV;2;Art. 148;07020000-200014-XV-2;data/base-normativa.json;100%;Art. 148;CONFIRMADA;NÃO;IMPLEMENTADA_CONFIRMADA;;;nada
457;07031011;200014;Alíquota zero;XV;2;Art. 148;07031011-200014-XV-2;data/base-normativa.json;100%;Art. 148;CONFIRMADA;NÃO;IMPLEMENTADA_CONFIRMADA;;;nada
458;07031019;200014;Alíquota zero;XV;2;Art. 148;07031019-200014-XV-2;data/base-normativa.json;100%;Art. 148;CONFIRMADA;NÃO;IMPLEMENTADA_CONFIRMADA;;;nada
459;07031021;200014;Alíquota zero;XV;2;Art. 148;07031021-200014-XV-2;data/base-normativa.json;100%;Art. 148;CONFIRMADA;NÃO;IMPLEMENTADA_CONFIRMADA;;;nada
460;07031029;200014;Alíquota zero;XV;2;Art. 148;07031029-200014-XV-2;data/base-normativa.json;100%;Art. 148;CONFIRMADA;NÃO;IMPLEMENTADA_CONFIRMADA;;;nada
461;07032010;200014;Alíquota zero;XV;2;Art. 148;07032010-200014-XV-2;data/base-normativa.json;100%;Art. 148;CONFIRMADA;NÃO;IMPLEMENTADA_CONFIRMADA;;;nada
462;07032090;200014;Alíquota zero;XV;2;Art. 148;07032090-200014-XV-2;data/base-normativa.json;100%;Art. 148;CONFIRMADA;NÃO;IMPLEMENTADA_CONFIRMADA;;;nada
463;07039010;200014;Alíquota zero;XV;2;Art. 148;07039010-200014-XV-2;data/base-normativa.json;100%;Art. 148;CONFIRMADA;NÃO;IMPLEMENTADA_CONFIRMADA;;;nada
464;07039090;200014;Alíquota zero;XV;2;Art. 148;07039090-200014-XV-2;data/base-normativa.json;100%;Art. 148;CONFIRMADA;NÃO;IMPLEMENTADA_CONFIRMADA;;;nada
465;07041000;200014;Alíquota zero;XV;2;Art. 148;07041000-200014-XV-2;data/base-normativa.json;100%;Art. 148;CONFIRMADA;NÃO;IMPLEMENTADA_CONFIRMADA;;;nada
466;07042000;200014;Alíquota zero;XV;2;Art. 148;07042000-200014-XV-2;data/base-normativa.json;100%;Art. 148;CONFIRMADA;NÃO;IMPLEMENTADA_CONFIRMADA;;;nada
467;07049000;200014;Alíquota zero;XV;2;Art. 148;07049000-200014-XV-2;data/base-normativa.json;100%;Art. 148;CONFIRMADA;NÃO;IMPLEMENTADA_CONFIRMADA;;;nada
468;07051100;200014;Alíquota zero;XV;2;Art. 148;07051100-200014-XV-2;data/base-normativa.json;100%;Art. 148;CONFIRMADA;NÃO;IMPLEMENTADA_CONFIRMADA;;;nada
469;07051900;200014;Alíquota zero;XV;2;Art. 148;07051900-200014-XV-2;data/base-normativa.json;100%;Art. 148;CONFIRMADA;NÃO;IMPLEMENTADA_CONFIRMADA;;;nada
470;07052100;200014;Alíquota zero;XV;2;Art. 148;07052100-200014-XV-2;data/base-normativa.json;100%;Art. 148;CONFIRMADA;NÃO;IMPLEMENTADA_CONFIRMADA;;;nada
471;07052900;200014;Alíquota zero;XV;2;Art. 148;07052900-200014-XV-2;data/base-normativa.json;100%;Art. 148;CONFIRMADA;NÃO;IMPLEMENTADA_CONFIRMADA;;;nada
472;07061000;200014;Alíquota zero;XV;2;Art. 148;07061000-200014-XV-2;data/base-normativa.json;100%;Art. 148;CONFIRMADA;NÃO;IMPLEMENTADA_CONFIRMADA;;;nada
473;07069000;200014;Alíquota zero;XV;2;Art. 148;07069000-200014-XV-2;data/base-normativa.json;100%;Art. 148;CONFIRMADA;NÃO;IMPLEMENTADA_CONFIRMADA;;;nada
474;07070000;200014;Alíquota zero;XV;2;Art. 148;07070000-200014-XV-2;data/base-normativa.json;100%;Art. 148;CONFIRMADA;NÃO;IMPLEMENTADA_CONFIRMADA;;;nada
475;07081000;200014;Alíquota zero;XV;2;Art. 148;07081000-200014-XV-2;data/base-normativa.json;100%;Art. 148;CONFIRMADA;NÃO;IMPLEMENTADA_CONFIRMADA;;;nada
476;07082000;200014;Alíquota zero;XV;2;Art. 148;07082000-200014-XV-2;data/base-normativa.json;100%;Art. 148;CONFIRMADA;NÃO;IMPLEMENTADA_CONFIRMADA;;;nada
477;07089000;200014;Alíquota zero;XV;2;Art. 148;07089000-200014-XV-2;data/base-normativa.json;100%;Art. 148;CONFIRMADA;NÃO;IMPLEMENTADA_CONFIRMADA;;;nada
478;07092000;200014;Alíquota zero;XV;2;Art. 148;07092000-200014-XV-2;data/base-normativa.json;100%;Art. 148;CONFIRMADA;NÃO;IMPLEMENTADA_CONFIRMADA;;;nada
479;07093000;200014;Alíquota zero;XV;2;Art. 148;07093000-200014-XV-2;data/base-normativa.json;100%;Art. 148;CONFIRMADA;NÃO;IMPLEMENTADA_CONFIRMADA;;;nada
480;07094000;200014;Alíquota zero;XV;2;Art. 148;07094000-200014-XV-2;data/base-normativa.json;100%;Art. 148;CONFIRMADA;NÃO;IMPLEMENTADA_CONFIRMADA;;;nada
481;07095100;200014;Alíquota zero;XV;2;Art. 148;07095100-200014-XV-2;data/base-normativa.json;100%;Art. 148;DIVERGENTE;SIM;BLOQUEADA;o SVRS lista o NCM como VEDADO para 200014 | a lei exclui expressamente este NCM no item 2 da regra;NCM VEDADO no Portal para o código;nada (regra bloqueada: benefício impedido por vedação oficial)
482;07095100;200014;Alíquota zero;XV;2;Art. 148;07095100-200014-XV-2;data/base-normativa.json;100%;Art. 148;DIVERGENTE;SIM;BLOQUEADA;o SVRS lista o NCM como VEDADO para 200014 | a lei exclui expressamente este NCM no item 2 da regra;NCM VEDADO no Portal para o código;nada (regra bloqueada: benefício impedido por vedação oficial)
483;07095200;200014;Alíquota zero;XV;2;Art. 148;07095200-200014-XV-2;data/base-normativa.json;100%;Art. 148;DIVERGENTE;SIM;BLOQUEADA;o SVRS lista o NCM como VEDADO para 200014 | a lei exclui expressamente este NCM no item 2 da regra;NCM VEDADO no Portal para o código;nada (regra bloqueada: benefício impedido por vedação oficial)
484;07095200;200014;Alíquota zero;XV;2;Art. 148;07095200-200014-XV-2;data/base-normativa.json;100%;Art. 148;DIVERGENTE;SIM;BLOQUEADA;o SVRS lista o NCM como VEDADO para 200014 | a lei exclui expressamente este NCM no item 2 da regra;NCM VEDADO no Portal para o código;nada (regra bloqueada: benefício impedido por vedação oficial)
485;07095300;200014;Alíquota zero;XV;2;Art. 148;07095300-200014-XV-2;data/base-normativa.json;100%;Art. 148;DIVERGENTE;SIM;BLOQUEADA;o SVRS lista o NCM como VEDADO para 200014 | a lei exclui expressamente este NCM no item 2 da regra;NCM VEDADO no Portal para o código;nada (regra bloqueada: benefício impedido por vedação oficial)
486;07095300;200014;Alíquota zero;XV;2;Art. 148;07095300-200014-XV-2;data/base-normativa.json;100%;Art. 148;DIVERGENTE;SIM;BLOQUEADA;o SVRS lista o NCM como VEDADO para 200014 | a lei exclui expressamente este NCM no item 2 da regra;NCM VEDADO no Portal para o código;nada (regra bloqueada: benefício impedido por vedação oficial)
487;07095400;200014;Alíquota zero;XV;2;Art. 148;07095400-200014-XV-2;data/base-normativa.json;100%;Art. 148;DIVERGENTE;SIM;BLOQUEADA;o SVRS lista o NCM como VEDADO para 200014 | a lei exclui expressamente este NCM no item 2 da regra;NCM VEDADO no Portal para o código;nada (regra bloqueada: benefício impedido por vedação oficial)
488;07095400;200014;Alíquota zero;XV;2;Art. 148;07095400-200014-XV-2;data/base-normativa.json;100%;Art. 148;DIVERGENTE;SIM;BLOQUEADA;o SVRS lista o NCM como VEDADO para 200014 | a lei exclui expressamente este NCM no item 2 da regra;NCM VEDADO no Portal para o código;nada (regra bloqueada: benefício impedido por vedação oficial)
489;07095500;200014;Alíquota zero;XV;2;Art. 148;07095500-200014-XV-2;data/base-normativa.json;100%;Art. 148;DIVERGENTE;SIM;BLOQUEADA;o SVRS lista o NCM como VEDADO para 200014 | a lei exclui expressamente este NCM no item 2 da regra;NCM VEDADO no Portal para o código;nada (regra bloqueada: benefício impedido por vedação oficial)
490;07095500;200014;Alíquota zero;XV;2;Art. 148;07095500-200014-XV-2;data/base-normativa.json;100%;Art. 148;DIVERGENTE;SIM;BLOQUEADA;o SVRS lista o NCM como VEDADO para 200014 | a lei exclui expressamente este NCM no item 2 da regra;NCM VEDADO no Portal para o código;nada (regra bloqueada: benefício impedido por vedação oficial)
491;07095600;200014;Alíquota zero;XV;2;Art. 148;07095600-200014-XV-2;data/base-normativa.json;100%;Art. 148;DIVERGENTE;SIM;BLOQUEADA;o SVRS lista o NCM como VEDADO para 200014 | a lei exclui expressamente este NCM no item 2 da regra;NCM VEDADO no Portal para o código;nada (regra bloqueada: benefício impedido por vedação oficial)
492;07095600;200014;Alíquota zero;XV;2;Art. 148;07095600-200014-XV-2;data/base-normativa.json;100%;Art. 148;DIVERGENTE;SIM;BLOQUEADA;o SVRS lista o NCM como VEDADO para 200014 | a lei exclui expressamente este NCM no item 2 da regra;NCM VEDADO no Portal para o código;nada (regra bloqueada: benefício impedido por vedação oficial)
493;07095900;200014;Alíquota zero;XV;2;Art. 148;07095900-200014-XV-2;data/base-normativa.json;100%;Art. 148;DIVERGENTE;SIM;BLOQUEADA;o SVRS lista o NCM como VEDADO para 200014 | a lei exclui expressamente este NCM no item 2 da regra;NCM VEDADO no Portal para o código;nada (regra bloqueada: benefício impedido por vedação oficial)
494;07095900;200014;Alíquota zero;XV;2;Art. 148;07095900-200014-XV-2;data/base-normativa.json;100%;Art. 148;DIVERGENTE;SIM;BLOQUEADA;o SVRS lista o NCM como VEDADO para 200014 | a lei exclui expressamente este NCM no item 2 da regra;NCM VEDADO no Portal para o código;nada (regra bloqueada: benefício impedido por vedação oficial)
495;07096000;200014;Alíquota zero;XV;2;Art. 148;07096000-200014-XV-2;data/base-normativa.json;100%;Art. 148;CONFIRMADA;NÃO;IMPLEMENTADA_CONFIRMADA;;;nada
496;07097000;200014;Alíquota zero;XV;2;Art. 148;07097000-200014-XV-2;data/base-normativa.json;100%;Art. 148;CONFIRMADA;NÃO;IMPLEMENTADA_CONFIRMADA;;;nada
497;07099100;200014;Alíquota zero;XV;2;Art. 148;07099100-200014-XV-2;data/base-normativa.json;100%;Art. 148;CONFIRMADA;NÃO;IMPLEMENTADA_CONFIRMADA;;;nada
498;07099200;200014;Alíquota zero;XV;2;Art. 148;07099200-200014-XV-2;data/base-normativa.json;100%;Art. 148;CONFIRMADA;NÃO;IMPLEMENTADA_CONFIRMADA;;;nada
499;07099300;200014;Alíquota zero;XV;2;Art. 148;07099300-200014-XV-2;data/base-normativa.json;100%;Art. 148;CONFIRMADA;NÃO;IMPLEMENTADA_CONFIRMADA;;;nada
500;07099911;200014;Alíquota zero;XV;2;Art. 148;07099911-200014-XV-2;data/base-normativa.json;100%;Art. 148;CONFIRMADA;NÃO;IMPLEMENTADA_CONFIRMADA;;;nada
501;07099919;200014;Alíquota zero;XV;2;Art. 148;07099919-200014-XV-2;data/base-normativa.json;100%;Art. 148;CONFIRMADA;NÃO;IMPLEMENTADA_CONFIRMADA;;;nada
502;07099990;200014;Alíquota zero;XV;2;Art. 148;07099990-200014-XV-2;data/base-normativa.json;100%;Art. 148;CONFIRMADA;NÃO;IMPLEMENTADA_CONFIRMADA;;;nada
503;07101000;200014;Alíquota zero;XV;2;Art. 148;07101000-200014-XV-2;data/base-normativa.json;100%;Art. 148;CONFIRMADA;NÃO;IMPLEMENTADA_CONFIRMADA;;;nada
504;07102100;200014;Alíquota zero;XV;2;Art. 148;07102100-200014-XV-2;data/base-normativa.json;100%;Art. 148;CONFIRMADA;NÃO;IMPLEMENTADA_CONFIRMADA;;;nada
505;07102200;200014;Alíquota zero;XV;2;Art. 148;07102200-200014-XV-2;data/base-normativa.json;100%;Art. 148;CONFIRMADA;NÃO;IMPLEMENTADA_CONFIRMADA;;;nada
506;07102900;200014;Alíquota zero;XV;2;Art. 148;07102900-200014-XV-2;data/base-normativa.json;100%;Art. 148;CONFIRMADA;NÃO;IMPLEMENTADA_CONFIRMADA;;;nada
507;07103000;200014;Alíquota zero;XV;2;Art. 148;07103000-200014-XV-2;data/base-normativa.json;100%;Art. 148;CONFIRMADA;NÃO;IMPLEMENTADA_CONFIRMADA;;;nada
508;07104000;200014;Alíquota zero;XV;2;Art. 148;07104000-200014-XV-2;data/base-normativa.json;100%;Art. 148;CONFIRMADA;NÃO;IMPLEMENTADA_CONFIRMADA;;;nada
509;07108000;200014;Alíquota zero;XV;2;Art. 148;07108000-200014-XV-2;data/base-normativa.json;100%;Art. 148;DIVERGENTE;SIM;BLOQUEADA;o SVRS lista o NCM como VEDADO para 200014 | a lei exclui expressamente este NCM no item 2 da regra;NCM VEDADO no Portal para o código;nada (regra bloqueada: benefício impedido por vedação oficial)
510;07108000;200014;Alíquota zero;XV;2;Art. 148;07108000-200014-XV-2;data/base-normativa.json;100%;Art. 148;DIVERGENTE;SIM;BLOQUEADA;o SVRS lista o NCM como VEDADO para 200014 | a lei exclui expressamente este NCM no item 2 da regra;NCM VEDADO no Portal para o código;nada (regra bloqueada: benefício impedido por vedação oficial)
511;07109000;200014;Alíquota zero;XV;2;Art. 148;07109000-200014-XV-2;data/base-normativa.json;100%;Art. 148;CONFIRMADA;NÃO;IMPLEMENTADA_CONFIRMADA;;;nada
512;07112010;200034;Redução de 60%;VII;14;Art. 135;07112010-200034-VII-14;data/base-normativa.json;60%;Art. 135;DIVERGENTE;SIM;BLOQUEADA;o SVRS lista o NCM como VEDADO para 200034 | a lei exclui expressamente este NCM no item 14 da regra;NCM VEDADO no Portal para o código;nada (regra bloqueada: benefício impedido por vedação oficial)
513;07112020;200034;Redução de 60%;VII;14;Art. 135;07112020-200034-VII-14;data/base-normativa.json;60%;Art. 135;DIVERGENTE;SIM;BLOQUEADA;o SVRS lista o NCM como VEDADO para 200034 | a lei exclui expressamente este NCM no item 14 da regra;NCM VEDADO no Portal para o código;nada (regra bloqueada: benefício impedido por vedação oficial)
514;07112090;200034;Redução de 60%;VII;14;Art. 135;07112090-200034-VII-14;data/base-normativa.json;60%;Art. 135;DIVERGENTE;SIM;BLOQUEADA;o SVRS lista o NCM como VEDADO para 200034 | a lei exclui expressamente este NCM no item 14 da regra;NCM VEDADO no Portal para o código;nada (regra bloqueada: benefício impedido por vedação oficial)
515;07114000;200034;Redução de 60%;VII;14;Art. 135;07114000-200034-VII-14;data/base-normativa.json;60%;Art. 135;DIVERGENTE;SIM;BLOQUEADA;o SVRS lista o NCM como VEDADO para 200034 | a lei exclui expressamente este NCM no item 14 da regra;NCM VEDADO no Portal para o código;nada (regra bloqueada: benefício impedido por vedação oficial)
516;07115100;200034;Redução de 60%;VII;14;Art. 135;07115100-200034-VII-14;data/base-normativa.json;60%;Art. 135;DIVERGENTE;SIM;BLOQUEADA;o SVRS lista o NCM como VEDADO para 200034 | a lei exclui expressamente este NCM no item 14 da regra;NCM VEDADO no Portal para o código;nada (regra bloqueada: benefício impedido por vedação oficial)
517;07115900;200034;Redução de 60%;VII;14;Art. 135;07115900-200034-VII-14;data/base-normativa.json;60%;Art. 135;DIVERGENTE;SIM;BLOQUEADA;o SVRS lista o NCM como VEDADO para 200034 | a lei exclui expressamente este NCM no item 14 da regra;NCM VEDADO no Portal para o código;nada (regra bloqueada: benefício impedido por vedação oficial)
518;07119000;200034;Redução de 60%;VII;14;Art. 135;07119000-200034-VII-14;data/base-normativa.json;60%;Art. 135;DIVERGENTE;SIM;BLOQUEADA;o SVRS lista o NCM como VEDADO para 200034 | a lei exclui expressamente este NCM no item 14 da regra;NCM VEDADO no Portal para o código;nada (regra bloqueada: benefício impedido por vedação oficial)
519;07129010;200038;Redução de 60%;IX;03.09;Art. 138;07129010-200038-IX-03.09;data/base-normativa.json;60%;Art. 138;DIVERGENTE;NÃO;IMPLEMENTADA_COM_RESSALVA;item da regra (03.09) diferente dos itens da lei que cobrem o NCM (10, 21);;validação humana/decisão (divergência documentada na auditoria)
520;07133319;200003;Alíquota zero;I;7;Art. 125;07133319-200003-I-7;data/base-normativa.json;100%;Art. 125;CONFIRMADA;NÃO;IMPLEMENTADA_CONFIRMADA;;;nada
521;07133329;200003;Alíquota zero;I;7;Art. 125;07133329-200003-I-7;data/base-normativa.json;100%;Art. 125;CONFIRMADA;NÃO;IMPLEMENTADA_CONFIRMADA;;;nada
522;07133399;200003;Alíquota zero;I;7;Art. 125;07133399-200003-I-7;data/base-normativa.json;100%;Art. 125;CONFIRMADA;NÃO;IMPLEMENTADA_CONFIRMADA;;;nada
523;07133590;200003;Alíquota zero;I;7;Art. 125;07133590-200003-I-7;data/base-normativa.json;100%;Art. 125;CONFIRMADA;NÃO;IMPLEMENTADA_CONFIRMADA;;;nada
524;07141000;200014;Alíquota zero;XV;5;Art. 148;07141000-200014-XV-5;data/base-normativa.json;100%;Art. 148;CONFIRMADA;NÃO;IMPLEMENTADA_CONFIRMADA;;;nada
525;07142000;200014;Alíquota zero;XV;5;Art. 148;07142000-200014-XV-5;data/base-normativa.json;100%;Art. 148;CONFIRMADA;NÃO;IMPLEMENTADA_CONFIRMADA;;;nada
526;07143000;200014;Alíquota zero;XV;5;Art. 148;07143000-200014-XV-5;data/base-normativa.json;100%;Art. 148;CONFIRMADA;NÃO;IMPLEMENTADA_CONFIRMADA;;;nada
527;07144000;200014;Alíquota zero;XV;5;Art. 148;07144000-200014-XV-5;data/base-normativa.json;100%;Art. 148;CONFIRMADA;NÃO;IMPLEMENTADA_CONFIRMADA;;;nada
528;07145000;200014;Alíquota zero;XV;5;Art. 148;07145000-200014-XV-5;data/base-normativa.json;100%;Art. 148;CONFIRMADA;NÃO;IMPLEMENTADA_CONFIRMADA;;;nada
529;07149000;200014;Alíquota zero;XV;5;Art. 148;07149000-200014-XV-5;data/base-normativa.json;100%;Art. 148;CONFIRMADA;NÃO;IMPLEMENTADA_CONFIRMADA;;;nada
530;08011100;200014;Alíquota zero;XV;6;Art. 148;08011100-200014-XV-6;data/base-normativa.json;100%;Art. 148;CONFIRMADA;NÃO;IMPLEMENTADA_CONFIRMADA;;;nada
531;08011200;200014;Alíquota zero;XV;6;Art. 148;08011200-200014-XV-6;data/base-normativa.json;100%;Art. 148;CONFIRMADA;NÃO;IMPLEMENTADA_CONFIRMADA;;;nada
532;08011900;200014;Alíquota zero;XV;6;Art. 148;08011900-200014-XV-6;data/base-normativa.json;100%;Art. 148;CONFIRMADA;NÃO;IMPLEMENTADA_CONFIRMADA;;;nada
533;08031000;200014;Alíquota zero;XV;3;Art. 148;08031000-200014-XV-3;data/base-normativa.json;100%;Art. 148;CONFIRMADA;NÃO;IMPLEMENTADA_CONFIRMADA;;;nada
534;08039000;200014;Alíquota zero;XV;3;Art. 148;08039000-200014-XV-3;data/base-normativa.json;100%;Art. 148;CONFIRMADA;NÃO;IMPLEMENTADA_CONFIRMADA;;;nada
535;08041010;200014;Alíquota zero;XV;3;Art. 148;08041010-200014-XV-3;data/base-normativa.json;100%;Art. 148;CONFIRMADA;NÃO;IMPLEMENTADA_CONFIRMADA;;;nada
536;08041020;200014;Alíquota zero;XV;3;Art. 148;08041020-200014-XV-3;data/base-normativa.json;100%;Art. 148;CONFIRMADA;NÃO;IMPLEMENTADA_CONFIRMADA;;;nada
537;08042010;200014;Alíquota zero;XV;3;Art. 148;08042010-200014-XV-3;data/base-normativa.json;100%;Art. 148;CONFIRMADA;NÃO;IMPLEMENTADA_CONFIRMADA;;;nada
538;08042020;200014;Alíquota zero;XV;3;Art. 148;08042020-200014-XV-3;data/base-normativa.json;100%;Art. 148;CONFIRMADA;NÃO;IMPLEMENTADA_CONFIRMADA;;;nada
539;08043000;200014;Alíquota zero;XV;3;Art. 148;08043000-200014-XV-3;data/base-normativa.json;100%;Art. 148;CONFIRMADA;NÃO;IMPLEMENTADA_CONFIRMADA;;;nada
540;08044000;200014;Alíquota zero;XV;3;Art. 148;08044000-200014-XV-3;data/base-normativa.json;100%;Art. 148;CONFIRMADA;NÃO;IMPLEMENTADA_CONFIRMADA;;;nada
541;08045010;200014;Alíquota zero;XV;3;Art. 148;08045010-200014-XV-3;data/base-normativa.json;100%;Art. 148;CONFIRMADA;NÃO;IMPLEMENTADA_CONFIRMADA;;;nada
542;08045020;200014;Alíquota zero;XV;3;Art. 148;08045020-200014-XV-3;data/base-normativa.json;100%;Art. 148;CONFIRMADA;NÃO;IMPLEMENTADA_CONFIRMADA;;;nada
543;08045030;200014;Alíquota zero;XV;3;Art. 148;08045030-200014-XV-3;data/base-normativa.json;100%;Art. 148;CONFIRMADA;NÃO;IMPLEMENTADA_CONFIRMADA;;;nada
544;08051000;200014;Alíquota zero;XV;3;Art. 148;08051000-200014-XV-3;data/base-normativa.json;100%;Art. 148;CONFIRMADA;NÃO;IMPLEMENTADA_CONFIRMADA;;;nada
545;08052100;200014;Alíquota zero;XV;3;Art. 148;08052100-200014-XV-3;data/base-normativa.json;100%;Art. 148;CONFIRMADA;NÃO;IMPLEMENTADA_CONFIRMADA;;;nada
546;08052200;200014;Alíquota zero;XV;3;Art. 148;08052200-200014-XV-3;data/base-normativa.json;100%;Art. 148;CONFIRMADA;NÃO;IMPLEMENTADA_CONFIRMADA;;;nada
547;08052900;200014;Alíquota zero;XV;3;Art. 148;08052900-200014-XV-3;data/base-normativa.json;100%;Art. 148;CONFIRMADA;NÃO;IMPLEMENTADA_CONFIRMADA;;;nada
548;08054000;200014;Alíquota zero;XV;3;Art. 148;08054000-200014-XV-3;data/base-normativa.json;100%;Art. 148;CONFIRMADA;NÃO;IMPLEMENTADA_CONFIRMADA;;;nada
549;08055000;200014;Alíquota zero;XV;3;Art. 148;08055000-200014-XV-3;data/base-normativa.json;100%;Art. 148;CONFIRMADA;NÃO;IMPLEMENTADA_CONFIRMADA;;;nada
550;08059000;200014;Alíquota zero;XV;3;Art. 148;08059000-200014-XV-3;data/base-normativa.json;100%;Art. 148;CONFIRMADA;NÃO;IMPLEMENTADA_CONFIRMADA;;;nada
551;08061000;200014;Alíquota zero;XV;3;Art. 148;08061000-200014-XV-3;data/base-normativa.json;100%;Art. 148;CONFIRMADA;NÃO;IMPLEMENTADA_CONFIRMADA;;;nada
552;08062000;200014;Alíquota zero;XV;3;Art. 148;08062000-200014-XV-3;data/base-normativa.json;100%;Art. 148;CONFIRMADA;NÃO;IMPLEMENTADA_CONFIRMADA;;;nada
553;08071100;200014;Alíquota zero;XV;3;Art. 148;08071100-200014-XV-3;data/base-normativa.json;100%;Art. 148;CONFIRMADA;NÃO;IMPLEMENTADA_CONFIRMADA;;;nada
554;08071900;200014;Alíquota zero;XV;3;Art. 148;08071900-200014-XV-3;data/base-normativa.json;100%;Art. 148;CONFIRMADA;NÃO;IMPLEMENTADA_CONFIRMADA;;;nada
555;08072000;200014;Alíquota zero;XV;3;Art. 148;08072000-200014-XV-3;data/base-normativa.json;100%;Art. 148;CONFIRMADA;NÃO;IMPLEMENTADA_CONFIRMADA;;;nada
556;08081000;200014;Alíquota zero;XV;3;Art. 148;08081000-200014-XV-3;data/base-normativa.json;100%;Art. 148;CONFIRMADA;NÃO;IMPLEMENTADA_CONFIRMADA;;;nada
557;08083000;200014;Alíquota zero;XV;3;Art. 148;08083000-200014-XV-3;data/base-normativa.json;100%;Art. 148;CONFIRMADA;NÃO;IMPLEMENTADA_CONFIRMADA;;;nada
558;08084000;200014;Alíquota zero;XV;3;Art. 148;08084000-200014-XV-3;data/base-normativa.json;100%;Art. 148;CONFIRMADA;NÃO;IMPLEMENTADA_CONFIRMADA;;;nada
559;08091000;200014;Alíquota zero;XV;3;Art. 148;08091000-200014-XV-3;data/base-normativa.json;100%;Art. 148;CONFIRMADA;NÃO;IMPLEMENTADA_CONFIRMADA;;;nada
560;08092100;200014;Alíquota zero;XV;3;Art. 148;08092100-200014-XV-3;data/base-normativa.json;100%;Art. 148;CONFIRMADA;NÃO;IMPLEMENTADA_CONFIRMADA;;;nada
561;08092900;200014;Alíquota zero;XV;3;Art. 148;08092900-200014-XV-3;data/base-normativa.json;100%;Art. 148;CONFIRMADA;NÃO;IMPLEMENTADA_CONFIRMADA;;;nada
562;08093010;200014;Alíquota zero;XV;3;Art. 148;08093010-200014-XV-3;data/base-normativa.json;100%;Art. 148;CONFIRMADA;NÃO;IMPLEMENTADA_CONFIRMADA;;;nada
563;08093020;200014;Alíquota zero;XV;3;Art. 148;08093020-200014-XV-3;data/base-normativa.json;100%;Art. 148;CONFIRMADA;NÃO;IMPLEMENTADA_CONFIRMADA;;;nada
564;08094000;200014;Alíquota zero;XV;3;Art. 148;08094000-200014-XV-3;data/base-normativa.json;100%;Art. 148;CONFIRMADA;NÃO;IMPLEMENTADA_CONFIRMADA;;;nada
565;08101000;200014;Alíquota zero;XV;3;Art. 148;08101000-200014-XV-3;data/base-normativa.json;100%;Art. 148;CONFIRMADA;NÃO;IMPLEMENTADA_CONFIRMADA;;;nada
566;08102000;200014;Alíquota zero;XV;3;Art. 148;08102000-200014-XV-3;data/base-normativa.json;100%;Art. 148;CONFIRMADA;NÃO;IMPLEMENTADA_CONFIRMADA;;;nada
567;08103000;200014;Alíquota zero;XV;3;Art. 148;08103000-200014-XV-3;data/base-normativa.json;100%;Art. 148;CONFIRMADA;NÃO;IMPLEMENTADA_CONFIRMADA;;;nada
568;08104000;200014;Alíquota zero;XV;3;Art. 148;08104000-200014-XV-3;data/base-normativa.json;100%;Art. 148;CONFIRMADA;NÃO;IMPLEMENTADA_CONFIRMADA;;;nada
569;08105000;200014;Alíquota zero;XV;3;Art. 148;08105000-200014-XV-3;data/base-normativa.json;100%;Art. 148;CONFIRMADA;NÃO;IMPLEMENTADA_CONFIRMADA;;;nada
570;08106000;200014;Alíquota zero;XV;3;Art. 148;08106000-200014-XV-3;data/base-normativa.json;100%;Art. 148;CONFIRMADA;NÃO;IMPLEMENTADA_CONFIRMADA;;;nada
571;08107000;200014;Alíquota zero;XV;3;Art. 148;08107000-200014-XV-3;data/base-normativa.json;100%;Art. 148;CONFIRMADA;NÃO;IMPLEMENTADA_CONFIRMADA;;;nada
572;08109011;200014;Alíquota zero;XV;3;Art. 148;08109011-200014-XV-3;data/base-normativa.json;100%;Art. 148;CONFIRMADA;NÃO;IMPLEMENTADA_CONFIRMADA;;;nada
573;08109012;200014;Alíquota zero;XV;3;Art. 148;08109012-200014-XV-3;data/base-normativa.json;100%;Art. 148;CONFIRMADA;NÃO;IMPLEMENTADA_CONFIRMADA;;;nada
574;08109013;200014;Alíquota zero;XV;3;Art. 148;08109013-200014-XV-3;data/base-normativa.json;100%;Art. 148;CONFIRMADA;NÃO;IMPLEMENTADA_CONFIRMADA;;;nada
575;08109014;200014;Alíquota zero;XV;3;Art. 148;08109014-200014-XV-3;data/base-normativa.json;100%;Art. 148;CONFIRMADA;NÃO;IMPLEMENTADA_CONFIRMADA;;;nada
576;08109015;200014;Alíquota zero;XV;3;Art. 148;08109015-200014-XV-3;data/base-normativa.json;100%;Art. 148;CONFIRMADA;NÃO;IMPLEMENTADA_CONFIRMADA;;;nada
577;08109016;200014;Alíquota zero;XV;3;Art. 148;08109016-200014-XV-3;data/base-normativa.json;100%;Art. 148;CONFIRMADA;NÃO;IMPLEMENTADA_CONFIRMADA;;;nada
578;08109017;200014;Alíquota zero;XV;3;Art. 148;08109017-200014-XV-3;data/base-normativa.json;100%;Art. 148;CONFIRMADA;NÃO;IMPLEMENTADA_CONFIRMADA;;;nada
579;08109090;200014;Alíquota zero;XV;3;Art. 148;08109090-200014-XV-3;data/base-normativa.json;100%;Art. 148;CONFIRMADA;NÃO;IMPLEMENTADA_CONFIRMADA;;;nada
580;08111000;200014;Alíquota zero;XV;3;Art. 148;08111000-200014-XV-3;data/base-normativa.json;100%;Art. 148;CONFIRMADA;NÃO;IMPLEMENTADA_CONFIRMADA;;;nada
581;08112000;200014;Alíquota zero;XV;3;Art. 148;08112000-200014-XV-3;data/base-normativa.json;100%;Art. 148;CONFIRMADA;NÃO;IMPLEMENTADA_CONFIRMADA;;;nada
582;08119000;200014;Alíquota zero;XV;3;Art. 148;08119000-200014-XV-3;data/base-normativa.json;100%;Art. 148;CONFIRMADA;NÃO;IMPLEMENTADA_CONFIRMADA;;;nada
583;08121000;200034;Redução de 60%;VII;14;Art. 135;08121000-200034-VII-14;data/base-normativa.json;60%;Art. 135;DIVERGENTE;SIM;BLOQUEADA;o SVRS lista o NCM como VEDADO para 200034 | a lei exclui expressamente este NCM no item 14 da regra;NCM VEDADO no Portal para o código;nada (regra bloqueada: benefício impedido por vedação oficial)
584;08129000;200034;Redução de 60%;VII;14;Art. 135;08129000-200034-VII-14;data/base-normativa.json;60%;Art. 135;DIVERGENTE;SIM;BLOQUEADA;o SVRS lista o NCM como VEDADO para 200034 | a lei exclui expressamente este NCM no item 14 da regra;NCM VEDADO no Portal para o código;nada (regra bloqueada: benefício impedido por vedação oficial)
585;08140000;200034;Redução de 60%;VII;14;Art. 135;08140000-200034-VII-14;data/base-normativa.json;60%;Art. 135;DIVERGENTE;SIM;BLOQUEADA;o SVRS lista o NCM como VEDADO para 200034 | a lei exclui expressamente este NCM no item 14 da regra;NCM VEDADO no Portal para o código;nada (regra bloqueada: benefício impedido por vedação oficial)
586;09011110;200003;Alíquota zero;I;8;Art. 125;09011110-200003-I-8;data/base-normativa.json;100%;Art. 125;CONFIRMADA;NÃO;IMPLEMENTADA_CONFIRMADA;;;nada
587;09011190;200003;Alíquota zero;I;8;Art. 125;09011190-200003-I-8;data/base-normativa.json;100%;Art. 125;CONFIRMADA;NÃO;IMPLEMENTADA_CONFIRMADA;;;nada
588;09011200;200003;Alíquota zero;I;8;Art. 125;09011200-200003-I-8;data/base-normativa.json;100%;Art. 125;CONFIRMADA;NÃO;IMPLEMENTADA_CONFIRMADA;;;nada
589;09012100;200003;Alíquota zero;I;8;Art. 125;09012100-200003-I-8;data/base-normativa.json;100%;Art. 125;CONFIRMADA;NÃO;IMPLEMENTADA_CONFIRMADA;;;nada
590;09012200;200003;Alíquota zero;I;8;Art. 125;09012200-200003-I-8;data/base-normativa.json;100%;Art. 125;CONFIRMADA;NÃO;IMPLEMENTADA_CONFIRMADA;;;nada
591;09019000;200003;Alíquota zero;I;8;Art. 125;09019000-200003-I-8;data/base-normativa.json;100%;Art. 125;CONFIRMADA;NÃO;IMPLEMENTADA_CONFIRMADA;;;nada
592;09030010;200003;Alíquota zero;I;23;Art. 125;09030010-200003-I-23;data/base-normativa.json;100%;Art. 125;CONFIRMADA;NÃO;IMPLEMENTADA_CONFIRMADA;;;nada
593;09030090;200003;Alíquota zero;I;23;Art. 125;09030090-200003-I-23;data/base-normativa.json;100%;Art. 125;CONFIRMADA;NÃO;IMPLEMENTADA_CONFIRMADA;;;nada
594;10062010;200003;Alíquota zero;I;1;Art. 125;10062010-200003-I-1;data/base-normativa.json;100%;Art. 125;CONFIRMADA;NÃO;IMPLEMENTADA_CONFIRMADA;;;nada
595;10062020;200003;Alíquota zero;I;1;Art. 125;10062020-200003-I-1;data/base-normativa.json;100%;Art. 125;CONFIRMADA;NÃO;IMPLEMENTADA_CONFIRMADA;;;nada
596;10063011;200003;Alíquota zero;I;1;Art. 125;10063011-200003-I-1;data/base-normativa.json;100%;Art. 125;CONFIRMADA;NÃO;IMPLEMENTADA_CONFIRMADA;;;nada
597;10063019;200003;Alíquota zero;I;1;Art. 125;10063019-200003-I-1;data/base-normativa.json;100%;Art. 125;CONFIRMADA;NÃO;IMPLEMENTADA_CONFIRMADA;;;nada
598;10063021;200003;Alíquota zero;I;1;Art. 125;10063021-200003-I-1;data/base-normativa.json;100%;Art. 125;CONFIRMADA;NÃO;IMPLEMENTADA_CONFIRMADA;;;nada
599;10063029;200003;Alíquota zero;I;1;Art. 125;10063029-200003-I-1;data/base-normativa.json;100%;Art. 125;CONFIRMADA;NÃO;IMPLEMENTADA_CONFIRMADA;;;nada
600;10064000;200003;Alíquota zero;I;1;Art. 125;10064000-200003-I-1;data/base-normativa.json;100%;Art. 125;CONFIRMADA;NÃO;IMPLEMENTADA_CONFIRMADA;;;nada
601;11010010;200034;Redução de 60%;VII;4;Art. 135;11010010-200034-VII-4;data/base-normativa.json;60%;Art. 135;DIVERGENTE;SIM;BLOQUEADA;o SVRS lista o NCM como VEDADO para 200034;NCM VEDADO no Portal para o código;nada (regra bloqueada: benefício impedido por vedação oficial)
602;11010010;200003;Alíquota zero;I;13;Art. 125;11010010-200003-I-13;data/base-normativa.json;100%;Art. 125;CONFIRMADA;NÃO;IMPLEMENTADA_CONFIRMADA;;;nada
603;11010020;200034;Redução de 60%;VII;4;Art. 135;11010020-200034-VII-4;data/base-normativa.json;60%;Art. 135;CONFIRMADA;NÃO;IMPLEMENTADA_CONFIRMADA;;;nada
604;11022000;200034;Redução de 60%;VII;4;Art. 135;11022000-200034-VII-4;data/base-normativa.json;60%;Art. 135;DIVERGENTE;SIM;BLOQUEADA;o SVRS lista o NCM como VEDADO para 200034;NCM VEDADO no Portal para o código;nada (regra bloqueada: benefício impedido por vedação oficial)
605;11022000;200003;Alíquota zero;I;11;Art. 125;11022000-200003-I-11;data/base-normativa.json;100%;Art. 125;CONFIRMADA;NÃO;IMPLEMENTADA_CONFIRMADA;;;nada
606;11029000;200034;Redução de 60%;VII;4;Art. 135;11029000-200034-VII-4;data/base-normativa.json;60%;Art. 135;DIVERGENTE;SIM;BLOQUEADA;o SVRS lista o NCM como VEDADO para 200034;NCM VEDADO no Portal para o código;nada (regra bloqueada: benefício impedido por vedação oficial)
607;11029000;200003;Alíquota zero;I;18;Art. 125;11029000-200003-I-18;data/base-normativa.json;100%;Art. 125;CONFIRMADA;NÃO;IMPLEMENTADA_CONFIRMADA;;;nada
608;11031100;200034;Redução de 60%;VII;5;Art. 135;11031100-200034-VII-5;data/base-normativa.json;60%;Art. 135;CONFIRMADA;NÃO;IMPLEMENTADA_CONFIRMADA;;;nada
609;11031300;200003;Alíquota zero;I;11;Art. 125;11031300-200003-I-11;data/base-normativa.json;100%;Art. 125;CONFIRMADA;NÃO;IMPLEMENTADA_CONFIRMADA;;;nada
610;11031900;200034;Redução de 60%;VII;5;Art. 135;11031900-200034-VII-5;data/base-normativa.json;60%;Art. 135;CONFIRMADA;NÃO;IMPLEMENTADA_CONFIRMADA;;;nada
611;11041200;200034;Redução de 60%;VII;6;Art. 135;11041200-200034-VII-6;data/base-normativa.json;60%;Art. 135;DIVERGENTE;SIM;BLOQUEADA;o SVRS lista o NCM como VEDADO para 200034;NCM VEDADO no Portal para o código;nada (regra bloqueada: benefício impedido por vedação oficial)
612;11041200;200003;Alíquota zero;I;17;Art. 125;11041200-200003-I-17;data/base-normativa.json;100%;Art. 125;CONFIRMADA;NÃO;IMPLEMENTADA_CONFIRMADA;;;nada
613;11041900;200034;Redução de 60%;VII;6;Art. 135;11041900-200034-VII-6;data/base-normativa.json;60%;Art. 135;DIVERGENTE;SIM;BLOQUEADA;o SVRS lista o NCM como VEDADO para 200034;NCM VEDADO no Portal para o código;nada (regra bloqueada: benefício impedido por vedação oficial)
614;11041900;200003;Alíquota zero;I;12;Art. 125;11041900-200003-I-12;data/base-normativa.json;100%;Art. 125;CONFIRMADA;NÃO;IMPLEMENTADA_CONFIRMADA;;;nada
615;11042200;200034;Redução de 60%;VII;6;Art. 135;11042200-200034-VII-6;data/base-normativa.json;60%;Art. 135;DIVERGENTE;SIM;BLOQUEADA;o SVRS lista o NCM como VEDADO para 200034;NCM VEDADO no Portal para o código;nada (regra bloqueada: benefício impedido por vedação oficial)
616;11042200;200003;Alíquota zero;I;17;Art. 125;11042200-200003-I-17;data/base-normativa.json;100%;Art. 125;CONFIRMADA;NÃO;IMPLEMENTADA_CONFIRMADA;;;nada
617;11042300;200034;Redução de 60%;VII;6;Art. 135;11042300-200034-VII-6;data/base-normativa.json;60%;Art. 135;DIVERGENTE;SIM;BLOQUEADA;o SVRS lista o NCM como VEDADO para 200034;NCM VEDADO no Portal para o código;nada (regra bloqueada: benefício impedido por vedação oficial)
618;11042300;200003;Alíquota zero;I;12;Art. 125;11042300-200003-I-12;data/base-normativa.json;100%;Art. 125;CONFIRMADA;NÃO;IMPLEMENTADA_CONFIRMADA;;;nada
619;11042900;200034;Redução de 60%;VII;6;Art. 135;11042900-200034-VII-6;data/base-normativa.json;60%;Art. 135;CONFIRMADA;NÃO;IMPLEMENTADA_CONFIRMADA;;;nada
620;11051000;200034;Redução de 60%;VII;4;Art. 135;11051000-200034-VII-4;data/base-normativa.json;60%;Art. 135;CONFIRMADA;NÃO;IMPLEMENTADA_CONFIRMADA;;;nada
621;11052000;200034;Redução de 60%;VII;4;Art. 135;11052000-200034-VII-4;data/base-normativa.json;60%;Art. 135;CONFIRMADA;NÃO;IMPLEMENTADA_CONFIRMADA;;;nada
622;11061000;200034;Redução de 60%;VII;4;Art. 135;11061000-200034-VII-4;data/base-normativa.json;60%;Art. 135;CONFIRMADA;NÃO;IMPLEMENTADA_CONFIRMADA;;;nada
623;11062000;200034;Redução de 60%;VII;4;Art. 135;11062000-200034-VII-4;data/base-normativa.json;60%;Art. 135;DIVERGENTE;SIM;BLOQUEADA;o SVRS lista o NCM como VEDADO para 200034;NCM VEDADO no Portal para o código;nada (regra bloqueada: benefício impedido por vedação oficial)
624;11062000;200003;Alíquota zero;I;10;Art. 125;11062000-200003-I-10;data/base-normativa.json;100%;Art. 125;CONFIRMADA;NÃO;IMPLEMENTADA_CONFIRMADA;;;nada
625;11063000;200034;Redução de 60%;VII;4;Art. 135;11063000-200034-VII-4;data/base-normativa.json;60%;Art. 135;CONFIRMADA;NÃO;IMPLEMENTADA_CONFIRMADA;;;nada
626;11081200;200034;Redução de 60%;VII;7;Art. 135;11081200-200034-VII-7;data/base-normativa.json;60%;Art. 135;CONFIRMADA;NÃO;IMPLEMENTADA_CONFIRMADA;;;nada
627;12011000;200038;Redução de 60%;IX;05.06;Art. 138;12011000-200038-IX-05.06;data/base-normativa.json;60%;Art. 138;DIVERGENTE;NÃO;IMPLEMENTADA_COM_RESSALVA;item da regra (05.06) diferente dos itens da lei que cobrem o NCM (7, 10, 19);;validação humana/decisão (divergência documentada na auditoria)
628;12081000;200034;Redução de 60%;VII;4;Art. 135;12081000-200034-VII-4;data/base-normativa.json;60%;Art. 135;NAO_DETERMINADA;NÃO;IMPLEMENTADA_COM_RESSALVA;"NCM coberto por 2 itens do anexo (4, 15); o item da regra está entre eles; a escolha depende do produto";;validação humana/decisão (divergência documentada na auditoria)
629;12089000;200034;Redução de 60%;VII;4;Art. 135;12089000-200034-VII-4;data/base-normativa.json;60%;Art. 135;NAO_DETERMINADA;NÃO;IMPLEMENTADA_COM_RESSALVA;"NCM coberto por 2 itens do anexo (4, 15); o item da regra está entre eles; a escolha depende do produto";;validação humana/decisão (divergência documentada na auditoria)
630;12130000;200038;Redução de 60%;IX;05.06;Art. 138;12130000-200038-IX-05.06;data/base-normativa.json;60%;Art. 138;DIVERGENTE;NÃO;IMPLEMENTADA_COM_RESSALVA;item da regra (05.06) diferente dos itens da lei que cobrem o NCM (7, 10, 19);;validação humana/decisão (divergência documentada na auditoria)
631;13019090;200038;Redução de 60%;IX;05.06;Art. 138;13019090-200038-IX-05.06;data/base-normativa.json;60%;Art. 138;DIVERGENTE;NÃO;IMPLEMENTADA_COM_RESSALVA;item da regra (05.06) diferente dos itens da lei que cobrem o NCM (7);;validação humana/decisão (divergência documentada na auditoria)
632;13021991;200038;Redução de 60%;IX;05.06;Art. 138;13021991-200038-IX-05.06;data/base-normativa.json;60%;Art. 138;DIVERGENTE;NÃO;IMPLEMENTADA_COM_RESSALVA;item da regra (05.06) diferente dos itens da lei que cobrem o NCM (7);;validação humana/decisão (divergência documentada na auditoria)
633;13021999;200038;Redução de 60%;IX;05.06;Art. 138;13021999-200038-IX-05.06;data/base-normativa.json;60%;Art. 138;DIVERGENTE;NÃO;IMPLEMENTADA_COM_RESSALVA;item da regra (05.06) diferente dos itens da lei que cobrem o NCM (7);;validação humana/decisão (divergência documentada na auditoria)
634;14019000;200038;Redução de 60%;IX;05.06;Art. 138;14019000-200038-IX-05.06;data/base-normativa.json;60%;Art. 138;DIVERGENTE;NÃO;IMPLEMENTADA_COM_RESSALVA;item da regra (05.06) diferente dos itens da lei que cobrem o NCM (7);;validação humana/decisão (divergência documentada na auditoria)
635;14049090;200038;Redução de 60%;IX;05.06;Art. 138;14049090-200038-IX-05.06;data/base-normativa.json;60%;Art. 138;DIVERGENTE;NÃO;IMPLEMENTADA_COM_RESSALVA;item da regra (05.06) diferente dos itens da lei que cobrem o NCM (7);;validação humana/decisão (divergência documentada na auditoria)
636;15079011;200034;Redução de 60%;VII;8;Art. 135;15079011-200034-VII-8;data/base-normativa.json;60%;Art. 135;CONFIRMADA;NÃO;IMPLEMENTADA_CONFIRMADA;;;nada
637;15079019;200034;Redução de 60%;VII;8;Art. 135;15079019-200034-VII-8;data/base-normativa.json;60%;Art. 135;CONFIRMADA;NÃO;IMPLEMENTADA_CONFIRMADA;;;nada
638;15079090;200034;Redução de 60%;VII;8;Art. 135;15079090-200034-VII-8;data/base-normativa.json;60%;Art. 135;CONFIRMADA;NÃO;IMPLEMENTADA_CONFIRMADA;;;nada
639;15081000;200034;Redução de 60%;VII;8;Art. 135;15081000-200034-VII-8;data/base-normativa.json;60%;Art. 135;CONFIRMADA;NÃO;IMPLEMENTADA_CONFIRMADA;;;nada
640;15089000;200034;Redução de 60%;VII;8;Art. 135;15089000-200034-VII-8;data/base-normativa.json;60%;Art. 135;CONFIRMADA;NÃO;IMPLEMENTADA_CONFIRMADA;;;nada
641;15111000;200034;Redução de 60%;VII;8;Art. 135;15111000-200034-VII-8;data/base-normativa.json;60%;Art. 135;CONFIRMADA;NÃO;IMPLEMENTADA_CONFIRMADA;;;nada
642;15119000;200034;Redução de 60%;VII;8;Art. 135;15119000-200034-VII-8;data/base-normativa.json;60%;Art. 135;CONFIRMADA;NÃO;IMPLEMENTADA_CONFIRMADA;;;nada
643;15121110;200034;Redução de 60%;VII;8;Art. 135;15121110-200034-VII-8;data/base-normativa.json;60%;Art. 135;CONFIRMADA;NÃO;IMPLEMENTADA_CONFIRMADA;;;nada
644;15121120;200034;Redução de 60%;VII;8;Art. 135;15121120-200034-VII-8;data/base-normativa.json;60%;Art. 135;CONFIRMADA;NÃO;IMPLEMENTADA_CONFIRMADA;;;nada
645;15121911;200034;Redução de 60%;VII;8;Art. 135;15121911-200034-VII-8;data/base-normativa.json;60%;Art. 135;CONFIRMADA;NÃO;IMPLEMENTADA_CONFIRMADA;;;nada
646;15121919;200034;Redução de 60%;VII;8;Art. 135;15121919-200034-VII-8;data/base-normativa.json;60%;Art. 135;CONFIRMADA;NÃO;IMPLEMENTADA_CONFIRMADA;;;nada
647;15121920;200034;Redução de 60%;VII;8;Art. 135;15121920-200034-VII-8;data/base-normativa.json;60%;Art. 135;CONFIRMADA;NÃO;IMPLEMENTADA_CONFIRMADA;;;nada
648;15122100;200034;Redução de 60%;VII;8;Art. 135;15122100-200034-VII-8;data/base-normativa.json;60%;Art. 135;CONFIRMADA;NÃO;IMPLEMENTADA_CONFIRMADA;;;nada
649;15122910;200034;Redução de 60%;VII;8;Art. 135;15122910-200034-VII-8;data/base-normativa.json;60%;Art. 135;CONFIRMADA;NÃO;IMPLEMENTADA_CONFIRMADA;;;nada
650;15122990;200034;Redução de 60%;VII;8;Art. 135;15122990-200034-VII-8;data/base-normativa.json;60%;Art. 135;CONFIRMADA;NÃO;IMPLEMENTADA_CONFIRMADA;;;nada
651;15131100;200034;Redução de 60%;VII;8;Art. 135;15131100-200034-VII-8;data/base-normativa.json;60%;Art. 135;CONFIRMADA;NÃO;IMPLEMENTADA_CONFIRMADA;;;nada
652;15131900;200033;Redução de 60%;VI;81;Arts. 133 e 134;15131900-200033-VI-81;data/base-normativa.json;60%;Arts. 133 e 134;CONFIRMADA;NÃO;IMPLEMENTADA_CONFIRMADA;;;nada
653;15131900;200034;Redução de 60%;VII;8;Art. 135;15131900-200034-VII-8;data/base-normativa.json;60%;Art. 135;CONFIRMADA;NÃO;IMPLEMENTADA_CONFIRMADA;;;nada
654;15132111;200034;Redução de 60%;VII;8;Art. 135;15132111-200034-VII-8;data/base-normativa.json;60%;Art. 135;CONFIRMADA;NÃO;IMPLEMENTADA_CONFIRMADA;;;nada
655;15132119;200034;Redução de 60%;VII;8;Art. 135;15132119-200034-VII-8;data/base-normativa.json;60%;Art. 135;CONFIRMADA;NÃO;IMPLEMENTADA_CONFIRMADA;;;nada
656;15132120;200034;Redução de 60%;VII;8;Art. 135;15132120-200034-VII-8;data/base-normativa.json;60%;Art. 135;CONFIRMADA;NÃO;IMPLEMENTADA_CONFIRMADA;;;nada
657;15132120;200003;Alíquota zero;I;9;Art. 125;15132120-200003-I-9;data/base-normativa.json;100%;Art. 125;CONFIRMADA;NÃO;IMPLEMENTADA_CONFIRMADA;;;nada
658;15132911;200033;Redução de 60%;VI;81;Arts. 133 e 134;15132911-200033-VI-81;data/base-normativa.json;60%;Arts. 133 e 134;CONFIRMADA;NÃO;IMPLEMENTADA_CONFIRMADA;;;nada
659;15132911;200034;Redução de 60%;VII;8;Art. 135;15132911-200034-VII-8;data/base-normativa.json;60%;Art. 135;CONFIRMADA;NÃO;IMPLEMENTADA_CONFIRMADA;;;nada
660;15132919;200034;Redução de 60%;VII;8;Art. 135;15132919-200034-VII-8;data/base-normativa.json;60%;Art. 135;CONFIRMADA;NÃO;IMPLEMENTADA_CONFIRMADA;;;nada
661;15132920;200034;Redução de 60%;VII;8;Art. 135;15132920-200034-VII-8;data/base-normativa.json;60%;Art. 135;CONFIRMADA;NÃO;IMPLEMENTADA_CONFIRMADA;;;nada
662;15141100;200034;Redução de 60%;VII;8;Art. 135;15141100-200034-VII-8;data/base-normativa.json;60%;Art. 135;CONFIRMADA;NÃO;IMPLEMENTADA_CONFIRMADA;;;nada
663;15141910;200034;Redução de 60%;VII;8;Art. 135;15141910-200034-VII-8;data/base-normativa.json;60%;Art. 135;CONFIRMADA;NÃO;IMPLEMENTADA_CONFIRMADA;;;nada
664;15141990;200034;Redução de 60%;VII;8;Art. 135;15141990-200034-VII-8;data/base-normativa.json;60%;Art. 135;CONFIRMADA;NÃO;IMPLEMENTADA_CONFIRMADA;;;nada
665;15149100;200034;Redução de 60%;VII;8;Art. 135;15149100-200034-VII-8;data/base-normativa.json;60%;Art. 135;CONFIRMADA;NÃO;IMPLEMENTADA_CONFIRMADA;;;nada
666;15149910;200034;Redução de 60%;VII;8;Art. 135;15149910-200034-VII-8;data/base-normativa.json;60%;Art. 135;CONFIRMADA;NÃO;IMPLEMENTADA_CONFIRMADA;;;nada
667;15149990;200034;Redução de 60%;VII;8;Art. 135;15149990-200034-VII-8;data/base-normativa.json;60%;Art. 135;CONFIRMADA;NÃO;IMPLEMENTADA_CONFIRMADA;;;nada
668;15151100;200034;Redução de 60%;VII;8;Art. 135;15151100-200034-VII-8;data/base-normativa.json;60%;Art. 135;CONFIRMADA;NÃO;IMPLEMENTADA_CONFIRMADA;;;nada
669;15151900;200034;Redução de 60%;VII;8;Art. 135;15151900-200034-VII-8;data/base-normativa.json;60%;Art. 135;CONFIRMADA;NÃO;IMPLEMENTADA_CONFIRMADA;;;nada
670;15152100;200034;Redução de 60%;VII;8;Art. 135;15152100-200034-VII-8;data/base-normativa.json;60%;Art. 135;CONFIRMADA;NÃO;IMPLEMENTADA_CONFIRMADA;;;nada
671;15152910;200034;Redução de 60%;VII;8;Art. 135;15152910-200034-VII-8;data/base-normativa.json;60%;Art. 135;CONFIRMADA;NÃO;IMPLEMENTADA_CONFIRMADA;;;nada
672;15152990;200034;Redução de 60%;VII;8;Art. 135;15152990-200034-VII-8;data/base-normativa.json;60%;Art. 135;CONFIRMADA;NÃO;IMPLEMENTADA_CONFIRMADA;;;nada
673;15153000;200034;Redução de 60%;VII;8;Art. 135;15153000-200034-VII-8;data/base-normativa.json;60%;Art. 135;CONFIRMADA;NÃO;IMPLEMENTADA_CONFIRMADA;;;nada
674;15155000;200034;Redução de 60%;VII;8;Art. 135;15155000-200034-VII-8;data/base-normativa.json;60%;Art. 135;CONFIRMADA;NÃO;IMPLEMENTADA_CONFIRMADA;;;nada
675;15156000;200034;Redução de 60%;VII;8;Art. 135;15156000-200034-VII-8;data/base-normativa.json;60%;Art. 135;CONFIRMADA;NÃO;IMPLEMENTADA_CONFIRMADA;;;nada
676;15159010;200034;Redução de 60%;VII;8;Art. 135;15159010-200034-VII-8;data/base-normativa.json;60%;Art. 135;CONFIRMADA;NÃO;IMPLEMENTADA_CONFIRMADA;;;nada
677;15159021;200034;Redução de 60%;VII;8;Art. 135;15159021-200034-VII-8;data/base-normativa.json;60%;Art. 135;CONFIRMADA;NÃO;IMPLEMENTADA_CONFIRMADA;;;nada
678;15159022;200034;Redução de 60%;VII;8;Art. 135;15159022-200034-VII-8;data/base-normativa.json;60%;Art. 135;CONFIRMADA;NÃO;IMPLEMENTADA_CONFIRMADA;;;nada
679;15159090;200034;Redução de 60%;VII;8;Art. 135;15159090-200034-VII-8;data/base-normativa.json;60%;Art. 135;CONFIRMADA;NÃO;IMPLEMENTADA_CONFIRMADA;;;nada
680;15171000;200003;Alíquota zero;I;6;Art. 125;15171000-200003-I-6;data/base-normativa.json;100%;Art. 125;CONFIRMADA;NÃO;IMPLEMENTADA_CONFIRMADA;;;nada
681;17011400;200003;Alíquota zero;I;14;Art. 125;17011400-200003-I-14;data/base-normativa.json;100%;Art. 125;CONFIRMADA;NÃO;IMPLEMENTADA_CONFIRMADA;;;nada
682;17019900;200003;Alíquota zero;I;14;Art. 125;17019900-200003-I-14;data/base-normativa.json;100%;Art. 125;CONFIRMADA;NÃO;IMPLEMENTADA_CONFIRMADA;;;nada
683;17023011;200033;Redução de 60%;VI;58;Arts. 133 e 134;17023011-200033-VI-58;data/base-normativa.json;60%;Arts. 133 e 134;CONFIRMADA;NÃO;IMPLEMENTADA_CONFIRMADA;;;nada
684;17025000;200033;Redução de 60%;VI;54;Arts. 133 e 134;17025000-200033-VI-54;data/base-normativa.json;60%;Arts. 133 e 134;DIVERGENTE;NÃO;IMPLEMENTADA_COM_RESSALVA;NCM só na lei (ausente do SVRS para o código);;validação humana/decisão (divergência documentada na auditoria)
685;19011010;200003;Alíquota zero;I;4;Art. 125;19011010-200003-I-4;data/base-normativa.json;100%;Art. 125;CONFIRMADA;NÃO;IMPLEMENTADA_CONFIRMADA;;;nada
686;19011090;200003;Alíquota zero;I;4;Art. 125;19011090-200003-I-4;data/base-normativa.json;100%;Art. 125;CONFIRMADA;NÃO;IMPLEMENTADA_CONFIRMADA;;;nada
687;19012010;200003;Alíquota zero;I;16;Art. 125;19012010-200003-I-16;data/base-normativa.json;100%;Art. 125;CONFIRMADA;NÃO;IMPLEMENTADA_CONFIRMADA;;;nada
688;19012090;200003;Alíquota zero;I;16;Art. 125;19012090-200003-I-16;data/base-normativa.json;100%;Art. 125;CONFIRMADA;NÃO;IMPLEMENTADA_CONFIRMADA;;;nada
689;19019090;200003;Alíquota zero;I;24;Art. 125;19019090-200003-I-24;data/base-normativa.json;100%;Art. 125;CONFIRMADA;NÃO;IMPLEMENTADA_CONFIRMADA;;;nada
690;19021100;200003;Alíquota zero;I;15;Art. 125;19021100-200003-I-15;data/base-normativa.json;100%;Art. 125;CONFIRMADA;NÃO;IMPLEMENTADA_CONFIRMADA;;;nada
691;19021900;200003;Alíquota zero;I;15;Art. 125;19021900-200003-I-15;data/base-normativa.json;100%;Art. 125;NAO_DETERMINADA;NÃO;IMPLEMENTADA_COM_RESSALVA;"NCM coberto por 2 itens do anexo (15, 25); o item da regra está entre eles; a escolha depende do produto";;validação humana/decisão (divergência documentada na auditoria)
692;19021900;200003;Alíquota zero;I;25;Art. 125;19021900-200003-I-25;data/base-normativa.json;100%;Art. 125;NAO_DETERMINADA;NÃO;IMPLEMENTADA_COM_RESSALVA;"NCM coberto por 2 itens do anexo (15, 25); o item da regra está entre eles; a escolha depende do produto";;validação humana/decisão (divergência documentada na auditoria)
693;19022000;200034;Redução de 60%;VII;9;Art. 135;19022000-200034-VII-9;data/base-normativa.json;60%;Art. 135;CONFIRMADA;NÃO;IMPLEMENTADA_CONFIRMADA;;;nada
694;19023000;200034;Redução de 60%;VII;9;Art. 135;19023000-200034-VII-9;data/base-normativa.json;60%;Art. 135;CONFIRMADA;NÃO;IMPLEMENTADA_CONFIRMADA;;;nada
695;19030000;200003;Alíquota zero;I;10;Art. 125;19030000-200003-I-10;data/base-normativa.json;100%;Art. 125;CONFIRMADA;NÃO;IMPLEMENTADA_CONFIRMADA;;;nada
696;19059010;200034;Redução de 60%;VII;12;Art. 135;19059010-200034-VII-12;data/base-normativa.json;60%;Art. 135;CONFIRMADA;NÃO;IMPLEMENTADA_CONFIRMADA;;;nada
697;19059090;200003;Alíquota zero;I;16;Art. 125;19059090-200003-I-16;data/base-normativa.json;100%;Art. 125;CONFIRMADA;NÃO;IMPLEMENTADA_CONFIRMADA;;;nada
698;20021000;200034;Redução de 60%;VII;16;Art. 135;20021000-200034-VII-16;data/base-normativa.json;60%;Art. 135;CONFIRMADA;NÃO;IMPLEMENTADA_CONFIRMADA;;;nada
699;20029000;200034;Redução de 60%;VII;13;Art. 135;20029000-200034-VII-13;data/base-normativa.json;60%;Art. 135;CONFIRMADA;NÃO;IMPLEMENTADA_CONFIRMADA;;;nada
700;20041000;200034;Redução de 60%;VII;16;Art. 135;20041000-200034-VII-16;data/base-normativa.json;60%;Art. 135;CONFIRMADA;NÃO;IMPLEMENTADA_CONFIRMADA;;;nada
701;20049000;200034;Redução de 60%;VII;16;Art. 135;20049000-200034-VII-16;data/base-normativa.json;60%;Art. 135;CONFIRMADA;NÃO;IMPLEMENTADA_CONFIRMADA;;;nada
702;20051000;200034;Redução de 60%;VII;16;Art. 135;20051000-200034-VII-16;data/base-normativa.json;60%;Art. 135;CONFIRMADA;NÃO;IMPLEMENTADA_CONFIRMADA;;;nada
703;20052000;200034;Redução de 60%;VII;16;Art. 135;20052000-200034-VII-16;data/base-normativa.json;60%;Art. 135;CONFIRMADA;NÃO;IMPLEMENTADA_CONFIRMADA;;;nada
704;20054000;200034;Redução de 60%;VII;16;Art. 135;20054000-200034-VII-16;data/base-normativa.json;60%;Art. 135;CONFIRMADA;NÃO;IMPLEMENTADA_CONFIRMADA;;;nada
705;20055100;200034;Redução de 60%;VII;16;Art. 135;20055100-200034-VII-16;data/base-normativa.json;60%;Art. 135;CONFIRMADA;NÃO;IMPLEMENTADA_CONFIRMADA;;;nada
706;20055900;200034;Redução de 60%;VII;16;Art. 135;20055900-200034-VII-16;data/base-normativa.json;60%;Art. 135;CONFIRMADA;NÃO;IMPLEMENTADA_CONFIRMADA;;;nada
707;20056000;200034;Redução de 60%;VII;16;Art. 135;20056000-200034-VII-16;data/base-normativa.json;60%;Art. 135;CONFIRMADA;NÃO;IMPLEMENTADA_CONFIRMADA;;;nada
708;20057000;200034;Redução de 60%;VII;16;Art. 135;20057000-200034-VII-16;data/base-normativa.json;60%;Art. 135;CONFIRMADA;NÃO;IMPLEMENTADA_CONFIRMADA;;;nada
709;20058000;200034;Redução de 60%;VII;16;Art. 135;20058000-200034-VII-16;data/base-normativa.json;60%;Art. 135;CONFIRMADA;NÃO;IMPLEMENTADA_CONFIRMADA;;;nada
710;20059100;200034;Redução de 60%;VII;16;Art. 135;20059100-200034-VII-16;data/base-normativa.json;60%;Art. 135;CONFIRMADA;NÃO;IMPLEMENTADA_CONFIRMADA;;;nada
711;20059900;200034;Redução de 60%;VII;16;Art. 135;20059900-200034-VII-16;data/base-normativa.json;60%;Art. 135;CONFIRMADA;NÃO;IMPLEMENTADA_CONFIRMADA;;;nada
712;20081100;200034;Redução de 60%;VII;11;Art. 135;20081100-200034-VII-11;data/base-normativa.json;60%;Art. 135;NAO_DETERMINADA;NÃO;IMPLEMENTADA_COM_RESSALVA;"NCM coberto por 2 itens do anexo (11, 17); o item da regra está entre eles; a escolha depende do produto";;validação humana/decisão (divergência documentada na auditoria)
713;20081100;200034;Redução de 60%;VII;17;Art. 135;20081100-200034-VII-17;data/base-normativa.json;60%;Art. 135;NAO_DETERMINADA;NÃO;IMPLEMENTADA_COM_RESSALVA;"NCM coberto por 2 itens do anexo (11, 17); o item da regra está entre eles; a escolha depende do produto";;validação humana/decisão (divergência documentada na auditoria)
714;20081900;200034;Redução de 60%;VII;11;Art. 135;20081900-200034-VII-11;data/base-normativa.json;60%;Art. 135;NAO_DETERMINADA;NÃO;IMPLEMENTADA_COM_RESSALVA;"NCM coberto por 2 itens do anexo (11, 17); o item da regra está entre eles; a escolha depende do produto";;validação humana/decisão (divergência documentada na auditoria)
715;20081900;200034;Redução de 60%;VII;17;Art. 135;20081900-200034-VII-17;data/base-normativa.json;60%;Art. 135;NAO_DETERMINADA;NÃO;IMPLEMENTADA_COM_RESSALVA;"NCM coberto por 2 itens do anexo (11, 17); o item da regra está entre eles; a escolha depende do produto";;validação humana/decisão (divergência documentada na auditoria)
716;20082010;200034;Redução de 60%;VII;11;Art. 135;20082010-200034-VII-11;data/base-normativa.json;60%;Art. 135;CONFIRMADA;NÃO;IMPLEMENTADA_CONFIRMADA;;;nada
717;20082090;200034;Redução de 60%;VII;11;Art. 135;20082090-200034-VII-11;data/base-normativa.json;60%;Art. 135;CONFIRMADA;NÃO;IMPLEMENTADA_CONFIRMADA;;;nada
718;20083000;200034;Redução de 60%;VII;11;Art. 135;20083000-200034-VII-11;data/base-normativa.json;60%;Art. 135;CONFIRMADA;NÃO;IMPLEMENTADA_CONFIRMADA;;;nada
719;20084010;200034;Redução de 60%;VII;11;Art. 135;20084010-200034-VII-11;data/base-normativa.json;60%;Art. 135;CONFIRMADA;NÃO;IMPLEMENTADA_CONFIRMADA;;;nada
720;20084090;200034;Redução de 60%;VII;11;Art. 135;20084090-200034-VII-11;data/base-normativa.json;60%;Art. 135;CONFIRMADA;NÃO;IMPLEMENTADA_CONFIRMADA;;;nada
721;20085000;200034;Redução de 60%;VII;11;Art. 135;20085000-200034-VII-11;data/base-normativa.json;60%;Art. 135;CONFIRMADA;NÃO;IMPLEMENTADA_CONFIRMADA;;;nada
722;20086010;200034;Redução de 60%;VII;11;Art. 135;20086010-200034-VII-11;data/base-normativa.json;60%;Art. 135;CONFIRMADA;NÃO;IMPLEMENTADA_CONFIRMADA;;;nada
723;20086090;200034;Redução de 60%;VII;11;Art. 135;20086090-200034-VII-11;data/base-normativa.json;60%;Art. 135;CONFIRMADA;NÃO;IMPLEMENTADA_CONFIRMADA;;;nada
724;20087010;200034;Redução de 60%;VII;11;Art. 135;20087010-200034-VII-11;data/base-normativa.json;60%;Art. 135;CONFIRMADA;NÃO;IMPLEMENTADA_CONFIRMADA;;;nada
725;20087020;200034;Redução de 60%;VII;11;Art. 135;20087020-200034-VII-11;data/base-normativa.json;60%;Art. 135;CONFIRMADA;NÃO;IMPLEMENTADA_CONFIRMADA;;;nada
726;20087090;200034;Redução de 60%;VII;11;Art. 135;20087090-200034-VII-11;data/base-normativa.json;60%;Art. 135;CONFIRMADA;NÃO;IMPLEMENTADA_CONFIRMADA;;;nada
727;20088000;200034;Redução de 60%;VII;11;Art. 135;20088000-200034-VII-11;data/base-normativa.json;60%;Art. 135;CONFIRMADA;NÃO;IMPLEMENTADA_CONFIRMADA;;;nada
728;20089100;200034;Redução de 60%;VII;11;Art. 135;20089100-200034-VII-11;data/base-normativa.json;60%;Art. 135;CONFIRMADA;NÃO;IMPLEMENTADA_CONFIRMADA;;;nada
729;20089300;200034;Redução de 60%;VII;11;Art. 135;20089300-200034-VII-11;data/base-normativa.json;60%;Art. 135;CONFIRMADA;NÃO;IMPLEMENTADA_CONFIRMADA;;;nada
730;20089710;200034;Redução de 60%;VII;11;Art. 135;20089710-200034-VII-11;data/base-normativa.json;60%;Art. 135;CONFIRMADA;NÃO;IMPLEMENTADA_CONFIRMADA;;;nada
731;20089790;200034;Redução de 60%;VII;11;Art. 135;20089790-200034-VII-11;data/base-normativa.json;60%;Art. 135;CONFIRMADA;NÃO;IMPLEMENTADA_CONFIRMADA;;;nada
732;20089900;200034;Redução de 60%;VII;11;Art. 135;20089900-200034-VII-11;data/base-normativa.json;60%;Art. 135;CONFIRMADA;NÃO;IMPLEMENTADA_CONFIRMADA;;;nada
733;20091100;200034;Redução de 60%;VII;10;Art. 135;20091100-200034-VII-10;data/base-normativa.json;60%;Art. 135;CONFIRMADA;NÃO;IMPLEMENTADA_CONFIRMADA;;;nada
734;20091200;200034;Redução de 60%;VII;10;Art. 135;20091200-200034-VII-10;data/base-normativa.json;60%;Art. 135;CONFIRMADA;NÃO;IMPLEMENTADA_CONFIRMADA;;;nada
735;20091900;200034;Redução de 60%;VII;10;Art. 135;20091900-200034-VII-10;data/base-normativa.json;60%;Art. 135;CONFIRMADA;NÃO;IMPLEMENTADA_CONFIRMADA;;;nada
736;20092100;200034;Redução de 60%;VII;10;Art. 135;20092100-200034-VII-10;data/base-normativa.json;60%;Art. 135;CONFIRMADA;NÃO;IMPLEMENTADA_CONFIRMADA;;;nada
737;20092900;200034;Redução de 60%;VII;10;Art. 135;20092900-200034-VII-10;data/base-normativa.json;60%;Art. 135;CONFIRMADA;NÃO;IMPLEMENTADA_CONFIRMADA;;;nada
738;20093100;200034;Redução de 60%;VII;10;Art. 135;20093100-200034-VII-10;data/base-normativa.json;60%;Art. 135;CONFIRMADA;NÃO;IMPLEMENTADA_CONFIRMADA;;;nada
739;20093900;200034;Redução de 60%;VII;10;Art. 135;20093900-200034-VII-10;data/base-normativa.json;60%;Art. 135;CONFIRMADA;NÃO;IMPLEMENTADA_CONFIRMADA;;;nada
740;20094100;200034;Redução de 60%;VII;10;Art. 135;20094100-200034-VII-10;data/base-normativa.json;60%;Art. 135;CONFIRMADA;NÃO;IMPLEMENTADA_CONFIRMADA;;;nada
741;20094900;200034;Redução de 60%;VII;10;Art. 135;20094900-200034-VII-10;data/base-normativa.json;60%;Art. 135;CONFIRMADA;NÃO;IMPLEMENTADA_CONFIRMADA;;;nada
742;20095000;200034;Redução de 60%;VII;10;Art. 135;20095000-200034-VII-10;data/base-normativa.json;60%;Art. 135;CONFIRMADA;NÃO;IMPLEMENTADA_CONFIRMADA;;;nada
743;20096100;200034;Redução de 60%;VII;10;Art. 135;20096100-200034-VII-10;data/base-normativa.json;60%;Art. 135;CONFIRMADA;NÃO;IMPLEMENTADA_CONFIRMADA;;;nada
744;20096900;200034;Redução de 60%;VII;10;Art. 135;20096900-200034-VII-10;data/base-normativa.json;60%;Art. 135;CONFIRMADA;NÃO;IMPLEMENTADA_CONFIRMADA;;;nada
745;20097100;200034;Redução de 60%;VII;10;Art. 135;20097100-200034-VII-10;data/base-normativa.json;60%;Art. 135;CONFIRMADA;NÃO;IMPLEMENTADA_CONFIRMADA;;;nada
746;20097900;200034;Redução de 60%;VII;10;Art. 135;20097900-200034-VII-10;data/base-normativa.json;60%;Art. 135;CONFIRMADA;NÃO;IMPLEMENTADA_CONFIRMADA;;;nada
747;20098100;200034;Redução de 60%;VII;10;Art. 135;20098100-200034-VII-10;data/base-normativa.json;60%;Art. 135;CONFIRMADA;NÃO;IMPLEMENTADA_CONFIRMADA;;;nada
748;20098911;200034;Redução de 60%;VII;10;Art. 135;20098911-200034-VII-10;data/base-normativa.json;60%;Art. 135;CONFIRMADA;NÃO;IMPLEMENTADA_CONFIRMADA;;;nada
749;20098912;200034;Redução de 60%;VII;10;Art. 135;20098912-200034-VII-10;data/base-normativa.json;60%;Art. 135;CONFIRMADA;NÃO;IMPLEMENTADA_CONFIRMADA;;;nada
750;20098913;200034;Redução de 60%;VII;10;Art. 135;20098913-200034-VII-10;data/base-normativa.json;60%;Art. 135;CONFIRMADA;NÃO;IMPLEMENTADA_CONFIRMADA;;;nada
751;20098919;200034;Redução de 60%;VII;10;Art. 135;20098919-200034-VII-10;data/base-normativa.json;60%;Art. 135;CONFIRMADA;NÃO;IMPLEMENTADA_CONFIRMADA;;;nada
752;20098921;200034;Redução de 60%;VII;10;Art. 135;20098921-200034-VII-10;data/base-normativa.json;60%;Art. 135;CONFIRMADA;NÃO;IMPLEMENTADA_CONFIRMADA;;;nada
753;20098922;200034;Redução de 60%;VII;10;Art. 135;20098922-200034-VII-10;data/base-normativa.json;60%;Art. 135;CONFIRMADA;NÃO;IMPLEMENTADA_CONFIRMADA;;;nada
754;20098990;200034;Redução de 60%;VII;10;Art. 135;20098990-200034-VII-10;data/base-normativa.json;60%;Art. 135;CONFIRMADA;NÃO;IMPLEMENTADA_CONFIRMADA;;;nada
755;20099000;200034;Redução de 60%;VII;10;Art. 135;20099000-200034-VII-10;data/base-normativa.json;60%;Art. 135;CONFIRMADA;NÃO;IMPLEMENTADA_CONFIRMADA;;;nada
756;21011110;200003;Alíquota zero;I;8;Art. 125;21011110-200003-I-8;data/base-normativa.json;100%;Art. 125;CONFIRMADA;NÃO;IMPLEMENTADA_CONFIRMADA;;;nada
757;21011190;200003;Alíquota zero;I;8;Art. 125;21011190-200003-I-8;data/base-normativa.json;100%;Art. 125;CONFIRMADA;NÃO;IMPLEMENTADA_CONFIRMADA;;;nada
758;21011200;200003;Alíquota zero;I;8;Art. 125;21011200-200003-I-8;data/base-normativa.json;100%;Art. 125;CONFIRMADA;NÃO;IMPLEMENTADA_CONFIRMADA;;;nada
759;21022000;200038;Redução de 60%;IX;05.06;Art. 138;21022000-200038-IX-05.06;data/base-normativa.json;60%;Art. 138;DIVERGENTE;NÃO;IMPLEMENTADA_COM_RESSALVA;item da regra (05.06) diferente dos itens da lei que cobrem o NCM (7);;validação humana/decisão (divergência documentada na auditoria)
760;21069030;200043;Redução de 60%;XI;2.10;Art. 140;21069030-200043-XI-2.10;data/base-normativa.json;60%;Art. 140;CONFIRMADA;NÃO;IMPLEMENTADA_CONFIRMADA;;fundamento planilha Art. 140 x oficial Art. 142;nada
761;21069090;200033;Redução de 60%;VI;39;Arts. 133 e 134;21069090-200033-VI-39;data/base-normativa.json;60%;Arts. 133 e 134;NAO_DETERMINADA;NÃO;IMPLEMENTADA_COM_RESSALVA;"NCM coberto por 8 itens do anexo (39, 40, 41, 42, 43, 44, 45, 46); o item da regra está entre eles; a escolha depende do produto";;validação humana/decisão (divergência documentada na auditoria)
762;21069090;200033;Redução de 60%;VI;40;Arts. 133 e 134;21069090-200033-VI-40;data/base-normativa.json;60%;Arts. 133 e 134;NAO_DETERMINADA;NÃO;IMPLEMENTADA_COM_RESSALVA;"NCM coberto por 8 itens do anexo (39, 40, 41, 42, 43, 44, 45, 46); o item da regra está entre eles; a escolha depende do produto";;validação humana/decisão (divergência documentada na auditoria)
763;21069090;200033;Redução de 60%;VI;41;Arts. 133 e 134;21069090-200033-VI-41;data/base-normativa.json;60%;Arts. 133 e 134;NAO_DETERMINADA;NÃO;IMPLEMENTADA_COM_RESSALVA;"NCM coberto por 8 itens do anexo (39, 40, 41, 42, 43, 44, 45, 46); o item da regra está entre eles; a escolha depende do produto";;validação humana/decisão (divergência documentada na auditoria)
764;21069090;200033;Redução de 60%;VI;42;Arts. 133 e 134;21069090-200033-VI-42;data/base-normativa.json;60%;Arts. 133 e 134;NAO_DETERMINADA;NÃO;IMPLEMENTADA_COM_RESSALVA;"NCM coberto por 8 itens do anexo (39, 40, 41, 42, 43, 44, 45, 46); o item da regra está entre eles; a escolha depende do produto";;validação humana/decisão (divergência documentada na auditoria)
765;21069090;200033;Redução de 60%;VI;43;Arts. 133 e 134;21069090-200033-VI-43;data/base-normativa.json;60%;Arts. 133 e 134;NAO_DETERMINADA;NÃO;IMPLEMENTADA_COM_RESSALVA;"NCM coberto por 8 itens do anexo (39, 40, 41, 42, 43, 44, 45, 46); o item da regra está entre eles; a escolha depende do produto";;validação humana/decisão (divergência documentada na auditoria)
766;21069090;200033;Redução de 60%;VI;44;Arts. 133 e 134;21069090-200033-VI-44;data/base-normativa.json;60%;Arts. 133 e 134;NAO_DETERMINADA;NÃO;IMPLEMENTADA_COM_RESSALVA;"NCM coberto por 8 itens do anexo (39, 40, 41, 42, 43, 44, 45, 46); o item da regra está entre eles; a escolha depende do produto";;validação humana/decisão (divergência documentada na auditoria)
767;21069090;200033;Redução de 60%;VI;45;Arts. 133 e 134;21069090-200033-VI-45;data/base-normativa.json;60%;Arts. 133 e 134;NAO_DETERMINADA;NÃO;IMPLEMENTADA_COM_RESSALVA;"NCM coberto por 8 itens do anexo (39, 40, 41, 42, 43, 44, 45, 46); o item da regra está entre eles; a escolha depende do produto";;validação humana/decisão (divergência documentada na auditoria)
768;21069090;200033;Redução de 60%;VI;46;Arts. 133 e 134;21069090-200033-VI-46;data/base-normativa.json;60%;Arts. 133 e 134;NAO_DETERMINADA;NÃO;IMPLEMENTADA_COM_RESSALVA;"NCM coberto por 8 itens do anexo (39, 40, 41, 42, 43, 44, 45, 46); o item da regra está entre eles; a escolha depende do produto";;validação humana/decisão (divergência documentada na auditoria)
769;21069090;200003;Alíquota zero;I;4;Art. 125;21069090-200003-I-4;data/base-normativa.json;100%;Art. 125;NAO_DETERMINADA;NÃO;IMPLEMENTADA_COM_RESSALVA;"NCM coberto por 2 itens do anexo (4, 26); o item da regra está entre eles; a escolha depende do produto";;validação humana/decisão (divergência documentada na auditoria)
770;22029900;200033;Redução de 60%;VI;47;Arts. 133 e 134;22029900-200033-VI-47;data/base-normativa.json;60%;Arts. 133 e 134;NAO_DETERMINADA;NÃO;IMPLEMENTADA_COM_RESSALVA;"NCM coberto por 2 itens do anexo (47, 48); o item da regra está entre eles; a escolha depende do produto";;validação humana/decisão (divergência documentada na auditoria)
771;22029900;200033;Redução de 60%;VI;48;Arts. 133 e 134;22029900-200033-VI-48;data/base-normativa.json;60%;Arts. 133 e 134;NAO_DETERMINADA;NÃO;IMPLEMENTADA_COM_RESSALVA;"NCM coberto por 2 itens do anexo (47, 48); o item da regra está entre eles; a escolha depende do produto";;validação humana/decisão (divergência documentada na auditoria)
772;22029900;200034;Redução de 60%;VII;2;Art. 135;22029900-200034-VII-2;data/base-normativa.json;60%;Art. 135;CONFIRMADA;NÃO;IMPLEMENTADA_CONFIRMADA;;;nada
773;23040010;200038;Redução de 60%;IX;23.03;Art. 138;23040010-200038-IX-23.03;data/base-normativa.json;60%;Art. 138;DIVERGENTE;NÃO;IMPLEMENTADA_COM_RESSALVA;item da regra (23.03) diferente dos itens da lei que cobrem o NCM (7, 20);;validação humana/decisão (divergência documentada na auditoria)
774;23040090;200038;Redução de 60%;IX;23.03;Art. 138;23040090-200038-IX-23.03;data/base-normativa.json;60%;Art. 138;DIVERGENTE;NÃO;IMPLEMENTADA_COM_RESSALVA;item da regra (23.03) diferente dos itens da lei que cobrem o NCM (7, 20);;validação humana/decisão (divergência documentada na auditoria)
775;23050000;200038;Redução de 60%;IX;23.03;Art. 138;23050000-200038-IX-23.03;data/base-normativa.json;60%;Art. 138;DIVERGENTE;NÃO;IMPLEMENTADA_COM_RESSALVA;item da regra (23.03) diferente dos itens da lei que cobrem o NCM (7, 20);;validação humana/decisão (divergência documentada na auditoria)
776;23080000;200038;Redução de 60%;IX;23.06;Art. 138;23080000-200038-IX-23.06;data/base-normativa.json;60%;Art. 138;NAO_DETERMINADA;NÃO;IMPLEMENTADA_COM_RESSALVA;regraId repetido na base (D7): a regra não pode ser identificada com segurança;;validação humana/decisão (divergência documentada na auditoria)
777;23080000;200038;Redução de 60%;IX;23.06;Art. 138;23080000-200038-IX-23.06;data/base-normativa.json;60%;Art. 138;NAO_DETERMINADA;NÃO;IMPLEMENTADA_COM_RESSALVA;regraId repetido na base (D7): a regra não pode ser identificada com segurança;;validação humana/decisão (divergência documentada na auditoria)
778;23099010;200038;Redução de 60%;IX;18;Art. 138;23099010-200038-IX-18;data/base-normativa.json;60%;Art. 138;CONFIRMADA;NÃO;IMPLEMENTADA_CONFIRMADA;;;nada
779;23099020;200038;Redução de 60%;IX;18;Art. 138;23099020-200038-IX-18;data/base-normativa.json;60%;Art. 138;CONFIRMADA;NÃO;IMPLEMENTADA_CONFIRMADA;;;nada
780;23099030;200038;Redução de 60%;IX;18;Art. 138;23099030-200038-IX-18;data/base-normativa.json;60%;Art. 138;CONFIRMADA;NÃO;IMPLEMENTADA_CONFIRMADA;;;nada
781;23099040;200038;Redução de 60%;IX;18;Art. 138;23099040-200038-IX-18;data/base-normativa.json;60%;Art. 138;CONFIRMADA;NÃO;IMPLEMENTADA_CONFIRMADA;;;nada
782;23099050;200038;Redução de 60%;IX;18;Art. 138;23099050-200038-IX-18;data/base-normativa.json;60%;Art. 138;CONFIRMADA;NÃO;IMPLEMENTADA_CONFIRMADA;;;nada
783;23099060;200038;Redução de 60%;IX;18;Art. 138;23099060-200038-IX-18;data/base-normativa.json;60%;Art. 138;CONFIRMADA;NÃO;IMPLEMENTADA_CONFIRMADA;;;nada
784;23099070;200038;Redução de 60%;IX;18;Art. 138;23099070-200038-IX-18;data/base-normativa.json;60%;Art. 138;DIVERGENTE;NÃO;IMPLEMENTADA_COM_RESSALVA;NCM só na lei (ausente do SVRS para o código);;validação humana/decisão (divergência documentada na auditoria)
785;23099090;200038;Redução de 60%;IX;18;Art. 138;23099090-200038-IX-18;data/base-normativa.json;60%;Art. 138;CONFIRMADA;NÃO;IMPLEMENTADA_CONFIRMADA;;;nada
786;25010011;200038;Redução de 60%;IX;03.09;Art. 138;25010011-200038-IX-03.09;data/base-normativa.json;60%;Art. 138;DIVERGENTE;NÃO;IMPLEMENTADA_COM_RESSALVA;item da regra (03.09) diferente dos itens da lei que cobrem o NCM (3, 21);;validação humana/decisão (divergência documentada na auditoria)
787;25010019;200038;Redução de 60%;IX;03.09;Art. 138;25010019-200038-IX-03.09;data/base-normativa.json;60%;Art. 138;DIVERGENTE;NÃO;IMPLEMENTADA_COM_RESSALVA;item da regra (03.09) diferente dos itens da lei que cobrem o NCM (3, 21);;validação humana/decisão (divergência documentada na auditoria)
788;25010020;200038;Redução de 60%;IX;03.09;Art. 138;25010020-200038-IX-03.09;data/base-normativa.json;60%;Art. 138;DIVERGENTE;NÃO;IMPLEMENTADA_COM_RESSALVA;item da regra (03.09) diferente dos itens da lei que cobrem o NCM (3, 21);;validação humana/decisão (divergência documentada na auditoria)
789;25010020;200003;Alíquota zero;I;22;Art. 125;25010020-200003-I-22;data/base-normativa.json;100%;Art. 125;CONFIRMADA;NÃO;IMPLEMENTADA_CONFIRMADA;;;nada
790;25010090;200038;Redução de 60%;IX;03.09;Art. 138;25010090-200038-IX-03.09;data/base-normativa.json;60%;Art. 138;DIVERGENTE;NÃO;IMPLEMENTADA_COM_RESSALVA;item da regra (03.09) diferente dos itens da lei que cobrem o NCM (3, 21);;validação humana/decisão (divergência documentada na auditoria)
791;25010090;200033;Redução de 60%;VI;30;Arts. 133 e 134;25010090-200033-VI-30;data/base-normativa.json;60%;Arts. 133 e 134;CONFIRMADA;NÃO;IMPLEMENTADA_CONFIRMADA;;;nada
792;25010090;200003;Alíquota zero;I;22;Art. 125;25010090-200003-I-22;data/base-normativa.json;100%;Art. 125;CONFIRMADA;NÃO;IMPLEMENTADA_CONFIRMADA;;;nada
793;25030010;200038;Redução de 60%;IX;8;Art. 138;25030010-200038-IX-8;data/base-normativa.json;60%;Art. 138;NAO_DETERMINADA;NÃO;IMPLEMENTADA_COM_RESSALVA;"NCM coberto por 2 itens do anexo (3, 8); o item da regra está entre eles; a escolha depende do produto";;validação humana/decisão (divergência documentada na auditoria)
794;25030090;200038;Redução de 60%;IX;8;Art. 138;25030090-200038-IX-8;data/base-normativa.json;60%;Art. 138;NAO_DETERMINADA;NÃO;IMPLEMENTADA_COM_RESSALVA;"NCM coberto por 2 itens do anexo (3, 8); o item da regra está entre eles; a escolha depende do produto";;validação humana/decisão (divergência documentada na auditoria)
795;25101010;200038;Redução de 60%;IX;8;Art. 138;25101010-200038-IX-8;data/base-normativa.json;60%;Art. 138;NAO_DETERMINADA;NÃO;IMPLEMENTADA_COM_RESSALVA;"NCM coberto por 2 itens do anexo (3, 8); o item da regra está entre eles; a escolha depende do produto";;validação humana/decisão (divergência documentada na auditoria)
796;25101090;200038;Redução de 60%;IX;8;Art. 138;25101090-200038-IX-8;data/base-normativa.json;60%;Art. 138;NAO_DETERMINADA;NÃO;IMPLEMENTADA_COM_RESSALVA;"NCM coberto por 2 itens do anexo (3, 8); o item da regra está entre eles; a escolha depende do produto";;validação humana/decisão (divergência documentada na auditoria)
797;25102010;200038;Redução de 60%;IX;8;Art. 138;25102010-200038-IX-8;data/base-normativa.json;60%;Art. 138;NAO_DETERMINADA;NÃO;IMPLEMENTADA_COM_RESSALVA;"NCM coberto por 2 itens do anexo (3, 8); o item da regra está entre eles; a escolha depende do produto";;validação humana/decisão (divergência documentada na auditoria)
798;25102090;200038;Redução de 60%;IX;8;Art. 138;25102090-200038-IX-8;data/base-normativa.json;60%;Art. 138;NAO_DETERMINADA;NÃO;IMPLEMENTADA_COM_RESSALVA;"NCM coberto por 2 itens do anexo (3, 8); o item da regra está entre eles; a escolha depende do produto";;validação humana/decisão (divergência documentada na auditoria)
799;25210000;200038;Redução de 60%;IX;03.09;Art. 138;25210000-200038-IX-03.09;data/base-normativa.json;60%;Art. 138;DIVERGENTE;NÃO;IMPLEMENTADA_COM_RESSALVA;item da regra (03.09) diferente dos itens da lei que cobrem o NCM (3, 21);;validação humana/decisão (divergência documentada na auditoria)
800;27030000;200038;Redução de 60%;IX;23.06;Art. 138;27030000-200038-IX-23.06;data/base-normativa.json;60%;Art. 138;DIVERGENTE;NÃO;IMPLEMENTADA_COM_RESSALVA;item da regra (23.06) diferente dos itens da lei que cobrem o NCM (7);;validação humana/decisão (divergência documentada na auditoria)
801;28020000;200038;Redução de 60%;IX;8;Art. 138;28020000-200038-IX-8;data/base-normativa.json;60%;Art. 138;CONFIRMADA;NÃO;IMPLEMENTADA_CONFIRMADA;;;nada
802;28061020;200038;Redução de 60%;IX;8;Art. 138;28061020-200038-IX-8;data/base-normativa.json;60%;Art. 138;CONFIRMADA;NÃO;IMPLEMENTADA_CONFIRMADA;;;nada
803;28070010;200038;Redução de 60%;IX;8;Art. 138;28070010-200038-IX-8;data/base-normativa.json;60%;Art. 138;CONFIRMADA;NÃO;IMPLEMENTADA_CONFIRMADA;;;nada
804;28080010;200038;Redução de 60%;IX;8;Art. 138;28080010-200038-IX-8;data/base-normativa.json;60%;Art. 138;CONFIRMADA;NÃO;IMPLEMENTADA_CONFIRMADA;;;nada
805;28092011;200038;Redução de 60%;IX;8;Art. 138;28092011-200038-IX-8;data/base-normativa.json;60%;Art. 138;CONFIRMADA;NÃO;IMPLEMENTADA_CONFIRMADA;;;nada
806;28092019;200038;Redução de 60%;IX;8;Art. 138;28092019-200038-IX-8;data/base-normativa.json;60%;Art. 138;CONFIRMADA;NÃO;IMPLEMENTADA_CONFIRMADA;;;nada
807;28111920;200038;Redução de 60%;IX;8;Art. 138;28111920-200038-IX-8;data/base-normativa.json;60%;Art. 138;CONFIRMADA;NÃO;IMPLEMENTADA_CONFIRMADA;;;nada
808;28111990;200033;Redução de 60%;VI;14;Arts. 133 e 134;28111990-200033-VI-14;data/base-normativa.json;60%;Arts. 133 e 134;CONFIRMADA;NÃO;IMPLEMENTADA_CONFIRMADA;;;nada
809;28151100;200038;Redução de 60%;IX;8;Art. 138;28151100-200038-IX-8;data/base-normativa.json;60%;Art. 138;CONFIRMADA;NÃO;IMPLEMENTADA_CONFIRMADA;;;nada
810;28151200;200038;Redução de 60%;IX;8;Art. 138;28151200-200038-IX-8;data/base-normativa.json;60%;Art. 138;CONFIRMADA;NÃO;IMPLEMENTADA_CONFIRMADA;;;nada
811;28272010;200033;Redução de 60%;VI;66;Arts. 133 e 134;28272010-200033-VI-66;data/base-normativa.json;60%;Arts. 133 e 134;DIVERGENTE;NÃO;IMPLEMENTADA_COM_RESSALVA;item da regra (66) diferente dos itens da lei que cobrem o NCM (26);;validação humana/decisão (divergência documentada na auditoria)
812;28272090;200033;Redução de 60%;VI;66;Arts. 133 e 134;28272090-200033-VI-66;data/base-normativa.json;60%;Arts. 133 e 134;DIVERGENTE;NÃO;IMPLEMENTADA_COM_RESSALVA;item da regra (66) diferente dos itens da lei que cobrem o NCM (26);;validação humana/decisão (divergência documentada na auditoria)
813;28273110;200033;Redução de 60%;VI;66;Arts. 133 e 134;28273110-200033-VI-66;data/base-normativa.json;60%;Arts. 133 e 134;DIVERGENTE;NÃO;IMPLEMENTADA_COM_RESSALVA;item da regra (66) diferente dos itens da lei que cobrem o NCM (27);;validação humana/decisão (divergência documentada na auditoria)
814;28273190;200033;Redução de 60%;VI;66;Arts. 133 e 134;28273190-200033-VI-66;data/base-normativa.json;60%;Arts. 133 e 134;DIVERGENTE;NÃO;IMPLEMENTADA_COM_RESSALVA;item da regra (66) diferente dos itens da lei que cobrem o NCM (27);;validação humana/decisão (divergência documentada na auditoria)
815;28273993;200033;Redução de 60%;VI;25;Arts. 133 e 134;28273993-200033-VI-25;data/base-normativa.json;60%;Arts. 133 e 134;CONFIRMADA;NÃO;IMPLEMENTADA_CONFIRMADA;;;nada
816;28273995;200033;Redução de 60%;VI;66;Arts. 133 e 134;28273995-200033-VI-66;data/base-normativa.json;60%;Arts. 133 e 134;DIVERGENTE;NÃO;IMPLEMENTADA_COM_RESSALVA;item da regra (66) diferente dos itens da lei que cobrem o NCM (28);;validação humana/decisão (divergência documentada na auditoria)
817;28273998;200033;Redução de 60%;VI;31;Arts. 133 e 134;28273998-200033-VI-31;data/base-normativa.json;60%;Arts. 133 e 134;CONFIRMADA;NÃO;IMPLEMENTADA_CONFIRMADA;;;nada
818;28276012;200033;Redução de 60%;VI;61;Arts. 133 e 134;28276012-200033-VI-61;data/base-normativa.json;60%;Arts. 133 e 134;CONFIRMADA;NÃO;IMPLEMENTADA_CONFIRMADA;;;nada
819;28332100;200033;Redução de 60%;VI;75;Arts. 133 e 134;28332100-200033-VI-75;data/base-normativa.json;60%;Arts. 133 e 134;CONFIRMADA;NÃO;IMPLEMENTADA_CONFIRMADA;;;nada
820;28332970;200033;Redução de 60%;VI;76;Arts. 133 e 134;28332970-200033-VI-76;data/base-normativa.json;60%;Arts. 133 e 134;CONFIRMADA;NÃO;IMPLEMENTADA_CONFIRMADA;;;nada
821;28352200;200033;Redução de 60%;VI;51;Arts. 133 e 134;28352200-200033-VI-51;data/base-normativa.json;60%;Arts. 133 e 134;CONFIRMADA;NÃO;IMPLEMENTADA_CONFIRMADA;;;nada
822;28352400;200033;Redução de 60%;VI;49;Arts. 133 e 134;28352400-200033-VI-49;data/base-normativa.json;60%;Arts. 133 e 134;NAO_DETERMINADA;NÃO;IMPLEMENTADA_COM_RESSALVA;"NCM coberto por 2 itens do anexo (49, 50); o item da regra está entre eles; a escolha depende do produto";;validação humana/decisão (divergência documentada na auditoria)
823;28352400;200033;Redução de 60%;VI;50;Arts. 133 e 134;28352400-200033-VI-50;data/base-normativa.json;60%;Arts. 133 e 134;NAO_DETERMINADA;NÃO;IMPLEMENTADA_COM_RESSALVA;"NCM coberto por 2 itens do anexo (49, 50); o item da regra está entre eles; a escolha depende do produto";;validação humana/decisão (divergência documentada na auditoria)
824;28362010;200038;Redução de 60%;IX;8;Art. 138;28362010-200038-IX-8;data/base-normativa.json;60%;Art. 138;CONFIRMADA;NÃO;IMPLEMENTADA_CONFIRMADA;;;nada
825;28362090;200038;Redução de 60%;IX;8;Art. 138;28362090-200038-IX-8;data/base-normativa.json;60%;Art. 138;CONFIRMADA;NÃO;IMPLEMENTADA_CONFIRMADA;;;nada
826;28363000;200033;Redução de 60%;VI;21;Arts. 133 e 134;28363000-200033-VI-21;data/base-normativa.json;60%;Arts. 133 e 134;CONFIRMADA;NÃO;IMPLEMENTADA_CONFIRMADA;;;nada
827;28399010;200038;Redução de 60%;IX;23.06;Art. 138;28399010-200038-IX-23.06;data/base-normativa.json;60%;Art. 138;DIVERGENTE;NÃO;IMPLEMENTADA_COM_RESSALVA;item da regra (23.06) diferente dos itens da lei que cobrem o NCM (7);;validação humana/decisão (divergência documentada na auditoria)
828;28399050;200038;Redução de 60%;IX;23.06;Art. 138;28399050-200038-IX-23.06;data/base-normativa.json;60%;Art. 138;DIVERGENTE;NÃO;IMPLEMENTADA_COM_RESSALVA;item da regra (23.06) diferente dos itens da lei que cobrem o NCM (7);;validação humana/decisão (divergência documentada na auditoria)
829;28429000;200033;Redução de 60%;VI;72;Arts. 133 e 134;28429000-200033-VI-72;data/base-normativa.json;60%;Arts. 133 e 134;CONFIRMADA;NÃO;IMPLEMENTADA_CONFIRMADA;;;nada
830;28444390;200030;Redução de 60%;IV;39;Art. 131;28444390-200030-IV-39;data/base-normativa.json;60%;Art. 131;CONFIRMADA;NÃO;IMPLEMENTADA_CONFIRMADA;;;nada
831;29054400;200033;Redução de 60%;VI;74;Arts. 133 e 134;29054400-200033-VI-74;data/base-normativa.json;60%;Arts. 133 e 134;CONFIRMADA;NÃO;IMPLEMENTADA_CONFIRMADA;;;nada
832;29152100;200038;Redução de 60%;IX;8;Art. 138;29152100-200038-IX-8;data/base-normativa.json;60%;Art. 138;CONFIRMADA;NÃO;IMPLEMENTADA_CONFIRMADA;;;nada
833;29152100;200033;Redução de 60%;VI;7;Arts. 133 e 134;29152100-200033-VI-7;data/base-normativa.json;60%;Arts. 133 e 134;CONFIRMADA;NÃO;IMPLEMENTADA_CONFIRMADA;;;nada
834;29152910;200033;Redução de 60%;VI;4;Arts. 133 e 134;29152910-200033-VI-4;data/base-normativa.json;60%;Arts. 133 e 134;CONFIRMADA;NÃO;IMPLEMENTADA_CONFIRMADA;;;nada
835;29152990;200033;Redução de 60%;VI;3;Arts. 133 e 134;29152990-200033-VI-3;data/base-normativa.json;60%;Arts. 133 e 134;NAO_DETERMINADA;NÃO;IMPLEMENTADA_COM_RESSALVA;"NCM coberto por 2 itens do anexo (3, 5); o item da regra está entre eles; a escolha depende do produto";;validação humana/decisão (divergência documentada na auditoria)
836;29152990;200033;Redução de 60%;VI;5;Arts. 133 e 134;29152990-200033-VI-5;data/base-normativa.json;60%;Arts. 133 e 134;NAO_DETERMINADA;NÃO;IMPLEMENTADA_COM_RESSALVA;"NCM coberto por 2 itens do anexo (3, 5); o item da regra está entre eles; a escolha depende do produto";;validação humana/decisão (divergência documentada na auditoria)
837;29181400;200033;Redução de 60%;VI;10;Arts. 133 e 134;29181400-200033-VI-10;data/base-normativa.json;60%;Arts. 133 e 134;CONFIRMADA;NÃO;IMPLEMENTADA_CONFIRMADA;;;nada
838;29181610;200033;Redução de 60%;VI;57;Arts. 133 e 134;29181610-200033-VI-57;data/base-normativa.json;60%;Arts. 133 e 134;CONFIRMADA;NÃO;IMPLEMENTADA_CONFIRMADA;;;nada
839;29181990;200033;Redução de 60%;VI;13;Arts. 133 e 134;29181990-200033-VI-13;data/base-normativa.json;60%;Arts. 133 e 134;CONFIRMADA;NÃO;IMPLEMENTADA_CONFIRMADA;;;nada
840;29199090;200033;Redução de 60%;VI;55;Arts. 133 e 134;29199090-200033-VI-55;data/base-normativa.json;60%;Arts. 133 e 134;CONFIRMADA;NÃO;IMPLEMENTADA_CONFIRMADA;;;nada
841;29224110;200038;Redução de 60%;IX;23.06;Art. 138;29224110-200038-IX-23.06;data/base-normativa.json;60%;Art. 138;DIVERGENTE;NÃO;IMPLEMENTADA_COM_RESSALVA;item da regra (23.06) diferente dos itens da lei que cobrem o NCM (7);;validação humana/decisão (divergência documentada na auditoria)
842;29224110;200033;Redução de 60%;VI;66;Arts. 133 e 134;29224110-200033-VI-66;data/base-normativa.json;60%;Arts. 133 e 134;CONFIRMADA;NÃO;IMPLEMENTADA_CONFIRMADA;;;nada
843;29224190;200038;Redução de 60%;IX;23.06;Art. 138;29224190-200038-IX-23.06;data/base-normativa.json;60%;Art. 138;DIVERGENTE;NÃO;IMPLEMENTADA_COM_RESSALVA;item da regra (23.06) diferente dos itens da lei que cobrem o NCM (7);;validação humana/decisão (divergência documentada na auditoria)
844;29224190;200033;Redução de 60%;VI;2;Arts. 133 e 134;29224190-200033-VI-2;data/base-normativa.json;60%;Arts. 133 e 134;CONFIRMADA;NÃO;IMPLEMENTADA_CONFIRMADA;;;nada
845;29224210;200038;Redução de 60%;IX;23.06;Art. 138;29224210-200038-IX-23.06;data/base-normativa.json;60%;Art. 138;DIVERGENTE;NÃO;IMPLEMENTADA_COM_RESSALVA;item da regra (23.06) diferente dos itens da lei que cobrem o NCM (7);;validação humana/decisão (divergência documentada na auditoria)
846;29224210;200033;Redução de 60%;VI;12;Arts. 133 e 134;29224210-200033-VI-12;data/base-normativa.json;60%;Arts. 133 e 134;CONFIRMADA;NÃO;IMPLEMENTADA_CONFIRMADA;;;nada
847;29224220;200038;Redução de 60%;IX;23.06;Art. 138;29224220-200038-IX-23.06;data/base-normativa.json;60%;Art. 138;DIVERGENTE;NÃO;IMPLEMENTADA_COM_RESSALVA;item da regra (23.06) diferente dos itens da lei que cobrem o NCM (7);;validação humana/decisão (divergência documentada na auditoria)
848;29224300;200038;Redução de 60%;IX;23.06;Art. 138;29224300-200038-IX-23.06;data/base-normativa.json;60%;Art. 138;DIVERGENTE;NÃO;IMPLEMENTADA_COM_RESSALVA;item da regra (23.06) diferente dos itens da lei que cobrem o NCM (7);;validação humana/decisão (divergência documentada na auditoria)
849;29224410;200038;Redução de 60%;IX;23.06;Art. 138;29224410-200038-IX-23.06;data/base-normativa.json;60%;Art. 138;DIVERGENTE;NÃO;IMPLEMENTADA_COM_RESSALVA;item da regra (23.06) diferente dos itens da lei que cobrem o NCM (7);;validação humana/decisão (divergência documentada na auditoria)
850;29224420;200038;Redução de 60%;IX;23.06;Art. 138;29224420-200038-IX-23.06;data/base-normativa.json;60%;Art. 138;DIVERGENTE;NÃO;IMPLEMENTADA_COM_RESSALVA;item da regra (23.06) diferente dos itens da lei que cobrem o NCM (7);;validação humana/decisão (divergência documentada na auditoria)
851;29224910;200038;Redução de 60%;IX;23.06;Art. 138;29224910-200038-IX-23.06;data/base-normativa.json;60%;Art. 138;DIVERGENTE;NÃO;IMPLEMENTADA_COM_RESSALVA;item da regra (23.06) diferente dos itens da lei que cobrem o NCM (7);;validação humana/decisão (divergência documentada na auditoria)
852;29224910;200033;Redução de 60%;VI;56;Arts. 133 e 134;29224910-200033-VI-56;data/base-normativa.json;60%;Arts. 133 e 134;CONFIRMADA;NÃO;IMPLEMENTADA_CONFIRMADA;;;nada
853;29224920;200038;Redução de 60%;IX;23.06;Art. 138;29224920-200038-IX-23.06;data/base-normativa.json;60%;Art. 138;DIVERGENTE;NÃO;IMPLEMENTADA_COM_RESSALVA;item da regra (23.06) diferente dos itens da lei que cobrem o NCM (7);;validação humana/decisão (divergência documentada na auditoria)
854;29224931;200038;Redução de 60%;IX;23.06;Art. 138;29224931-200038-IX-23.06;data/base-normativa.json;60%;Art. 138;DIVERGENTE;NÃO;IMPLEMENTADA_COM_RESSALVA;item da regra (23.06) diferente dos itens da lei que cobrem o NCM (7);;validação humana/decisão (divergência documentada na auditoria)
855;29224932;200038;Redução de 60%;IX;23.06;Art. 138;29224932-200038-IX-23.06;data/base-normativa.json;60%;Art. 138;DIVERGENTE;NÃO;IMPLEMENTADA_COM_RESSALVA;item da regra (23.06) diferente dos itens da lei que cobrem o NCM (7);;validação humana/decisão (divergência documentada na auditoria)
856;29224940;200038;Redução de 60%;IX;23.06;Art. 138;29224940-200038-IX-23.06;data/base-normativa.json;60%;Art. 138;DIVERGENTE;NÃO;IMPLEMENTADA_COM_RESSALVA;item da regra (23.06) diferente dos itens da lei que cobrem o NCM (7);;validação humana/decisão (divergência documentada na auditoria)
857;29224951;200038;Redução de 60%;IX;23.06;Art. 138;29224951-200038-IX-23.06;data/base-normativa.json;60%;Art. 138;DIVERGENTE;NÃO;IMPLEMENTADA_COM_RESSALVA;item da regra (23.06) diferente dos itens da lei que cobrem o NCM (7);;validação humana/decisão (divergência documentada na auditoria)
858;29224952;200038;Redução de 60%;IX;23.06;Art. 138;29224952-200038-IX-23.06;data/base-normativa.json;60%;Art. 138;DIVERGENTE;NÃO;IMPLEMENTADA_COM_RESSALVA;item da regra (23.06) diferente dos itens da lei que cobrem o NCM (7);;validação humana/decisão (divergência documentada na auditoria)
859;29224959;200038;Redução de 60%;IX;23.06;Art. 138;29224959-200038-IX-23.06;data/base-normativa.json;60%;Art. 138;DIVERGENTE;NÃO;IMPLEMENTADA_COM_RESSALVA;item da regra (23.06) diferente dos itens da lei que cobrem o NCM (7);;validação humana/decisão (divergência documentada na auditoria)
860;29224961;200038;Redução de 60%;IX;23.06;Art. 138;29224961-200038-IX-23.06;data/base-normativa.json;60%;Art. 138;DIVERGENTE;NÃO;IMPLEMENTADA_COM_RESSALVA;item da regra (23.06) diferente dos itens da lei que cobrem o NCM (7);;validação humana/decisão (divergência documentada na auditoria)
861;29224962;200038;Redução de 60%;IX;23.06;Art. 138;29224962-200038-IX-23.06;data/base-normativa.json;60%;Art. 138;DIVERGENTE;NÃO;IMPLEMENTADA_COM_RESSALVA;item da regra (23.06) diferente dos itens da lei que cobrem o NCM (7);;validação humana/decisão (divergência documentada na auditoria)
862;29224963;200038;Redução de 60%;IX;23.06;Art. 138;29224963-200038-IX-23.06;data/base-normativa.json;60%;Art. 138;DIVERGENTE;NÃO;IMPLEMENTADA_COM_RESSALVA;item da regra (23.06) diferente dos itens da lei que cobrem o NCM (7);;validação humana/decisão (divergência documentada na auditoria)
863;29224964;200038;Redução de 60%;IX;23.06;Art. 138;29224964-200038-IX-23.06;data/base-normativa.json;60%;Art. 138;DIVERGENTE;NÃO;IMPLEMENTADA_COM_RESSALVA;item da regra (23.06) diferente dos itens da lei que cobrem o NCM (7);;validação humana/decisão (divergência documentada na auditoria)
864;29224969;200038;Redução de 60%;IX;23.06;Art. 138;29224969-200038-IX-23.06;data/base-normativa.json;60%;Art. 138;DIVERGENTE;NÃO;IMPLEMENTADA_COM_RESSALVA;item da regra (23.06) diferente dos itens da lei que cobrem o NCM (7);;validação humana/decisão (divergência documentada na auditoria)
865;29224990;200038;Redução de 60%;IX;23.06;Art. 138;29224990-200038-IX-23.06;data/base-normativa.json;60%;Art. 138;DIVERGENTE;NÃO;IMPLEMENTADA_COM_RESSALVA;item da regra (23.06) diferente dos itens da lei que cobrem o NCM (7);;validação humana/decisão (divergência documentada na auditoria)
866;29224990;200033;Redução de 60%;VI;16;Arts. 133 e 134;29224990-200033-VI-16;data/base-normativa.json;60%;Arts. 133 e 134;NAO_DETERMINADA;NÃO;IMPLEMENTADA_COM_RESSALVA;"NCM coberto por 10 itens do anexo (9, 16, 17, 20, 37, 62, 64, 65, 70, 77); o item da regra está entre eles; a escolha depende do produto";;validação humana/decisão (divergência documentada na auditoria)
867;29224990;200033;Redução de 60%;VI;17;Arts. 133 e 134;29224990-200033-VI-17;data/base-normativa.json;60%;Arts. 133 e 134;NAO_DETERMINADA;NÃO;IMPLEMENTADA_COM_RESSALVA;"NCM coberto por 10 itens do anexo (9, 16, 17, 20, 37, 62, 64, 65, 70, 77); o item da regra está entre eles; a escolha depende do produto";;validação humana/decisão (divergência documentada na auditoria)
868;29224990;200033;Redução de 60%;VI;20;Arts. 133 e 134;29224990-200033-VI-20;data/base-normativa.json;60%;Arts. 133 e 134;NAO_DETERMINADA;NÃO;IMPLEMENTADA_COM_RESSALVA;"NCM coberto por 10 itens do anexo (9, 16, 17, 20, 37, 62, 64, 65, 70, 77); o item da regra está entre eles; a escolha depende do produto";;validação humana/decisão (divergência documentada na auditoria)
869;29224990;200033;Redução de 60%;VI;37;Arts. 133 e 134;29224990-200033-VI-37;data/base-normativa.json;60%;Arts. 133 e 134;NAO_DETERMINADA;NÃO;IMPLEMENTADA_COM_RESSALVA;"NCM coberto por 10 itens do anexo (9, 16, 17, 20, 37, 62, 64, 65, 70, 77); o item da regra está entre eles; a escolha depende do produto";;validação humana/decisão (divergência documentada na auditoria)
870;29224990;200033;Redução de 60%;VI;62;Arts. 133 e 134;29224990-200033-VI-62;data/base-normativa.json;60%;Arts. 133 e 134;NAO_DETERMINADA;NÃO;IMPLEMENTADA_COM_RESSALVA;"NCM coberto por 10 itens do anexo (9, 16, 17, 20, 37, 62, 64, 65, 70, 77); o item da regra está entre eles; a escolha depende do produto";;validação humana/decisão (divergência documentada na auditoria)
871;29224990;200033;Redução de 60%;VI;64;Arts. 133 e 134;29224990-200033-VI-64;data/base-normativa.json;60%;Arts. 133 e 134;NAO_DETERMINADA;NÃO;IMPLEMENTADA_COM_RESSALVA;"NCM coberto por 10 itens do anexo (9, 16, 17, 20, 37, 62, 64, 65, 70, 77); o item da regra está entre eles; a escolha depende do produto";;validação humana/decisão (divergência documentada na auditoria)
872;29224990;200033;Redução de 60%;VI;65;Arts. 133 e 134;29224990-200033-VI-65;data/base-normativa.json;60%;Arts. 133 e 134;NAO_DETERMINADA;NÃO;IMPLEMENTADA_COM_RESSALVA;"NCM coberto por 10 itens do anexo (9, 16, 17, 20, 37, 62, 64, 65, 70, 77); o item da regra está entre eles; a escolha depende do produto";;validação humana/decisão (divergência documentada na auditoria)
873;29224990;200033;Redução de 60%;VI;70;Arts. 133 e 134;29224990-200033-VI-70;data/base-normativa.json;60%;Arts. 133 e 134;NAO_DETERMINADA;NÃO;IMPLEMENTADA_COM_RESSALVA;"NCM coberto por 10 itens do anexo (9, 16, 17, 20, 37, 62, 64, 65, 70, 77); o item da regra está entre eles; a escolha depende do produto";;validação humana/decisão (divergência documentada na auditoria)
874;29224990;200033;Redução de 60%;VI;77;Arts. 133 e 134;29224990-200033-VI-77;data/base-normativa.json;60%;Arts. 133 e 134;NAO_DETERMINADA;NÃO;IMPLEMENTADA_COM_RESSALVA;"NCM coberto por 10 itens do anexo (9, 16, 17, 20, 37, 62, 64, 65, 70, 77); o item da regra está entre eles; a escolha depende do produto";;validação humana/decisão (divergência documentada na auditoria)
875;29224990;200033;Redução de 60%;VI;9;Arts. 133 e 134;29224990-200033-VI-9;data/base-normativa.json;60%;Arts. 133 e 134;NAO_DETERMINADA;NÃO;IMPLEMENTADA_COM_RESSALVA;"NCM coberto por 10 itens do anexo (9, 16, 17, 20, 37, 62, 64, 65, 70, 77); o item da regra está entre eles; a escolha depende do produto";;validação humana/decisão (divergência documentada na auditoria)
876;29225039;200033;Redução de 60%;VI;6;Arts. 133 e 134;29225039-200033-VI-6;data/base-normativa.json;60%;Arts. 133 e 134;NAO_DETERMINADA;NÃO;IMPLEMENTADA_COM_RESSALVA;"NCM coberto por 2 itens do anexo (6, 78); o item da regra está entre eles; a escolha depende do produto";;validação humana/decisão (divergência documentada na auditoria)
877;29225039;200033;Redução de 60%;VI;78;Arts. 133 e 134;29225039-200033-VI-78;data/base-normativa.json;60%;Arts. 133 e 134;NAO_DETERMINADA;NÃO;IMPLEMENTADA_COM_RESSALVA;"NCM coberto por 2 itens do anexo (6, 78); o item da regra está entre eles; a escolha depende do produto";;validação humana/decisão (divergência documentada na auditoria)
878;29225099;200033;Redução de 60%;VI;73;Arts. 133 e 134;29225099-200033-VI-73;data/base-normativa.json;60%;Arts. 133 e 134;NAO_DETERMINADA;NÃO;IMPLEMENTADA_COM_RESSALVA;"NCM coberto por 2 itens do anexo (73, 80); o item da regra está entre eles; a escolha depende do produto";;validação humana/decisão (divergência documentada na auditoria)
879;29225099;200033;Redução de 60%;VI;80;Arts. 133 e 134;29225099-200033-VI-80;data/base-normativa.json;60%;Arts. 133 e 134;NAO_DETERMINADA;NÃO;IMPLEMENTADA_COM_RESSALVA;"NCM coberto por 2 itens do anexo (73, 80); o item da regra está entre eles; a escolha depende do produto";;validação humana/decisão (divergência documentada na auditoria)
880;29232000;200033;Redução de 60%;VI;63;Arts. 133 e 134;29232000-200033-VI-63;data/base-normativa.json;60%;Arts. 133 e 134;CONFIRMADA;NÃO;IMPLEMENTADA_CONFIRMADA;;;nada
881;29252919;200033;Redução de 60%;VI;19;Arts. 133 e 134;29252919-200033-VI-19;data/base-normativa.json;60%;Arts. 133 e 134;CONFIRMADA;NÃO;IMPLEMENTADA_CONFIRMADA;;;nada
882;29304010;200038;Redução de 60%;IX;03.09;Art. 138;29304010-200038-IX-03.09;data/base-normativa.json;60%;Art. 138;DIVERGENTE;NÃO;IMPLEMENTADA_COM_RESSALVA;item da regra (03.09) diferente dos itens da lei que cobrem o NCM (7, 21);;validação humana/decisão (divergência documentada na auditoria)
883;29304010;200038;Redução de 60%;IX;23.06;Art. 138;29304010-200038-IX-23.06;data/base-normativa.json;60%;Art. 138;DIVERGENTE;NÃO;IMPLEMENTADA_COM_RESSALVA;item da regra (23.06) diferente dos itens da lei que cobrem o NCM (7, 21);;validação humana/decisão (divergência documentada na auditoria)
884;29304010;200033;Redução de 60%;VI;66;Arts. 133 e 134;29304010-200033-VI-66;data/base-normativa.json;60%;Arts. 133 e 134;DIVERGENTE;NÃO;IMPLEMENTADA_COM_RESSALVA;item da regra (66) diferente dos itens da lei que cobrem o NCM (67);;validação humana/decisão (divergência documentada na auditoria)
885;29304090;200038;Redução de 60%;IX;03.09;Art. 138;29304090-200038-IX-03.09;data/base-normativa.json;60%;Art. 138;DIVERGENTE;NÃO;IMPLEMENTADA_COM_RESSALVA;item da regra (03.09) diferente dos itens da lei que cobrem o NCM (7, 21);;validação humana/decisão (divergência documentada na auditoria)
886;29304090;200038;Redução de 60%;IX;23.06;Art. 138;29304090-200038-IX-23.06;data/base-normativa.json;60%;Art. 138;DIVERGENTE;NÃO;IMPLEMENTADA_COM_RESSALVA;item da regra (23.06) diferente dos itens da lei que cobrem o NCM (7, 21);;validação humana/decisão (divergência documentada na auditoria)
887;29304090;200033;Redução de 60%;VI;81;Arts. 133 e 134;29304090-200033-VI-81;data/base-normativa.json;60%;Arts. 133 e 134;DIVERGENTE;NÃO;IMPLEMENTADA_COM_RESSALVA;item da regra (81) diferente dos itens da lei que cobrem o NCM (67);;validação humana/decisão (divergência documentada na auditoria)
888;29309039;200033;Redução de 60%;VI;24;Arts. 133 e 134;29309039-200033-VI-24;data/base-normativa.json;60%;Arts. 133 e 134;CONFIRMADA;NÃO;IMPLEMENTADA_CONFIRMADA;;;nada
889;29332992;200033;Redução de 60%;VI;59;Arts. 133 e 134;29332992-200033-VI-59;data/base-normativa.json;60%;Arts. 133 e 134;CONFIRMADA;NÃO;IMPLEMENTADA_CONFIRMADA;;;nada
890;29362113;200033;Redução de 60%;VI;69;Arts. 133 e 134;29362113-200033-VI-69;data/base-normativa.json;60%;Arts. 133 e 134;CONFIRMADA;NÃO;IMPLEMENTADA_CONFIRMADA;;;nada
891;29362210;200033;Redução de 60%;VI;33;Arts. 133 e 134;29362210-200033-VI-33;data/base-normativa.json;60%;Arts. 133 e 134;CONFIRMADA;NÃO;IMPLEMENTADA_CONFIRMADA;;;nada
892;29362290;200033;Redução de 60%;VI;34;Arts. 133 e 134;29362290-200033-VI-34;data/base-normativa.json;60%;Arts. 133 e 134;NAO_DETERMINADA;NÃO;IMPLEMENTADA_COM_RESSALVA;"NCM coberto por 2 itens do anexo (34, 52); o item da regra está entre eles; a escolha depende do produto";;validação humana/decisão (divergência documentada na auditoria)
893;29362290;200033;Redução de 60%;VI;52;Arts. 133 e 134;29362290-200033-VI-52;data/base-normativa.json;60%;Arts. 133 e 134;NAO_DETERMINADA;NÃO;IMPLEMENTADA_COM_RESSALVA;"NCM coberto por 2 itens do anexo (34, 52); o item da regra está entre eles; a escolha depende do produto";;validação humana/decisão (divergência documentada na auditoria)
894;29362310;200033;Redução de 60%;VI;71;Arts. 133 e 134;29362310-200033-VI-71;data/base-normativa.json;60%;Arts. 133 e 134;CONFIRMADA;NÃO;IMPLEMENTADA_CONFIRMADA;;;nada
895;29362320;200033;Redução de 60%;VI;53;Arts. 133 e 134;29362320-200033-VI-53;data/base-normativa.json;60%;Arts. 133 e 134;CONFIRMADA;NÃO;IMPLEMENTADA_CONFIRMADA;;;nada
896;29362520;200033;Redução de 60%;VI;32;Arts. 133 e 134;29362520-200033-VI-32;data/base-normativa.json;60%;Arts. 133 e 134;CONFIRMADA;NÃO;IMPLEMENTADA_CONFIRMADA;;;nada
897;29362610;200033;Redução de 60%;VI;23;Arts. 133 e 134;29362610-200033-VI-23;data/base-normativa.json;60%;Arts. 133 e 134;CONFIRMADA;NÃO;IMPLEMENTADA_CONFIRMADA;;;nada
898;29362710;200033;Redução de 60%;VI;8;Arts. 133 e 134;29362710-200033-VI-8;data/base-normativa.json;60%;Arts. 133 e 134;CONFIRMADA;NÃO;IMPLEMENTADA_CONFIRMADA;;;nada
899;29362811;200033;Redução de 60%;VI;79;Arts. 133 e 134;29362811-200033-VI-79;data/base-normativa.json;60%;Arts. 133 e 134;CONFIRMADA;NÃO;IMPLEMENTADA_CONFIRMADA;;;nada
900;29362812;200033;Redução de 60%;VI;1;Arts. 133 e 134;29362812-200033-VI-1;data/base-normativa.json;60%;Arts. 133 e 134;CONFIRMADA;NÃO;IMPLEMENTADA_CONFIRMADA;;;nada
901;29362911;200033;Redução de 60%;VI;11;Arts. 133 e 134;29362911-200033-VI-11;data/base-normativa.json;60%;Arts. 133 e 134;CONFIRMADA;NÃO;IMPLEMENTADA_CONFIRMADA;;;nada
902;29362921;200033;Redução de 60%;VI;35;Arts. 133 e 134;29362921-200033-VI-35;data/base-normativa.json;60%;Arts. 133 e 134;CONFIRMADA;NÃO;IMPLEMENTADA_CONFIRMADA;;;nada
903;29362929;200033;Redução de 60%;VI;36;Arts. 133 e 134;29362929-200033-VI-36;data/base-normativa.json;60%;Arts. 133 e 134;CONFIRMADA;NÃO;IMPLEMENTADA_CONFIRMADA;;;nada
904;29362931;200033;Redução de 60%;VI;22;Arts. 133 e 134;29362931-200033-VI-22;data/base-normativa.json;60%;Arts. 133 e 134;CONFIRMADA;NÃO;IMPLEMENTADA_CONFIRMADA;;;nada
905;29362940;200033;Redução de 60%;VI;38;Arts. 133 e 134;29362940-200033-VI-38;data/base-normativa.json;60%;Arts. 133 e 134;CONFIRMADA;NÃO;IMPLEMENTADA_CONFIRMADA;;;nada
906;29362952;200033;Redução de 60%;VI;68;Arts. 133 e 134;29362952-200033-VI-68;data/base-normativa.json;60%;Arts. 133 e 134;CONFIRMADA;NÃO;IMPLEMENTADA_CONFIRMADA;;;nada
907;30021211;200038;Redução de 60%;IX;12;Art. 138;30021211-200038-IX-12;data/base-normativa.json;60%;Art. 138;CONFIRMADA;NÃO;IMPLEMENTADA_CONFIRMADA;;;nada
908;30021212;200038;Redução de 60%;IX;12;Art. 138;30021212-200038-IX-12;data/base-normativa.json;60%;Art. 138;CONFIRMADA;NÃO;IMPLEMENTADA_CONFIRMADA;;;nada
909;30021213;200038;Redução de 60%;IX;12;Art. 138;30021213-200038-IX-12;data/base-normativa.json;60%;Art. 138;CONFIRMADA;NÃO;IMPLEMENTADA_CONFIRMADA;;;nada
910;30021214;200038;Redução de 60%;IX;12;Art. 138;30021214-200038-IX-12;data/base-normativa.json;60%;Art. 138;CONFIRMADA;NÃO;IMPLEMENTADA_CONFIRMADA;;;nada
911;30021215;200038;Redução de 60%;IX;12;Art. 138;30021215-200038-IX-12;data/base-normativa.json;60%;Art. 138;CONFIRMADA;NÃO;IMPLEMENTADA_CONFIRMADA;;;nada
912;30021216;200038;Redução de 60%;IX;12;Art. 138;30021216-200038-IX-12;data/base-normativa.json;60%;Art. 138;CONFIRMADA;NÃO;IMPLEMENTADA_CONFIRMADA;;;nada
913;30021219;200038;Redução de 60%;IX;12;Art. 138;30021219-200038-IX-12;data/base-normativa.json;60%;Art. 138;CONFIRMADA;NÃO;IMPLEMENTADA_CONFIRMADA;;;nada
914;30021221;200030;Redução de 60%;IV;45;Art. 131;30021221-200030-IV-45;data/base-normativa.json;60%;Art. 131;NAO_DETERMINADA;NÃO;IMPLEMENTADA_COM_RESSALVA;"NCM coberto por 2 itens do anexo (45, 48); o item da regra está entre eles; a escolha depende do produto";;validação humana/decisão (divergência documentada na auditoria)
915;30021221;200030;Redução de 60%;IV;48;Art. 131;30021221-200030-IV-48;data/base-normativa.json;60%;Art. 131;NAO_DETERMINADA;NÃO;IMPLEMENTADA_COM_RESSALVA;"NCM coberto por 2 itens do anexo (45, 48); o item da regra está entre eles; a escolha depende do produto";;validação humana/decisão (divergência documentada na auditoria)
916;30021221;200038;Redução de 60%;IX;12;Art. 138;30021221-200038-IX-12;data/base-normativa.json;60%;Art. 138;CONFIRMADA;NÃO;IMPLEMENTADA_CONFIRMADA;;;nada
917;30021222;200030;Redução de 60%;IV;46;Art. 131;30021222-200030-IV-46;data/base-normativa.json;60%;Art. 131;CONFIRMADA;NÃO;IMPLEMENTADA_CONFIRMADA;;;nada
918;30021222;200038;Redução de 60%;IX;12;Art. 138;30021222-200038-IX-12;data/base-normativa.json;60%;Art. 138;CONFIRMADA;NÃO;IMPLEMENTADA_CONFIRMADA;;;nada
919;30021223;200030;Redução de 60%;IV;47;Art. 131;30021223-200030-IV-47;data/base-normativa.json;60%;Art. 131;CONFIRMADA;NÃO;IMPLEMENTADA_CONFIRMADA;;;nada
920;30021223;200038;Redução de 60%;IX;12;Art. 138;30021223-200038-IX-12;data/base-normativa.json;60%;Art. 138;CONFIRMADA;NÃO;IMPLEMENTADA_CONFIRMADA;;;nada
921;30021224;200038;Redução de 60%;IX;12;Art. 138;30021224-200038-IX-12;data/base-normativa.json;60%;Art. 138;CONFIRMADA;NÃO;IMPLEMENTADA_CONFIRMADA;;;nada
922;30021229;200030;Redução de 60%;IV;49;Art. 131;30021229-200030-IV-49;data/base-normativa.json;60%;Art. 131;DIVERGENTE;NÃO;IMPLEMENTADA_COM_RESSALVA;item da regra (49) diferente dos itens da lei que cobrem o NCM (48);;validação humana/decisão (divergência documentada na auditoria)
923;30021229;200038;Redução de 60%;IX;12;Art. 138;30021229-200038-IX-12;data/base-normativa.json;60%;Art. 138;CONFIRMADA;NÃO;IMPLEMENTADA_CONFIRMADA;;;nada
924;30021231;200038;Redução de 60%;IX;12;Art. 138;30021231-200038-IX-12;data/base-normativa.json;60%;Art. 138;CONFIRMADA;NÃO;IMPLEMENTADA_CONFIRMADA;;;nada
925;30021232;200038;Redução de 60%;IX;12;Art. 138;30021232-200038-IX-12;data/base-normativa.json;60%;Art. 138;CONFIRMADA;NÃO;IMPLEMENTADA_CONFIRMADA;;;nada
926;30021233;200038;Redução de 60%;IX;12;Art. 138;30021233-200038-IX-12;data/base-normativa.json;60%;Art. 138;CONFIRMADA;NÃO;IMPLEMENTADA_CONFIRMADA;;;nada
927;30021234;200038;Redução de 60%;IX;12;Art. 138;30021234-200038-IX-12;data/base-normativa.json;60%;Art. 138;CONFIRMADA;NÃO;IMPLEMENTADA_CONFIRMADA;;;nada
928;30021235;200038;Redução de 60%;IX;12;Art. 138;30021235-200038-IX-12;data/base-normativa.json;60%;Art. 138;CONFIRMADA;NÃO;IMPLEMENTADA_CONFIRMADA;;;nada
929;30021236;200038;Redução de 60%;IX;12;Art. 138;30021236-200038-IX-12;data/base-normativa.json;60%;Art. 138;CONFIRMADA;NÃO;IMPLEMENTADA_CONFIRMADA;;;nada
930;30021236;200033;Redução de 60%;VI;18;Arts. 133 e 134;30021236-200033-VI-18;data/base-normativa.json;60%;Arts. 133 e 134;CONFIRMADA;NÃO;IMPLEMENTADA_CONFIRMADA;;;nada
931;30021239;200038;Redução de 60%;IX;12;Art. 138;30021239-200038-IX-12;data/base-normativa.json;60%;Art. 138;CONFIRMADA;NÃO;IMPLEMENTADA_CONFIRMADA;;;nada
932;30021510;200038;Redução de 60%;IX;12;Art. 138;30021510-200038-IX-12;data/base-normativa.json;60%;Art. 138;CONFIRMADA;NÃO;IMPLEMENTADA_CONFIRMADA;;;nada
933;30021520;200038;Redução de 60%;IX;12;Art. 138;30021520-200038-IX-12;data/base-normativa.json;60%;Art. 138;CONFIRMADA;NÃO;IMPLEMENTADA_CONFIRMADA;;;nada
934;30021590;200038;Redução de 60%;IX;12;Art. 138;30021590-200038-IX-12;data/base-normativa.json;60%;Art. 138;CONFIRMADA;NÃO;IMPLEMENTADA_CONFIRMADA;;;nada
935;30024210;200038;Redução de 60%;IX;12;Art. 138;30024210-200038-IX-12;data/base-normativa.json;60%;Art. 138;CONFIRMADA;NÃO;IMPLEMENTADA_CONFIRMADA;;;nada
936;30024220;200038;Redução de 60%;IX;12;Art. 138;30024220-200038-IX-12;data/base-normativa.json;60%;Art. 138;CONFIRMADA;NÃO;IMPLEMENTADA_CONFIRMADA;;;nada
937;30024230;200038;Redução de 60%;IX;12;Art. 138;30024230-200038-IX-12;data/base-normativa.json;60%;Art. 138;CONFIRMADA;NÃO;IMPLEMENTADA_CONFIRMADA;;;nada
938;30024240;200038;Redução de 60%;IX;12;Art. 138;30024240-200038-IX-12;data/base-normativa.json;60%;Art. 138;CONFIRMADA;NÃO;IMPLEMENTADA_CONFIRMADA;;;nada
939;30024250;200038;Redução de 60%;IX;12;Art. 138;30024250-200038-IX-12;data/base-normativa.json;60%;Art. 138;CONFIRMADA;NÃO;IMPLEMENTADA_CONFIRMADA;;;nada
940;30024260;200038;Redução de 60%;IX;12;Art. 138;30024260-200038-IX-12;data/base-normativa.json;60%;Art. 138;CONFIRMADA;NÃO;IMPLEMENTADA_CONFIRMADA;;;nada
941;30024270;200038;Redução de 60%;IX;12;Art. 138;30024270-200038-IX-12;data/base-normativa.json;60%;Art. 138;CONFIRMADA;NÃO;IMPLEMENTADA_CONFIRMADA;;;nada
942;30024280;200038;Redução de 60%;IX;12;Art. 138;30024280-200038-IX-12;data/base-normativa.json;60%;Art. 138;CONFIRMADA;NÃO;IMPLEMENTADA_CONFIRMADA;;;nada
943;30024290;200038;Redução de 60%;IX;12;Art. 138;30024290-200038-IX-12;data/base-normativa.json;60%;Art. 138;CONFIRMADA;NÃO;IMPLEMENTADA_CONFIRMADA;;;nada
944;30024910;200038;Redução de 60%;IX;4;Art. 138;30024910-200038-IX-4;data/base-normativa.json;60%;Art. 138;CONFIRMADA;NÃO;IMPLEMENTADA_CONFIRMADA;;;nada
945;30024920;200038;Redução de 60%;IX;4;Art. 138;30024920-200038-IX-4;data/base-normativa.json;60%;Art. 138;CONFIRMADA;NÃO;IMPLEMENTADA_CONFIRMADA;;;nada
946;30024991;200038;Redução de 60%;IX;4;Art. 138;30024991-200038-IX-4;data/base-normativa.json;60%;Art. 138;CONFIRMADA;NÃO;IMPLEMENTADA_CONFIRMADA;;;nada
947;30024992;200038;Redução de 60%;IX;4;Art. 138;30024992-200038-IX-4;data/base-normativa.json;60%;Art. 138;CONFIRMADA;NÃO;IMPLEMENTADA_CONFIRMADA;;;nada
948;30024993;200038;Redução de 60%;IX;4;Art. 138;30024993-200038-IX-4;data/base-normativa.json;60%;Art. 138;CONFIRMADA;NÃO;IMPLEMENTADA_CONFIRMADA;;;nada
949;30024994;200038;Redução de 60%;IX;4;Art. 138;30024994-200038-IX-4;data/base-normativa.json;60%;Art. 138;CONFIRMADA;NÃO;IMPLEMENTADA_CONFIRMADA;;;nada
950;30024999;200038;Redução de 60%;IX;4;Art. 138;30024999-200038-IX-4;data/base-normativa.json;60%;Art. 138;CONFIRMADA;NÃO;IMPLEMENTADA_CONFIRMADA;;;nada
951;30029000;200038;Redução de 60%;IX;12;Art. 138;30029000-200038-IX-12;data/base-normativa.json;60%;Art. 138;NAO_DETERMINADA;NÃO;IMPLEMENTADA_COM_RESSALVA;"NCM coberto por 2 itens do anexo (4, 12); o item da regra está entre eles; a escolha depende do produto";;validação humana/decisão (divergência documentada na auditoria)
952;30029000;200038;Redução de 60%;IX;4;Art. 138;30029000-200038-IX-4;data/base-normativa.json;60%;Art. 138;NAO_DETERMINADA;NÃO;IMPLEMENTADA_COM_RESSALVA;"NCM coberto por 2 itens do anexo (4, 12); o item da regra está entre eles; a escolha depende do produto";;validação humana/decisão (divergência documentada na auditoria)
953;30049099;200030;Redução de 60%;IV;5;Art. 131;30049099-200030-IV-5;data/base-normativa.json;60%;Art. 131;NAO_DETERMINADA;NÃO;IMPLEMENTADA_COM_RESSALVA;"NCM coberto por 2 itens do anexo (5, 9); o item da regra está entre eles; a escolha depende do produto";;validação humana/decisão (divergência documentada na auditoria)
954;30049099;200030;Redução de 60%;IV;9;Art. 131;30049099-200030-IV-9;data/base-normativa.json;60%;Art. 131;NAO_DETERMINADA;NÃO;IMPLEMENTADA_COM_RESSALVA;"NCM coberto por 2 itens do anexo (5, 9); o item da regra está entre eles; a escolha depende do produto";;validação humana/decisão (divergência documentada na auditoria)
955;30059090;200030;Redução de 60%;IV;35;Art. 131;30059090-200030-IV-35;data/base-normativa.json;60%;Art. 131;CONFIRMADA;NÃO;IMPLEMENTADA_CONFIRMADA;;;nada
956;30061010;200030;Redução de 60%;IV;23;Art. 131;30061010-200030-IV-23;data/base-normativa.json;60%;Art. 131;CONFIRMADA;NÃO;IMPLEMENTADA_CONFIRMADA;;;nada
957;30061010;200030;Redução de 60%;IV;49;Art. 131;30061010-200030-IV-49;data/base-normativa.json;60%;Art. 131;DIVERGENTE;NÃO;IMPLEMENTADA_COM_RESSALVA;a lei exclui expressamente este NCM no item 49 da regra | item da regra (49) diferente dos itens da lei que cobrem o NCM (23);;validação humana/decisão (divergência documentada na auditoria)
958;30061020;200030;Redução de 60%;IV;23;Art. 131;30061020-200030-IV-23;data/base-normativa.json;60%;Art. 131;CONFIRMADA;NÃO;IMPLEMENTADA_CONFIRMADA;;;nada
959;30061020;200030;Redução de 60%;IV;49;Art. 131;30061020-200030-IV-49;data/base-normativa.json;60%;Art. 131;DIVERGENTE;NÃO;IMPLEMENTADA_COM_RESSALVA;a lei exclui expressamente este NCM no item 49 da regra | item da regra (49) diferente dos itens da lei que cobrem o NCM (23);;validação humana/decisão (divergência documentada na auditoria)
960;30061090;200030;Redução de 60%;IV;23;Art. 131;30061090-200030-IV-23;data/base-normativa.json;60%;Art. 131;NAO_DETERMINADA;NÃO;IMPLEMENTADA_COM_RESSALVA;"NCM coberto por 2 itens do anexo (23, 36); o item da regra está entre eles; a escolha depende do produto";;validação humana/decisão (divergência documentada na auditoria)
961;30061090;200030;Redução de 60%;IV;36;Art. 131;30061090-200030-IV-36;data/base-normativa.json;60%;Art. 131;NAO_DETERMINADA;NÃO;IMPLEMENTADA_COM_RESSALVA;"NCM coberto por 2 itens do anexo (23, 36); o item da regra está entre eles; a escolha depende do produto";;validação humana/decisão (divergência documentada na auditoria)
962;30061090;200030;Redução de 60%;IV;49;Art. 131;30061090-200030-IV-49;data/base-normativa.json;60%;Art. 131;DIVERGENTE;NÃO;IMPLEMENTADA_COM_RESSALVA;a lei exclui expressamente este NCM no item 49 da regra | item da regra (49) diferente dos itens da lei que cobrem o NCM (23, 36);;validação humana/decisão (divergência documentada na auditoria)
963;30063011;200030;Redução de 60%;IV;49;Art. 131;30063011-200030-IV-49;data/base-normativa.json;60%;Art. 131;NAO_LOCALIZADA;SIM;BLOQUEADA;NCM ausente do SVRS para o código e não coberto por item do anexo na lei;;nada (regra bloqueada: benefício impedido por vedação oficial)
964;30063012;200030;Redução de 60%;IV;49;Art. 131;30063012-200030-IV-49;data/base-normativa.json;60%;Art. 131;NAO_LOCALIZADA;SIM;BLOQUEADA;NCM ausente do SVRS para o código e não coberto por item do anexo na lei;;nada (regra bloqueada: benefício impedido por vedação oficial)
965;30063013;200030;Redução de 60%;IV;49;Art. 131;30063013-200030-IV-49;data/base-normativa.json;60%;Art. 131;NAO_LOCALIZADA;SIM;BLOQUEADA;NCM ausente do SVRS para o código e não coberto por item do anexo na lei;;nada (regra bloqueada: benefício impedido por vedação oficial)
966;30063015;200030;Redução de 60%;IV;49;Art. 131;30063015-200030-IV-49;data/base-normativa.json;60%;Art. 131;NAO_LOCALIZADA;SIM;BLOQUEADA;NCM ausente do SVRS para o código e não coberto por item do anexo na lei;;nada (regra bloqueada: benefício impedido por vedação oficial)
967;30063016;200030;Redução de 60%;IV;49;Art. 131;30063016-200030-IV-49;data/base-normativa.json;60%;Art. 131;NAO_LOCALIZADA;SIM;BLOQUEADA;NCM ausente do SVRS para o código e não coberto por item do anexo na lei;;nada (regra bloqueada: benefício impedido por vedação oficial)
968;30063017;200030;Redução de 60%;IV;49;Art. 131;30063017-200030-IV-49;data/base-normativa.json;60%;Art. 131;NAO_LOCALIZADA;SIM;BLOQUEADA;NCM ausente do SVRS para o código e não coberto por item do anexo na lei;;nada (regra bloqueada: benefício impedido por vedação oficial)
969;30063018;200030;Redução de 60%;IV;49;Art. 131;30063018-200030-IV-49;data/base-normativa.json;60%;Art. 131;NAO_LOCALIZADA;SIM;BLOQUEADA;NCM ausente do SVRS para o código e não coberto por item do anexo na lei;;nada (regra bloqueada: benefício impedido por vedação oficial)
970;30063019;200030;Redução de 60%;IV;49;Art. 131;30063019-200030-IV-49;data/base-normativa.json;60%;Art. 131;NAO_LOCALIZADA;SIM;BLOQUEADA;NCM ausente do SVRS para o código e não coberto por item do anexo na lei;;nada (regra bloqueada: benefício impedido por vedação oficial)
971;30063021;200030;Redução de 60%;IV;49;Art. 131;30063021-200030-IV-49;data/base-normativa.json;60%;Art. 131;DIVERGENTE;NÃO;IMPLEMENTADA_COM_RESSALVA;a lei exclui expressamente este NCM no item 49 da regra | item da regra (49) diferente dos itens da lei que cobrem o NCM (50);;validação humana/decisão (divergência documentada na auditoria)
972;30063021;200030;Redução de 60%;IV;50;Art. 131;30063021-200030-IV-50;data/base-normativa.json;60%;Art. 131;CONFIRMADA;NÃO;IMPLEMENTADA_CONFIRMADA;;;nada
973;30063029;200030;Redução de 60%;IV;49;Art. 131;30063029-200030-IV-49;data/base-normativa.json;60%;Art. 131;NAO_LOCALIZADA;SIM;BLOQUEADA;NCM ausente do SVRS para o código e não coberto por item do anexo na lei;;nada (regra bloqueada: benefício impedido por vedação oficial)
974;30064011;200030;Redução de 60%;IV;49;Art. 131;30064011-200030-IV-49;data/base-normativa.json;60%;Art. 131;NAO_LOCALIZADA;SIM;BLOQUEADA;NCM ausente do SVRS para o código e não coberto por item do anexo na lei;;nada (regra bloqueada: benefício impedido por vedação oficial)
975;30064012;200030;Redução de 60%;IV;49;Art. 131;30064012-200030-IV-49;data/base-normativa.json;60%;Art. 131;DIVERGENTE;NÃO;IMPLEMENTADA_COM_RESSALVA;a lei exclui expressamente este NCM no item 49 da regra | item da regra (49) diferente dos itens da lei que cobrem o NCM (51);;validação humana/decisão (divergência documentada na auditoria)
976;30064012;200030;Redução de 60%;IV;51;Art. 131;30064012-200030-IV-51;data/base-normativa.json;60%;Art. 131;CONFIRMADA;NÃO;IMPLEMENTADA_CONFIRMADA;;;nada
977;30064020;200030;Redução de 60%;IV;4;Art. 131;30064020-200030-IV-4;data/base-normativa.json;60%;Art. 131;CONFIRMADA;NÃO;IMPLEMENTADA_CONFIRMADA;;;nada
978;30064020;200030;Redução de 60%;IV;49;Art. 131;30064020-200030-IV-49;data/base-normativa.json;60%;Art. 131;DIVERGENTE;NÃO;IMPLEMENTADA_COM_RESSALVA;a lei exclui expressamente este NCM no item 49 da regra | item da regra (49) diferente dos itens da lei que cobrem o NCM (4);;validação humana/decisão (divergência documentada na auditoria)
979;30065000;200030;Redução de 60%;IV;49;Art. 131;30065000-200030-IV-49;data/base-normativa.json;60%;Art. 131;NAO_LOCALIZADA;SIM;BLOQUEADA;NCM ausente do SVRS para o código e não coberto por item do anexo na lei;;nada (regra bloqueada: benefício impedido por vedação oficial)
980;30066000;200030;Redução de 60%;IV;49;Art. 131;30066000-200030-IV-49;data/base-normativa.json;60%;Art. 131;NAO_LOCALIZADA;SIM;BLOQUEADA;NCM ausente do SVRS para o código e não coberto por item do anexo na lei;;nada (regra bloqueada: benefício impedido por vedação oficial)
981;30067000;200030;Redução de 60%;IV;49;Art. 131;30067000-200030-IV-49;data/base-normativa.json;60%;Art. 131;DIVERGENTE;NÃO;IMPLEMENTADA_COM_RESSALVA;a lei exclui expressamente este NCM no item 49 da regra | item da regra (49) diferente dos itens da lei que cobrem o NCM (52);;validação humana/decisão (divergência documentada na auditoria)
982;30067000;200030;Redução de 60%;IV;52;Art. 131;30067000-200030-IV-52;data/base-normativa.json;60%;Art. 131;CONFIRMADA;NÃO;IMPLEMENTADA_CONFIRMADA;;;nada
983;30069110;200030;Redução de 60%;IV;49;Art. 131;30069110-200030-IV-49;data/base-normativa.json;60%;Art. 131;DIVERGENTE;NÃO;IMPLEMENTADA_COM_RESSALVA;a lei exclui expressamente este NCM no item 49 da regra | item da regra (49) diferente dos itens da lei que cobrem o NCM (53);;validação humana/decisão (divergência documentada na auditoria)
984;30069110;200030;Redução de 60%;IV;53;Art. 131;30069110-200030-IV-53;data/base-normativa.json;60%;Art. 131;CONFIRMADA;NÃO;IMPLEMENTADA_CONFIRMADA;;;nada
985;30069190;200030;Redução de 60%;IV;49;Art. 131;30069190-200030-IV-49;data/base-normativa.json;60%;Art. 131;DIVERGENTE;NÃO;IMPLEMENTADA_COM_RESSALVA;a lei exclui expressamente este NCM no item 49 da regra | item da regra (49) diferente dos itens da lei que cobrem o NCM (54);;validação humana/decisão (divergência documentada na auditoria)
986;30069190;200030;Redução de 60%;IV;54;Art. 131;30069190-200030-IV-54;data/base-normativa.json;60%;Art. 131;CONFIRMADA;NÃO;IMPLEMENTADA_CONFIRMADA;;;nada
987;30069200;200030;Redução de 60%;IV;49;Art. 131;30069200-200030-IV-49;data/base-normativa.json;60%;Art. 131;NAO_LOCALIZADA;SIM;BLOQUEADA;NCM ausente do SVRS para o código e não coberto por item do anexo na lei;;nada (regra bloqueada: benefício impedido por vedação oficial)
988;30069300;200030;Redução de 60%;IV;49;Art. 131;30069300-200030-IV-49;data/base-normativa.json;60%;Art. 131;NAO_LOCALIZADA;SIM;BLOQUEADA;NCM ausente do SVRS para o código e não coberto por item do anexo na lei;;nada (regra bloqueada: benefício impedido por vedação oficial)
989;31010000;200038;Redução de 60%;IX;1;Art. 138;31010000-200038-IX-1;data/base-normativa.json;60%;Art. 138;NAO_DETERMINADA;NÃO;IMPLEMENTADA_COM_RESSALVA;"NCM coberto por 2 itens do anexo (1, 2); o item da regra está entre eles; a escolha depende do produto";;validação humana/decisão (divergência documentada na auditoria)
990;31042010;200033;Redução de 60%;VI;66;Arts. 133 e 134;31042010-200033-VI-66;data/base-normativa.json;60%;Arts. 133 e 134;DIVERGENTE;NÃO;IMPLEMENTADA_COM_RESSALVA;item da regra (66) diferente dos itens da lei que cobrem o NCM (29);;validação humana/decisão (divergência documentada na auditoria)
991;31042090;200033;Redução de 60%;VI;66;Arts. 133 e 134;31042090-200033-VI-66;data/base-normativa.json;60%;Arts. 133 e 134;DIVERGENTE;NÃO;IMPLEMENTADA_COM_RESSALVA;item da regra (66) diferente dos itens da lei que cobrem o NCM (29);;validação humana/decisão (divergência documentada na auditoria)
992;33061000;200035;Redução de 60%;VIII;2;Art. 136;33061000-200035-VIII-2;data/base-normativa.json;60%;Art. 136;CONFIRMADA;NÃO;IMPLEMENTADA_CONFIRMADA;;;nada
993;34011190;200035;Redução de 60%;VIII;1;Art. 136;34011190-200035-VIII-1;data/base-normativa.json;60%;Art. 136;CONFIRMADA;NÃO;IMPLEMENTADA_CONFIRMADA;;;nada
994;34011900;200035;Redução de 60%;VIII;6;Art. 136;34011900-200035-VIII-6;data/base-normativa.json;60%;Art. 136;CONFIRMADA;NÃO;IMPLEMENTADA_CONFIRMADA;;;nada
995;35051000;200033;Redução de 60%;VI;60;Arts. 133 e 134;35051000-200033-VI-60;data/base-normativa.json;60%;Arts. 133 e 134;CONFIRMADA;NÃO;IMPLEMENTADA_CONFIRMADA;;;nada
996;35079041;200038;Redução de 60%;IX;9;Art. 138;35079041-200038-IX-9;data/base-normativa.json;60%;Art. 138;CONFIRMADA;NÃO;IMPLEMENTADA_CONFIRMADA;;;nada
997;35079042;200038;Redução de 60%;IX;9;Art. 138;35079042-200038-IX-9;data/base-normativa.json;60%;Art. 138;CONFIRMADA;NÃO;IMPLEMENTADA_CONFIRMADA;;;nada
998;35079049;200038;Redução de 60%;IX;9;Art. 138;35079049-200038-IX-9;data/base-normativa.json;60%;Art. 138;CONFIRMADA;NÃO;IMPLEMENTADA_CONFIRMADA;;;nada
999;36020000;200043;Redução de 60%;XI;2.8;Art. 140;36020000-200043-XI-2.8;data/base-normativa.json;60%;Art. 140;CONFIRMADA;NÃO;IMPLEMENTADA_CONFIRMADA;;fundamento planilha Art. 140 x oficial Art. 142;nada
1000;37011010;200030;Redução de 60%;IV;3;Art. 131;37011010-200030-IV-3;data/base-normativa.json;60%;Art. 131;CONFIRMADA;NÃO;IMPLEMENTADA_CONFIRMADA;;;nada
1001;37011029;200030;Redução de 60%;IV;28;Art. 131;37011029-200030-IV-28;data/base-normativa.json;60%;Art. 131;CONFIRMADA;NÃO;IMPLEMENTADA_CONFIRMADA;;;nada
1002;37021010;200030;Redução de 60%;IV;19;Art. 131;37021010-200030-IV-19;data/base-normativa.json;60%;Art. 131;CONFIRMADA;NÃO;IMPLEMENTADA_CONFIRMADA;;;nada
1003;37021020;200030;Redução de 60%;IV;18;Art. 131;37021020-200030-IV-18;data/base-normativa.json;60%;Art. 131;CONFIRMADA;NÃO;IMPLEMENTADA_CONFIRMADA;;;nada
1004;38029040;200038;Redução de 60%;IX;33.01;Art. 138;38029040-200038-IX-33.01;data/base-normativa.json;60%;Art. 138;DIVERGENTE;NÃO;IMPLEMENTADA_COM_RESSALVA;item da regra (33.01) diferente dos itens da lei que cobrem o NCM (7);;validação humana/decisão (divergência documentada na auditoria)
1005;38040011;200038;Redução de 60%;IX;33.01;Art. 138;38040011-200038-IX-33.01;data/base-normativa.json;60%;Art. 138;DIVERGENTE;NÃO;IMPLEMENTADA_COM_RESSALVA;item da regra (33.01) diferente dos itens da lei que cobrem o NCM (7);;validação humana/decisão (divergência documentada na auditoria)
1006;38040012;200038;Redução de 60%;IX;33.01;Art. 138;38040012-200038-IX-33.01;data/base-normativa.json;60%;Art. 138;DIVERGENTE;NÃO;IMPLEMENTADA_COM_RESSALVA;item da regra (33.01) diferente dos itens da lei que cobrem o NCM (7);;validação humana/decisão (divergência documentada na auditoria)
1007;38040020;200038;Redução de 60%;IX;33.01;Art. 138;38040020-200038-IX-33.01;data/base-normativa.json;60%;Art. 138;DIVERGENTE;NÃO;IMPLEMENTADA_COM_RESSALVA;item da regra (33.01) diferente dos itens da lei que cobrem o NCM (7);;validação humana/decisão (divergência documentada na auditoria)
1008;38070000;200038;Redução de 60%;IX;38.24;Art. 138;38070000-200038-IX-38.24;data/base-normativa.json;60%;Art. 138;DIVERGENTE;NÃO;IMPLEMENTADA_COM_RESSALVA;item da regra (38.24) diferente dos itens da lei que cobrem o NCM (5);;validação humana/decisão (divergência documentada na auditoria)
1009;38089419;200035;Redução de 60%;VIII;5;Art. 136;38089419-200035-VIII-5;data/base-normativa.json;60%;Art. 136;CONFIRMADA;NÃO;IMPLEMENTADA_CONFIRMADA;;;nada
1010;38210000;200030;Redução de 60%;IV;75;Art. 131;38210000-200030-IV-75;data/base-normativa.json;60%;Art. 131;CONFIRMADA;NÃO;IMPLEMENTADA_CONFIRMADA;;;nada
1011;38210000;200038;Redução de 60%;IX;4;Art. 138;38210000-200038-IX-4;data/base-normativa.json;60%;Art. 138;CONFIRMADA;NÃO;IMPLEMENTADA_CONFIRMADA;;;nada
1012;38221100;200030;Redução de 60%;IV;49;Art. 131;38221100-200030-IV-49;data/base-normativa.json;60%;Art. 131;CONFIRMADA;NÃO;IMPLEMENTADA_CONFIRMADA;;;nada
1013;38221200;200030;Redução de 60%;IV;49;Art. 131;38221200-200030-IV-49;data/base-normativa.json;60%;Art. 131;CONFIRMADA;NÃO;IMPLEMENTADA_CONFIRMADA;;;nada
1014;38221300;200030;Redução de 60%;IV;49;Art. 131;38221300-200030-IV-49;data/base-normativa.json;60%;Art. 131;CONFIRMADA;NÃO;IMPLEMENTADA_CONFIRMADA;;;nada
1015;38221910;200030;Redução de 60%;IV;49;Art. 131;38221910-200030-IV-49;data/base-normativa.json;60%;Art. 131;CONFIRMADA;NÃO;IMPLEMENTADA_CONFIRMADA;;;nada
1016;38221920;200030;Redução de 60%;IV;49;Art. 131;38221920-200030-IV-49;data/base-normativa.json;60%;Art. 131;CONFIRMADA;NÃO;IMPLEMENTADA_CONFIRMADA;;;nada
1017;38221930;200030;Redução de 60%;IV;49;Art. 131;38221930-200030-IV-49;data/base-normativa.json;60%;Art. 131;CONFIRMADA;NÃO;IMPLEMENTADA_CONFIRMADA;;;nada
1018;38221940;200030;Redução de 60%;IV;49;Art. 131;38221940-200030-IV-49;data/base-normativa.json;60%;Art. 131;CONFIRMADA;NÃO;IMPLEMENTADA_CONFIRMADA;;;nada
1019;38221990;200030;Redução de 60%;IV;49;Art. 131;38221990-200030-IV-49;data/base-normativa.json;60%;Art. 131;CONFIRMADA;NÃO;IMPLEMENTADA_CONFIRMADA;;;nada
1020;38249971;200038;Redução de 60%;IX;33.01;Art. 138;38249971-200038-IX-33.01;data/base-normativa.json;60%;Art. 138;DIVERGENTE;NÃO;IMPLEMENTADA_COM_RESSALVA;item da regra (33.01) diferente dos itens da lei que cobrem o NCM (5, 7);;validação humana/decisão (divergência documentada na auditoria)
1021;38249977;200038;Redução de 60%;IX;1;Art. 138;38249977-200038-IX-1;data/base-normativa.json;60%;Art. 138;DIVERGENTE;NÃO;IMPLEMENTADA_COM_RESSALVA;item da regra (1) diferente dos itens da lei que cobrem o NCM (2, 5);;validação humana/decisão (divergência documentada na auditoria)
1022;38249979;200038;Redução de 60%;IX;6;Art. 138;38249979-200038-IX-6;data/base-normativa.json;60%;Art. 138;DIVERGENTE;NÃO;IMPLEMENTADA_COM_RESSALVA;item da regra (6) diferente dos itens da lei que cobrem o NCM (2, 5);;validação humana/decisão (divergência documentada na auditoria)
1023;38249989;200030;Redução de 60%;IV;93;Art. 131;38249989-200030-IV-93;data/base-normativa.json;60%;Art. 131;CONFIRMADA;NÃO;IMPLEMENTADA_CONFIRMADA;;;nada
1024;38249989;200038;Redução de 60%;IX;38.08;Art. 138;38249989-200038-IX-38.08;data/base-normativa.json;60%;Art. 138;DIVERGENTE;NÃO;IMPLEMENTADA_COM_RESSALVA;item da regra (38.08) diferente dos itens da lei que cobrem o NCM (2, 5, 6);;validação humana/decisão (divergência documentada na auditoria)
1025;38249989;200038;Redução de 60%;IX;6;Art. 138;38249989-200038-IX-6;data/base-normativa.json;60%;Art. 138;NAO_DETERMINADA;NÃO;IMPLEMENTADA_COM_RESSALVA;"NCM coberto por 3 itens do anexo (2, 5, 6); o item da regra está entre eles; a escolha depende do produto";;validação humana/decisão (divergência documentada na auditoria)
1026;39174010;200030;Redução de 60%;IV;7;Art. 131;39174010-200030-IV-7;data/base-normativa.json;60%;Art. 131;NAO_DETERMINADA;NÃO;IMPLEMENTADA_COM_RESSALVA;"NCM coberto por 2 itens do anexo (7, 8); o item da regra está entre eles; a escolha depende do produto";;validação humana/decisão (divergência documentada na auditoria)
1027;39174010;200030;Redução de 60%;IV;8;Art. 131;39174010-200030-IV-8;data/base-normativa.json;60%;Art. 131;NAO_DETERMINADA;NÃO;IMPLEMENTADA_COM_RESSALVA;"NCM coberto por 2 itens do anexo (7, 8); o item da regra está entre eles; a escolha depende do produto";;validação humana/decisão (divergência documentada na auditoria)
1028;39174090;200030;Redução de 60%;IV;7;Art. 131;39174090-200030-IV-7;data/base-normativa.json;60%;Art. 131;NAO_DETERMINADA;NÃO;IMPLEMENTADA_COM_RESSALVA;"NCM coberto por 2 itens do anexo (7, 8); o item da regra está entre eles; a escolha depende do produto";;validação humana/decisão (divergência documentada na auditoria)
1029;39174090;200030;Redução de 60%;IV;8;Art. 131;39174090-200030-IV-8;data/base-normativa.json;60%;Art. 131;NAO_DETERMINADA;NÃO;IMPLEMENTADA_COM_RESSALVA;"NCM coberto por 2 itens do anexo (7, 8); o item da regra está entre eles; a escolha depende do produto";;validação humana/decisão (divergência documentada na auditoria)
1030;39269030;200030;Redução de 60%;IV;1;Art. 131;39269030-200030-IV-1;data/base-normativa.json;60%;Art. 131;NAO_DETERMINADA;NÃO;IMPLEMENTADA_COM_RESSALVA;"NCM coberto por 2 itens do anexo (1, 55); o item da regra está entre eles; a escolha depende do produto";;validação humana/decisão (divergência documentada na auditoria)
1031;39269030;200030;Redução de 60%;IV;55;Art. 131;39269030-200030-IV-55;data/base-normativa.json;60%;Art. 131;NAO_DETERMINADA;NÃO;IMPLEMENTADA_COM_RESSALVA;"NCM coberto por 2 itens do anexo (1, 55); o item da regra está entre eles; a escolha depende do produto";;validação humana/decisão (divergência documentada na auditoria)
1032;39269040;200030;Redução de 60%;IV;56;Art. 131;39269040-200030-IV-56;data/base-normativa.json;60%;Art. 131;NAO_DETERMINADA;NÃO;IMPLEMENTADA_COM_RESSALVA;"NCM coberto por 2 itens do anexo (6, 56); o item da regra está entre eles; a escolha depende do produto";;validação humana/decisão (divergência documentada na auditoria)
1033;39269040;200030;Redução de 60%;IV;6;Art. 131;39269040-200030-IV-6;data/base-normativa.json;60%;Art. 131;NAO_DETERMINADA;NÃO;IMPLEMENTADA_COM_RESSALVA;"NCM coberto por 2 itens do anexo (6, 56); o item da regra está entre eles; a escolha depende do produto";;validação humana/decisão (divergência documentada na auditoria)
1034;39269050;200030;Redução de 60%;IV;57;Art. 131;39269050-200030-IV-57;data/base-normativa.json;60%;Art. 131;CONFIRMADA;NÃO;IMPLEMENTADA_CONFIRMADA;;;nada
1035;40141000;200030;Redução de 60%;IV;91;Art. 131;40141000-200030-IV-91;data/base-normativa.json;60%;Art. 131;CONFIRMADA;NÃO;IMPLEMENTADA_CONFIRMADA;;;nada
1036;40151200;200030;Redução de 60%;IV;58;Art. 131;40151200-200030-IV-58;data/base-normativa.json;60%;Art. 131;CONFIRMADA;NÃO;IMPLEMENTADA_CONFIRMADA;;;nada
1037;40151900;200030;Redução de 60%;IV;58;Art. 131;40151900-200030-IV-58;data/base-normativa.json;60%;Art. 131;CONFIRMADA;NÃO;IMPLEMENTADA_CONFIRMADA;;;nada
1038;44013900;200038;Redução de 60%;IX;33.01;Art. 138;44013900-200038-IX-33.01;data/base-normativa.json;60%;Art. 138;DIVERGENTE;NÃO;IMPLEMENTADA_COM_RESSALVA;item da regra (33.01) diferente dos itens da lei que cobrem o NCM (7);;validação humana/decisão (divergência documentada na auditoria)
1039;44014100;200038;Redução de 60%;IX;33.01;Art. 138;44014100-200038-IX-33.01;data/base-normativa.json;60%;Art. 138;DIVERGENTE;NÃO;IMPLEMENTADA_COM_RESSALVA;item da regra (33.01) diferente dos itens da lei que cobrem o NCM (7);;validação humana/decisão (divergência documentada na auditoria)
1040;44014900;200038;Redução de 60%;IX;33.01;Art. 138;44014900-200038-IX-33.01;data/base-normativa.json;60%;Art. 138;DIVERGENTE;NÃO;IMPLEMENTADA_COM_RESSALVA;item da regra (33.01) diferente dos itens da lei que cobrem o NCM (7);;validação humana/decisão (divergência documentada na auditoria)
1041;44029000;200038;Redução de 60%;IX;33.01;Art. 138;44029000-200038-IX-33.01;data/base-normativa.json;60%;Art. 138;DIVERGENTE;NÃO;IMPLEMENTADA_COM_RESSALVA;item da regra (33.01) diferente dos itens da lei que cobrem o NCM (7);;validação humana/decisão (divergência documentada na auditoria)
1042;47010000;200038;Redução de 60%;IX;33.01;Art. 138;47010000-200038-IX-33.01;data/base-normativa.json;60%;Art. 138;DIVERGENTE;NÃO;IMPLEMENTADA_COM_RESSALVA;item da regra (33.01) diferente dos itens da lei que cobrem o NCM (7);;validação humana/decisão (divergência documentada na auditoria)
1043;48181000;200035;Redução de 60%;VIII;4;Art. 136;48181000-200035-VIII-4;data/base-normativa.json;60%;Art. 136;CONFIRMADA;NÃO;IMPLEMENTADA_CONFIRMADA;;;nada
1044;49119100;200039;Redução de 60%;X;42;Art. 139;49119100-200039-X-42;data/base-normativa.json;60%;Art. 139;CONFIRMADA;NÃO;IMPLEMENTADA_CONFIRMADA;;;nada
1045;53050090;200038;Redução de 60%;IX;33.01;Art. 138;53050090-200038-IX-33.01;data/base-normativa.json;60%;Art. 138;DIVERGENTE;NÃO;IMPLEMENTADA_COM_RESSALVA;item da regra (33.01) diferente dos itens da lei que cobrem o NCM (7);;validação humana/decisão (divergência documentada na auditoria)
1046;66020000;200031;Redução de 60%;V;2.2;Art. 132;66020000-200031-V-2.2;data/base-normativa.json;60%;Art. 132;DIVERGENTE;NÃO;IMPLEMENTADA_COM_RESSALVA;item da regra (2.2) diferente dos itens da lei que cobrem o NCM (2.1);;validação humana/decisão (divergência documentada na auditoria)
1047;68062000;200038;Redução de 60%;IX;33.01;Art. 138;68062000-200038-IX-33.01;data/base-normativa.json;60%;Art. 138;DIVERGENTE;NÃO;IMPLEMENTADA_COM_RESSALVA;item da regra (33.01) diferente dos itens da lei que cobrem o NCM (7);;validação humana/decisão (divergência documentada na auditoria)
1048;83024100;200007;Alíquota zero;XIII;1;Art. 145;83024100-200007-XIII-1;data/base-normativa.json;100%;Art. 145;CONFIRMADA;NÃO;IMPLEMENTADA_CONFIRMADA;;;nada
1049;84198110;200030;Redução de 60%;IV;73;Art. 131;84198110-200030-IV-73;data/base-normativa.json;60%;Art. 131;CONFIRMADA;NÃO;IMPLEMENTADA_CONFIRMADA;;;nada
1050;84198999;200030;Redução de 60%;IV;76;Art. 131;84198999-200030-IV-76;data/base-normativa.json;60%;Art. 131;CONFIRMADA;NÃO;IMPLEMENTADA_CONFIRMADA;;;nada
1051;84199040;200030;Redução de 60%;IV;77;Art. 131;84199040-200030-IV-77;data/base-normativa.json;60%;Art. 131;CONFIRMADA;NÃO;IMPLEMENTADA_CONFIRMADA;;;nada
1052;84212911;200030;Redução de 60%;IV;25;Art. 131;84212911-200030-IV-25;data/base-normativa.json;60%;Art. 131;CONFIRMADA;NÃO;IMPLEMENTADA_CONFIRMADA;;;nada
1053;84212990;200030;Redução de 60%;IV;20;Art. 131;84212990-200030-IV-20;data/base-normativa.json;60%;Art. 131;NAO_DETERMINADA;NÃO;IMPLEMENTADA_COM_RESSALVA;"NCM coberto por 3 itens do anexo (20, 21, 22); o item da regra está entre eles; a escolha depende do produto";;validação humana/decisão (divergência documentada na auditoria)
1054;84212990;200030;Redução de 60%;IV;21;Art. 131;84212990-200030-IV-21;data/base-normativa.json;60%;Art. 131;NAO_DETERMINADA;NÃO;IMPLEMENTADA_COM_RESSALVA;"NCM coberto por 3 itens do anexo (20, 21, 22); o item da regra está entre eles; a escolha depende do produto";;validação humana/decisão (divergência documentada na auditoria)
1055;84212990;200030;Redução de 60%;IV;22;Art. 131;84212990-200030-IV-22;data/base-normativa.json;60%;Art. 131;NAO_DETERMINADA;NÃO;IMPLEMENTADA_COM_RESSALVA;"NCM coberto por 3 itens do anexo (20, 21, 22); o item da regra está entre eles; a escolha depende do produto";;validação humana/decisão (divergência documentada na auditoria)
1056;84253110;200031;Redução de 60%;V;1.13;Art. 132;84253110-200031-V-1.13;data/base-normativa.json;60%;Art. 132;CONFIRMADA;NÃO;IMPLEMENTADA_CONFIRMADA;;;nada
1057;84289090;200031;Redução de 60%;V;1.11;Art. 132;84289090-200031-V-1.11;data/base-normativa.json;60%;Art. 132;CONFIRMADA;NÃO;IMPLEMENTADA_CONFIRMADA;;;nada
1058;84433222;200031;Redução de 60%;V;2.9;Art. 132;84433222-200031-V-2.9;data/base-normativa.json;60%;Art. 132;CONFIRMADA;NÃO;IMPLEMENTADA_CONFIRMADA;;;nada
1059;84701000;200031;Redução de 60%;V;2.4;Art. 132;84701000-200031-V-2.4;data/base-normativa.json;60%;Art. 132;CONFIRMADA;NÃO;IMPLEMENTADA_CONFIRMADA;;;nada
1060;84702900;200031;Redução de 60%;V;3.3;Art. 132;84702900-200031-V-3.3;data/base-normativa.json;60%;Art. 132;DIVERGENTE;NÃO;IMPLEMENTADA_COM_RESSALVA;item da regra (3.3) diferente dos itens da lei que cobrem o NCM (2.4);;validação humana/decisão (divergência documentada na auditoria)
1061;84714900;200043;Redução de 60%;XI;2.26;Art. 140;84714900-200043-XI-2.26;data/base-normativa.json;60%;Art. 140;CONFIRMADA;NÃO;IMPLEMENTADA_CONFIRMADA;;fundamento planilha Art. 140 x oficial Art. 142;nada
1062;84715090;200043;Redução de 60%;XI;2.25;Art. 140;84715090-200043-XI-2.25;data/base-normativa.json;60%;Art. 140;CONFIRMADA;NÃO;IMPLEMENTADA_CONFIRMADA;;fundamento planilha Art. 140 x oficial Art. 142;nada
1063;84716053;200031;Redução de 60%;V;3.3;Art. 132;84716053-200031-V-3.3;data/base-normativa.json;60%;Art. 132;CONFIRMADA;NÃO;IMPLEMENTADA_CONFIRMADA;;;nada
1064;84716090;200031;Redução de 60%;V;2.7;Art. 132;84716090-200031-V-2.7;data/base-normativa.json;60%;Art. 132;CONFIRMADA;NÃO;IMPLEMENTADA_CONFIRMADA;;;nada
1065;84718000;200031;Redução de 60%;V;2.10;Art. 132;84718000-200031-V-2.10;data/base-normativa.json;60%;Art. 132;CONFIRMADA;NÃO;IMPLEMENTADA_CONFIRMADA;;;nada
1066;84719014;200043;Redução de 60%;XI;2.24;Art. 140;84719014-200043-XI-2.24;data/base-normativa.json;60%;Art. 140;CONFIRMADA;NÃO;IMPLEMENTADA_CONFIRMADA;;fundamento planilha Art. 140 x oficial Art. 142;nada
1067;84729099;200031;Redução de 60%;V;2.8;Art. 132;84729099-200031-V-2.8;data/base-normativa.json;60%;Art. 132;CONFIRMADA;NÃO;IMPLEMENTADA_CONFIRMADA;;;nada
1068;84798912;200030;Redução de 60%;IV;78;Art. 131;84798912-200030-IV-78;data/base-normativa.json;60%;Art. 131;CONFIRMADA;NÃO;IMPLEMENTADA_CONFIRMADA;;;nada
1069;84798999;200030;Redução de 60%;IV;41;Art. 131;84798999-200030-IV-41;data/base-normativa.json;60%;Art. 131;CONFIRMADA;NÃO;IMPLEMENTADA_CONFIRMADA;;;nada
1070;85171100;200031;Redução de 60%;V;3.3;Art. 132;85171100-200031-V-3.3;data/base-normativa.json;60%;Art. 132;DIVERGENTE;NÃO;IMPLEMENTADA_COM_RESSALVA;item da regra (3.3) diferente dos itens da lei que cobrem o NCM (3.1);;validação humana/decisão (divergência documentada na auditoria)
1071;85171300;200031;Redução de 60%;V;3.3;Art. 132;85171300-200031-V-3.3;data/base-normativa.json;60%;Art. 132;DIVERGENTE;NÃO;IMPLEMENTADA_COM_RESSALVA;item da regra (3.3) diferente dos itens da lei que cobrem o NCM (3.1);;validação humana/decisão (divergência documentada na auditoria)
1072;85171410;200031;Redução de 60%;V;3.3;Art. 132;85171410-200031-V-3.3;data/base-normativa.json;60%;Art. 132;DIVERGENTE;NÃO;IMPLEMENTADA_COM_RESSALVA;item da regra (3.3) diferente dos itens da lei que cobrem o NCM (3.1);;validação humana/decisão (divergência documentada na auditoria)
1073;85171431;200031;Redução de 60%;V;3.3;Art. 132;85171431-200031-V-3.3;data/base-normativa.json;60%;Art. 132;DIVERGENTE;NÃO;IMPLEMENTADA_COM_RESSALVA;item da regra (3.3) diferente dos itens da lei que cobrem o NCM (3.1);;validação humana/decisão (divergência documentada na auditoria)
1074;85171432;200031;Redução de 60%;V;3.3;Art. 132;85171432-200031-V-3.3;data/base-normativa.json;60%;Art. 132;DIVERGENTE;NÃO;IMPLEMENTADA_COM_RESSALVA;item da regra (3.3) diferente dos itens da lei que cobrem o NCM (3.1);;validação humana/decisão (divergência documentada na auditoria)
1075;85171439;200031;Redução de 60%;V;3.3;Art. 132;85171439-200031-V-3.3;data/base-normativa.json;60%;Art. 132;DIVERGENTE;NÃO;IMPLEMENTADA_COM_RESSALVA;item da regra (3.3) diferente dos itens da lei que cobrem o NCM (3.1);;validação humana/decisão (divergência documentada na auditoria)
1076;85171441;200031;Redução de 60%;V;3.3;Art. 132;85171441-200031-V-3.3;data/base-normativa.json;60%;Art. 132;DIVERGENTE;NÃO;IMPLEMENTADA_COM_RESSALVA;item da regra (3.3) diferente dos itens da lei que cobrem o NCM (3.1);;validação humana/decisão (divergência documentada na auditoria)
1077;85171449;200031;Redução de 60%;V;3.3;Art. 132;85171449-200031-V-3.3;data/base-normativa.json;60%;Art. 132;DIVERGENTE;NÃO;IMPLEMENTADA_COM_RESSALVA;item da regra (3.3) diferente dos itens da lei que cobrem o NCM (3.1);;validação humana/decisão (divergência documentada na auditoria)
1078;85171490;200031;Redução de 60%;V;3.3;Art. 132;85171490-200031-V-3.3;data/base-normativa.json;60%;Art. 132;DIVERGENTE;NÃO;IMPLEMENTADA_COM_RESSALVA;item da regra (3.3) diferente dos itens da lei que cobrem o NCM (3.1);;validação humana/decisão (divergência documentada na auditoria)
1079;85171830;200031;Redução de 60%;V;3.3;Art. 132;85171830-200031-V-3.3;data/base-normativa.json;60%;Art. 132;DIVERGENTE;NÃO;IMPLEMENTADA_COM_RESSALVA;item da regra (3.3) diferente dos itens da lei que cobrem o NCM (3.1);;validação humana/decisão (divergência documentada na auditoria)
1080;85171890;200031;Redução de 60%;V;3.3;Art. 132;85171890-200031-V-3.3;data/base-normativa.json;60%;Art. 132;DIVERGENTE;NÃO;IMPLEMENTADA_COM_RESSALVA;item da regra (3.3) diferente dos itens da lei que cobrem o NCM (3.1);;validação humana/decisão (divergência documentada na auditoria)
1081;85176234;200043;Redução de 60%;XI;2.27;Art. 140;85176234-200043-XI-2.27;data/base-normativa.json;60%;Art. 140;CONFIRMADA;NÃO;IMPLEMENTADA_CONFIRMADA;;fundamento planilha Art. 140 x oficial Art. 142;nada
1082;85176241;200043;Redução de 60%;XI;2.27;Art. 140;85176241-200043-XI-2.27;data/base-normativa.json;60%;Art. 140;CONFIRMADA;NÃO;IMPLEMENTADA_CONFIRMADA;;fundamento planilha Art. 140 x oficial Art. 142;nada
1083;85176249;200043;Redução de 60%;XI;2.27;Art. 140;85176249-200043-XI-2.27;data/base-normativa.json;60%;Art. 140;CONFIRMADA;NÃO;IMPLEMENTADA_CONFIRMADA;;fundamento planilha Art. 140 x oficial Art. 142;nada
1084;85176259;200043;Redução de 60%;XI;2.22;Art. 140;85176259-200043-XI-2.22;data/base-normativa.json;60%;Art. 140;NAO_DETERMINADA;NÃO;IMPLEMENTADA_COM_RESSALVA;"NCM coberto por 3 itens do anexo (2.22, 2.23, 2.26); o item da regra está entre eles; a escolha depende do produto";fundamento planilha Art. 140 x oficial Art. 142;validação humana/decisão (divergência documentada na auditoria)
1085;85176259;200043;Redução de 60%;XI;2.23;Art. 140;85176259-200043-XI-2.23;data/base-normativa.json;60%;Art. 140;NAO_DETERMINADA;NÃO;IMPLEMENTADA_COM_RESSALVA;"NCM coberto por 3 itens do anexo (2.22, 2.23, 2.26); o item da regra está entre eles; a escolha depende do produto";fundamento planilha Art. 140 x oficial Art. 142;validação humana/decisão (divergência documentada na auditoria)
1086;85176259;200043;Redução de 60%;XI;2.26;Art. 140;85176259-200043-XI-2.26;data/base-normativa.json;60%;Art. 140;NAO_DETERMINADA;NÃO;IMPLEMENTADA_COM_RESSALVA;"NCM coberto por 3 itens do anexo (2.22, 2.23, 2.26); o item da regra está entre eles; a escolha depende do produto";fundamento planilha Art. 140 x oficial Art. 142;validação humana/decisão (divergência documentada na auditoria)
1087;85176272;200043;Redução de 60%;XI;2.28;Art. 140;85176272-200043-XI-2.28;data/base-normativa.json;60%;Art. 140;CONFIRMADA;NÃO;IMPLEMENTADA_CONFIRMADA;;fundamento planilha Art. 140 x oficial Art. 142;nada
1088;85176273;200043;Redução de 60%;XI;2.28;Art. 140;85176273-200043-XI-2.28;data/base-normativa.json;60%;Art. 140;CONFIRMADA;NÃO;IMPLEMENTADA_CONFIRMADA;;fundamento planilha Art. 140 x oficial Art. 142;nada
1089;85176277;200043;Redução de 60%;XI;2.28;Art. 140;85176277-200043-XI-2.28;data/base-normativa.json;60%;Art. 140;CONFIRMADA;NÃO;IMPLEMENTADA_CONFIRMADA;;fundamento planilha Art. 140 x oficial Art. 142;nada
1090;85176278;200043;Redução de 60%;XI;2.28;Art. 140;85176278-200043-XI-2.28;data/base-normativa.json;60%;Art. 140;CONFIRMADA;NÃO;IMPLEMENTADA_CONFIRMADA;;fundamento planilha Art. 140 x oficial Art. 142;nada
1091;85176279;200043;Redução de 60%;XI;2.28;Art. 140;85176279-200043-XI-2.28;data/base-normativa.json;60%;Art. 140;CONFIRMADA;NÃO;IMPLEMENTADA_CONFIRMADA;;fundamento planilha Art. 140 x oficial Art. 142;nada
1092;85235110;200043;Redução de 60%;XI;2.29;Art. 140;85235110-200043-XI-2.29;data/base-normativa.json;60%;Art. 140;NAO_DETERMINADA;NÃO;IMPLEMENTADA_COM_RESSALVA;"NCM coberto por 2 itens do anexo (2.29, 2.30); o item da regra está entre eles; a escolha depende do produto";fundamento planilha Art. 140 x oficial Art. 142;validação humana/decisão (divergência documentada na auditoria)
1093;85235110;200043;Redução de 60%;XI;2.30;Art. 140;85235110-200043-XI-2.30;data/base-normativa.json;60%;Art. 140;NAO_DETERMINADA;NÃO;IMPLEMENTADA_COM_RESSALVA;"NCM coberto por 2 itens do anexo (2.29, 2.30); o item da regra está entre eles; a escolha depende do produto";fundamento planilha Art. 140 x oficial Art. 142;validação humana/decisão (divergência documentada na auditoria)
1094;85235190;200043;Redução de 60%;XI;2.29;Art. 140;85235190-200043-XI-2.29;data/base-normativa.json;60%;Art. 140;NAO_DETERMINADA;NÃO;IMPLEMENTADA_COM_RESSALVA;"NCM coberto por 2 itens do anexo (2.29, 2.30); o item da regra está entre eles; a escolha depende do produto";fundamento planilha Art. 140 x oficial Art. 142;validação humana/decisão (divergência documentada na auditoria)
1095;85235190;200043;Redução de 60%;XI;2.30;Art. 140;85235190-200043-XI-2.30;data/base-normativa.json;60%;Art. 140;NAO_DETERMINADA;NÃO;IMPLEMENTADA_COM_RESSALVA;"NCM coberto por 2 itens do anexo (2.29, 2.30); o item da regra está entre eles; a escolha depende do produto";fundamento planilha Art. 140 x oficial Art. 142;validação humana/decisão (divergência documentada na auditoria)
1096;85235210;200043;Redução de 60%;XI;2.24;Art. 140;85235210-200043-XI-2.24;data/base-normativa.json;60%;Art. 140;CONFIRMADA;NÃO;IMPLEMENTADA_CONFIRMADA;;fundamento planilha Art. 140 x oficial Art. 142;nada
1097;85235290;200043;Redução de 60%;XI;2.24;Art. 140;85235290-200043-XI-2.24;data/base-normativa.json;60%;Art. 140;CONFIRMADA;NÃO;IMPLEMENTADA_CONFIRMADA;;fundamento planilha Art. 140 x oficial Art. 142;nada
1098;85258929;200043;Redução de 60%;XI;2.9;Art. 140;85258929-200043-XI-2.9;data/base-normativa.json;60%;Art. 140;CONFIRMADA;NÃO;IMPLEMENTADA_CONFIRMADA;;fundamento planilha Art. 140 x oficial Art. 142;nada
1099;85261000;200043;Redução de 60%;XI;2.6;Art. 140;85261000-200043-XI-2.6;data/base-normativa.json;60%;Art. 140;CONFIRMADA;NÃO;IMPLEMENTADA_CONFIRMADA;;fundamento planilha Art. 140 x oficial Art. 142;nada
1100;85437099;200031;Redução de 60%;V;2.5;Art. 132;85437099-200031-V-2.5;data/base-normativa.json;60%;Art. 132;CONFIRMADA;NÃO;IMPLEMENTADA_CONFIRMADA;;;nada
1101;87082999;200031;Redução de 60%;V;1.10;Art. 132;87082999-200031-V-1.10;data/base-normativa.json;60%;Art. 132;NAO_DETERMINADA;NÃO;IMPLEMENTADA_COM_RESSALVA;"NCM coberto por 5 itens do anexo (1.6, 1.8, 1.9, 1.10, 1.12); o item da regra está entre eles; a escolha depende do produto";;validação humana/decisão (divergência documentada na auditoria)
1102;87082999;200031;Redução de 60%;V;1.12;Art. 132;87082999-200031-V-1.12;data/base-normativa.json;60%;Art. 132;NAO_DETERMINADA;NÃO;IMPLEMENTADA_COM_RESSALVA;"NCM coberto por 5 itens do anexo (1.6, 1.8, 1.9, 1.10, 1.12); o item da regra está entre eles; a escolha depende do produto";;validação humana/decisão (divergência documentada na auditoria)
1103;87082999;200031;Redução de 60%;V;1.6;Art. 132;87082999-200031-V-1.6;data/base-normativa.json;60%;Art. 132;NAO_DETERMINADA;NÃO;IMPLEMENTADA_COM_RESSALVA;"NCM coberto por 5 itens do anexo (1.6, 1.8, 1.9, 1.10, 1.12); o item da regra está entre eles; a escolha depende do produto";;validação humana/decisão (divergência documentada na auditoria)
1104;87082999;200031;Redução de 60%;V;1.8;Art. 132;87082999-200031-V-1.8;data/base-normativa.json;60%;Art. 132;NAO_DETERMINADA;NÃO;IMPLEMENTADA_COM_RESSALVA;"NCM coberto por 5 itens do anexo (1.6, 1.8, 1.9, 1.10, 1.12); o item da regra está entre eles; a escolha depende do produto";;validação humana/decisão (divergência documentada na auditoria)
1105;87082999;200031;Redução de 60%;V;1.9;Art. 132;87082999-200031-V-1.9;data/base-normativa.json;60%;Art. 132;NAO_DETERMINADA;NÃO;IMPLEMENTADA_COM_RESSALVA;"NCM coberto por 5 itens do anexo (1.6, 1.8, 1.9, 1.10, 1.12); o item da regra está entre eles; a escolha depende do produto";;validação humana/decisão (divergência documentada na auditoria)
1106;87089910;200031;Redução de 60%;V;1.1;Art. 132;87089910-200031-V-1.1;data/base-normativa.json;60%;Art. 132;NAO_DETERMINADA;NÃO;IMPLEMENTADA_COM_RESSALVA;"NCM coberto por 6 itens do anexo (1.1, 1.2, 1.3, 1.4, 1.5, 1.7); o item da regra está entre eles; a escolha depende do produto";;validação humana/decisão (divergência documentada na auditoria)
1107;87089910;200031;Redução de 60%;V;1.2;Art. 132;87089910-200031-V-1.2;data/base-normativa.json;60%;Art. 132;NAO_DETERMINADA;NÃO;IMPLEMENTADA_COM_RESSALVA;"NCM coberto por 6 itens do anexo (1.1, 1.2, 1.3, 1.4, 1.5, 1.7); o item da regra está entre eles; a escolha depende do produto";;validação humana/decisão (divergência documentada na auditoria)
1108;87089910;200031;Redução de 60%;V;1.3;Art. 132;87089910-200031-V-1.3;data/base-normativa.json;60%;Art. 132;NAO_DETERMINADA;NÃO;IMPLEMENTADA_COM_RESSALVA;"NCM coberto por 6 itens do anexo (1.1, 1.2, 1.3, 1.4, 1.5, 1.7); o item da regra está entre eles; a escolha depende do produto";;validação humana/decisão (divergência documentada na auditoria)
1109;87089910;200031;Redução de 60%;V;1.4;Art. 132;87089910-200031-V-1.4;data/base-normativa.json;60%;Art. 132;NAO_DETERMINADA;NÃO;IMPLEMENTADA_COM_RESSALVA;"NCM coberto por 6 itens do anexo (1.1, 1.2, 1.3, 1.4, 1.5, 1.7); o item da regra está entre eles; a escolha depende do produto";;validação humana/decisão (divergência documentada na auditoria)
1110;87089910;200031;Redução de 60%;V;1.5;Art. 132;87089910-200031-V-1.5;data/base-normativa.json;60%;Art. 132;NAO_DETERMINADA;NÃO;IMPLEMENTADA_COM_RESSALVA;"NCM coberto por 6 itens do anexo (1.1, 1.2, 1.3, 1.4, 1.5, 1.7); o item da regra está entre eles; a escolha depende do produto";;validação humana/decisão (divergência documentada na auditoria)
1111;87089910;200031;Redução de 60%;V;1.7;Art. 132;87089910-200031-V-1.7;data/base-normativa.json;60%;Art. 132;NAO_DETERMINADA;NÃO;IMPLEMENTADA_COM_RESSALVA;"NCM coberto por 6 itens do anexo (1.1, 1.2, 1.3, 1.4, 1.5, 1.7); o item da regra está entre eles; a escolha depende do produto";;validação humana/decisão (divergência documentada na auditoria)
1112;87100000;200043;Redução de 60%;XI;2.2;Art. 140;87100000-200043-XI-2.2;data/base-normativa.json;60%;Art. 140;CONFIRMADA;NÃO;IMPLEMENTADA_CONFIRMADA;;fundamento planilha Art. 140 x oficial Art. 142;nada
1113;87131000;200007;Alíquota zero;XIII;2.1;Art. 145;87131000-200007-XIII-2.1;data/base-normativa.json;100%;Art. 145;CONFIRMADA;NÃO;IMPLEMENTADA_CONFIRMADA;;;nada
1114;87139000;200007;Alíquota zero;XIII;2.2;Art. 145;87139000-200007-XIII-2.2;data/base-normativa.json;100%;Art. 145;CONFIRMADA;NÃO;IMPLEMENTADA_CONFIRMADA;;;nada
1115;87142000;200007;Alíquota zero;XIII;3;Art. 145;87142000-200007-XIII-3;data/base-normativa.json;100%;Art. 145;CONFIRMADA;NÃO;IMPLEMENTADA_CONFIRMADA;;;nada
1116;88026000;200043;Redução de 60%;XI;2.15;Art. 140;88026000-200043-XI-2.15;data/base-normativa.json;60%;Art. 140;NAO_DETERMINADA;NÃO;IMPLEMENTADA_COM_RESSALVA;"NCM coberto por 2 itens do anexo (2.14, 2.15); o item da regra está entre eles; a escolha depende do produto";fundamento planilha Art. 140 x oficial Art. 142;validação humana/decisão (divergência documentada na auditoria)
1117;88040000;200043;Redução de 60%;XI;2.16;Art. 140;88040000-200043-XI-2.16;data/base-normativa.json;60%;Art. 140;CONFIRMADA;NÃO;IMPLEMENTADA_CONFIRMADA;;fundamento planilha Art. 140 x oficial Art. 142;nada
1118;88051000;200043;Redução de 60%;XI;2.17;Art. 140;88051000-200043-XI-2.17;data/base-normativa.json;60%;Art. 140;NAO_DETERMINADA;NÃO;IMPLEMENTADA_COM_RESSALVA;"NCM coberto por 2 itens do anexo (2.17, 2.19); o item da regra está entre eles; a escolha depende do produto";fundamento planilha Art. 140 x oficial Art. 142;validação humana/decisão (divergência documentada na auditoria)
1119;88052100;200043;Redução de 60%;XI;2.18;Art. 140;88052100-200043-XI-2.18;data/base-normativa.json;60%;Art. 140;NAO_DETERMINADA;NÃO;IMPLEMENTADA_COM_RESSALVA;"NCM coberto por 2 itens do anexo (2.18, 2.19); o item da regra está entre eles; a escolha depende do produto";fundamento planilha Art. 140 x oficial Art. 142;validação humana/decisão (divergência documentada na auditoria)
1120;89012000;200043;Redução de 60%;XI;2.21;Art. 140;89012000-200043-XI-2.21;data/base-normativa.json;60%;Art. 140;CONFIRMADA;NÃO;IMPLEMENTADA_CONFIRMADA;;fundamento planilha Art. 140 x oficial Art. 142;nada
1121;89061000;200043;Redução de 60%;XI;2.24;Art. 140;89061000-200043-XI-2.24;data/base-normativa.json;60%;Art. 140;DIVERGENTE;NÃO;IMPLEMENTADA_COM_RESSALVA;item da regra (2.24) diferente dos itens da lei que cobrem o NCM (2.21);fundamento planilha Art. 140 x oficial Art. 142;validação humana/decisão (divergência documentada na auditoria)
1122;90142010;200043;Redução de 60%;XI;2.20;Art. 140;90142010-200043-XI-2.20;data/base-normativa.json;60%;Art. 140;CONFIRMADA;NÃO;IMPLEMENTADA_CONFIRMADA;;fundamento planilha Art. 140 x oficial Art. 142;nada
1123;90142020;200043;Redução de 60%;XI;2.20;Art. 140;90142020-200043-XI-2.20;data/base-normativa.json;60%;Art. 140;CONFIRMADA;NÃO;IMPLEMENTADA_CONFIRMADA;;fundamento planilha Art. 140 x oficial Art. 142;nada
1124;90142030;200043;Redução de 60%;XI;2.20;Art. 140;90142030-200043-XI-2.20;data/base-normativa.json;60%;Art. 140;CONFIRMADA;NÃO;IMPLEMENTADA_CONFIRMADA;;fundamento planilha Art. 140 x oficial Art. 142;nada
1125;90142090;200043;Redução de 60%;XI;2.20;Art. 140;90142090-200043-XI-2.20;data/base-normativa.json;60%;Art. 140;CONFIRMADA;NÃO;IMPLEMENTADA_CONFIRMADA;;fundamento planilha Art. 140 x oficial Art. 142;nada
1126;90172000;200031;Redução de 60%;V;2.6;Art. 132;90172000-200031-V-2.6;data/base-normativa.json;60%;Art. 132;CONFIRMADA;NÃO;IMPLEMENTADA_CONFIRMADA;;;nada
1127;90181100;200004;Alíquota zero;XII;1.1;Art. 144;90181100-200004-XII-1.1;data/base-normativa.json;100%;Art. 144;CONFIRMADA;NÃO;IMPLEMENTADA_CONFIRMADA;;;nada
1128;90181100;200004;Alíquota zero;XII;1.3;Art. 144;90181100-200004-XII-1.3;data/base-normativa.json;100%;Art. 144;DIVERGENTE;NÃO;IMPLEMENTADA_COM_RESSALVA;a lei exclui expressamente este NCM no item 1.3 da regra | item da regra (1.3) diferente dos itens da lei que cobrem o NCM (1.1);;validação humana/decisão (divergência documentada na auditoria)
1129;90181210;200004;Alíquota zero;XII;1.3;Art. 144;90181210-200004-XII-1.3;data/base-normativa.json;100%;Art. 144;DIVERGENTE;NÃO;IMPLEMENTADA_COM_RESSALVA;a lei exclui expressamente este NCM no item 1.3 da regra | item da regra (1.3) diferente dos itens da lei que cobrem o NCM (17);NCM VEDADO no Portal para o código;validação humana/decisão (divergência documentada na auditoria)
1130;90181210;200004;Alíquota zero;XII;17;Art. 144;90181210-200004-XII-17;data/base-normativa.json;100%;Art. 144;NAO_DETERMINADA;NÃO;IMPLEMENTADA_COM_RESSALVA;o SVRS lista o NCM como PERMITIDO e também como VEDADO para o código;NCM VEDADO no Portal para o código;validação humana/decisão (divergência documentada na auditoria)
1131;90181290;200004;Alíquota zero;XII;1.3;Art. 144;90181290-200004-XII-1.3;data/base-normativa.json;100%;Art. 144;DIVERGENTE;NÃO;IMPLEMENTADA_COM_RESSALVA;a lei exclui expressamente este NCM no item 1.3 da regra | item da regra (1.3) diferente dos itens da lei que cobrem o NCM (17);NCM VEDADO no Portal para o código;validação humana/decisão (divergência documentada na auditoria)
1132;90181290;200004;Alíquota zero;XII;17;Art. 144;90181290-200004-XII-17;data/base-normativa.json;100%;Art. 144;NAO_DETERMINADA;NÃO;IMPLEMENTADA_COM_RESSALVA;o SVRS lista o NCM como PERMITIDO e também como VEDADO para o código;NCM VEDADO no Portal para o código;validação humana/decisão (divergência documentada na auditoria)
1133;90181300;200004;Alíquota zero;XII;1.3;Art. 144;90181300-200004-XII-1.3;data/base-normativa.json;100%;Art. 144;DIVERGENTE;NÃO;IMPLEMENTADA_COM_RESSALVA;a lei exclui expressamente este NCM no item 1.3 da regra | item da regra (1.3) diferente dos itens da lei que cobrem o NCM (16);;validação humana/decisão (divergência documentada na auditoria)
1134;90181300;200004;Alíquota zero;XII;16;Art. 144;90181300-200004-XII-16;data/base-normativa.json;100%;Art. 144;CONFIRMADA;NÃO;IMPLEMENTADA_CONFIRMADA;;;nada
1135;90181410;200004;Alíquota zero;XII;1.3;Art. 144;90181410-200004-XII-1.3;data/base-normativa.json;100%;Art. 144;DIVERGENTE;SIM;BLOQUEADA;o SVRS lista o NCM como VEDADO para 200004 | a lei exclui expressamente este NCM no item 1.3 da regra;NCM VEDADO no Portal para o código;nada (regra bloqueada: benefício impedido por vedação oficial)
1136;90181420;200004;Alíquota zero;XII;1.3;Art. 144;90181420-200004-XII-1.3;data/base-normativa.json;100%;Art. 144;DIVERGENTE;SIM;BLOQUEADA;o SVRS lista o NCM como VEDADO para 200004 | a lei exclui expressamente este NCM no item 1.3 da regra;NCM VEDADO no Portal para o código;nada (regra bloqueada: benefício impedido por vedação oficial)
1137;90181490;200004;Alíquota zero;XII;1.3;Art. 144;90181490-200004-XII-1.3;data/base-normativa.json;100%;Art. 144;DIVERGENTE;SIM;BLOQUEADA;o SVRS lista o NCM como VEDADO para 200004 | a lei exclui expressamente este NCM no item 1.3 da regra;NCM VEDADO no Portal para o código;nada (regra bloqueada: benefício impedido por vedação oficial)
1138;90181910;200004;Alíquota zero;XII;1.3;Art. 144;90181910-200004-XII-1.3;data/base-normativa.json;100%;Art. 144;DIVERGENTE;SIM;BLOQUEADA;o SVRS lista o NCM como VEDADO para 200004 | a lei exclui expressamente este NCM no item 1.3 da regra;NCM VEDADO no Portal para o código;nada (regra bloqueada: benefício impedido por vedação oficial)
1139;90181920;200004;Alíquota zero;XII;1.3;Art. 144;90181920-200004-XII-1.3;data/base-normativa.json;100%;Art. 144;DIVERGENTE;SIM;BLOQUEADA;o SVRS lista o NCM como VEDADO para 200004 | a lei exclui expressamente este NCM no item 1.3 da regra;NCM VEDADO no Portal para o código;nada (regra bloqueada: benefício impedido por vedação oficial)
1140;90181980;200004;Alíquota zero;XII;1.2;Art. 144;90181980-200004-XII-1.2;data/base-normativa.json;100%;Art. 144;NAO_DETERMINADA;NÃO;IMPLEMENTADA_COM_RESSALVA;"NCM coberto por 3 itens do anexo (1.2, 1.3, 14); o item da regra está entre eles; a escolha depende do produto";;validação humana/decisão (divergência documentada na auditoria)
1141;90181980;200004;Alíquota zero;XII;1.3;Art. 144;90181980-200004-XII-1.3;data/base-normativa.json;100%;Art. 144;NAO_DETERMINADA;NÃO;IMPLEMENTADA_COM_RESSALVA;"NCM coberto por 3 itens do anexo (1.2, 1.3, 14); o item da regra está entre eles; a escolha depende do produto";;validação humana/decisão (divergência documentada na auditoria)
1142;90181980;200004;Alíquota zero;XII;14;Art. 144;90181980-200004-XII-14;data/base-normativa.json;100%;Art. 144;NAO_DETERMINADA;NÃO;IMPLEMENTADA_COM_RESSALVA;"NCM coberto por 3 itens do anexo (1.2, 1.3, 14); o item da regra está entre eles; a escolha depende do produto";;validação humana/decisão (divergência documentada na auditoria)
1143;90182010;200030;Redução de 60%;IV;70;Art. 131;90182010-200030-IV-70;data/base-normativa.json;60%;Art. 131;CONFIRMADA;NÃO;IMPLEMENTADA_CONFIRMADA;;;nada
1144;90182010;200004;Alíquota zero;XII;2;Art. 144;90182010-200004-XII-2;data/base-normativa.json;100%;Art. 144;CONFIRMADA;NÃO;IMPLEMENTADA_CONFIRMADA;;;nada
1145;90182020;200004;Alíquota zero;XII;2;Art. 144;90182020-200004-XII-2;data/base-normativa.json;100%;Art. 144;CONFIRMADA;NÃO;IMPLEMENTADA_CONFIRMADA;;;nada
1146;90182090;200004;Alíquota zero;XII;2;Art. 144;90182090-200004-XII-2;data/base-normativa.json;100%;Art. 144;CONFIRMADA;NÃO;IMPLEMENTADA_CONFIRMADA;;;nada
1147;90183111;200030;Redução de 60%;IV;59;Art. 131;90183111-200030-IV-59;data/base-normativa.json;60%;Art. 131;CONFIRMADA;NÃO;IMPLEMENTADA_CONFIRMADA;;;nada
1148;90183111;200030;Redução de 60%;IV;68;Art. 131;90183111-200030-IV-68;data/base-normativa.json;60%;Art. 131;DIVERGENTE;NÃO;IMPLEMENTADA_COM_RESSALVA;item da regra (68) diferente dos itens da lei que cobrem o NCM (59);;validação humana/decisão (divergência documentada na auditoria)
1149;90183119;200030;Redução de 60%;IV;59;Art. 131;90183119-200030-IV-59;data/base-normativa.json;60%;Art. 131;CONFIRMADA;NÃO;IMPLEMENTADA_CONFIRMADA;;;nada
1150;90183119;200030;Redução de 60%;IV;68;Art. 131;90183119-200030-IV-68;data/base-normativa.json;60%;Art. 131;DIVERGENTE;NÃO;IMPLEMENTADA_COM_RESSALVA;item da regra (68) diferente dos itens da lei que cobrem o NCM (59);;validação humana/decisão (divergência documentada na auditoria)
1151;90183190;200030;Redução de 60%;IV;59;Art. 131;90183190-200030-IV-59;data/base-normativa.json;60%;Art. 131;CONFIRMADA;NÃO;IMPLEMENTADA_CONFIRMADA;;;nada
1152;90183190;200030;Redução de 60%;IV;68;Art. 131;90183190-200030-IV-68;data/base-normativa.json;60%;Art. 131;DIVERGENTE;NÃO;IMPLEMENTADA_COM_RESSALVA;item da regra (68) diferente dos itens da lei que cobrem o NCM (59);;validação humana/decisão (divergência documentada na auditoria)
1153;90183211;200030;Redução de 60%;IV;60;Art. 131;90183211-200030-IV-60;data/base-normativa.json;60%;Art. 131;CONFIRMADA;NÃO;IMPLEMENTADA_CONFIRMADA;;;nada
1154;90183211;200030;Redução de 60%;IV;68;Art. 131;90183211-200030-IV-68;data/base-normativa.json;60%;Art. 131;DIVERGENTE;NÃO;IMPLEMENTADA_COM_RESSALVA;item da regra (68) diferente dos itens da lei que cobrem o NCM (60);;validação humana/decisão (divergência documentada na auditoria)
1155;90183212;200030;Redução de 60%;IV;60;Art. 131;90183212-200030-IV-60;data/base-normativa.json;60%;Art. 131;CONFIRMADA;NÃO;IMPLEMENTADA_CONFIRMADA;;;nada
1156;90183212;200030;Redução de 60%;IV;68;Art. 131;90183212-200030-IV-68;data/base-normativa.json;60%;Art. 131;DIVERGENTE;NÃO;IMPLEMENTADA_COM_RESSALVA;item da regra (68) diferente dos itens da lei que cobrem o NCM (60);;validação humana/decisão (divergência documentada na auditoria)
1157;90183213;200030;Redução de 60%;IV;60;Art. 131;90183213-200030-IV-60;data/base-normativa.json;60%;Art. 131;CONFIRMADA;NÃO;IMPLEMENTADA_CONFIRMADA;;;nada
1158;90183213;200030;Redução de 60%;IV;68;Art. 131;90183213-200030-IV-68;data/base-normativa.json;60%;Art. 131;DIVERGENTE;NÃO;IMPLEMENTADA_COM_RESSALVA;item da regra (68) diferente dos itens da lei que cobrem o NCM (60);;validação humana/decisão (divergência documentada na auditoria)
1159;90183219;200030;Redução de 60%;IV;60;Art. 131;90183219-200030-IV-60;data/base-normativa.json;60%;Art. 131;CONFIRMADA;NÃO;IMPLEMENTADA_CONFIRMADA;;;nada
1160;90183219;200030;Redução de 60%;IV;68;Art. 131;90183219-200030-IV-68;data/base-normativa.json;60%;Art. 131;DIVERGENTE;NÃO;IMPLEMENTADA_COM_RESSALVA;item da regra (68) diferente dos itens da lei que cobrem o NCM (60);;validação humana/decisão (divergência documentada na auditoria)
1161;90183220;200030;Redução de 60%;IV;60;Art. 131;90183220-200030-IV-60;data/base-normativa.json;60%;Art. 131;CONFIRMADA;NÃO;IMPLEMENTADA_CONFIRMADA;;;nada
1162;90183220;200030;Redução de 60%;IV;68;Art. 131;90183220-200030-IV-68;data/base-normativa.json;60%;Art. 131;DIVERGENTE;NÃO;IMPLEMENTADA_COM_RESSALVA;item da regra (68) diferente dos itens da lei que cobrem o NCM (60);;validação humana/decisão (divergência documentada na auditoria)
1163;90183910;200030;Redução de 60%;IV;61;Art. 131;90183910-200030-IV-61;data/base-normativa.json;60%;Art. 131;CONFIRMADA;NÃO;IMPLEMENTADA_CONFIRMADA;;;nada
1164;90183921;200030;Redução de 60%;IV;62;Art. 131;90183921-200030-IV-62;data/base-normativa.json;60%;Art. 131;CONFIRMADA;NÃO;IMPLEMENTADA_CONFIRMADA;;;nada
1165;90183922;200030;Redução de 60%;IV;62;Art. 131;90183922-200030-IV-62;data/base-normativa.json;60%;Art. 131;CONFIRMADA;NÃO;IMPLEMENTADA_CONFIRMADA;;;nada
1166;90183923;200030;Redução de 60%;IV;62;Art. 131;90183923-200030-IV-62;data/base-normativa.json;60%;Art. 131;CONFIRMADA;NÃO;IMPLEMENTADA_CONFIRMADA;;;nada
1167;90183925;200030;Redução de 60%;IV;62;Art. 131;90183925-200030-IV-62;data/base-normativa.json;60%;Art. 131;CONFIRMADA;NÃO;IMPLEMENTADA_CONFIRMADA;;;nada
1168;90183926;200030;Redução de 60%;IV;62;Art. 131;90183926-200030-IV-62;data/base-normativa.json;60%;Art. 131;CONFIRMADA;NÃO;IMPLEMENTADA_CONFIRMADA;;;nada
1169;90183929;200030;Redução de 60%;IV;100;Art. 131;90183929-200030-IV-100;data/base-normativa.json;60%;Art. 131;NAO_DETERMINADA;NÃO;IMPLEMENTADA_COM_RESSALVA;"NCM coberto por 7 itens do anexo (62, 98, 99, 100, 101, 103, 104); o item da regra está entre eles; a escolha depende do produto";;validação humana/decisão (divergência documentada na auditoria)
1170;90183929;200030;Redução de 60%;IV;101;Art. 131;90183929-200030-IV-101;data/base-normativa.json;60%;Art. 131;NAO_DETERMINADA;NÃO;IMPLEMENTADA_COM_RESSALVA;"NCM coberto por 7 itens do anexo (62, 98, 99, 100, 101, 103, 104); o item da regra está entre eles; a escolha depende do produto";;validação humana/decisão (divergência documentada na auditoria)
1171;90183929;200030;Redução de 60%;IV;103;Art. 131;90183929-200030-IV-103;data/base-normativa.json;60%;Art. 131;NAO_DETERMINADA;NÃO;IMPLEMENTADA_COM_RESSALVA;"NCM coberto por 7 itens do anexo (62, 98, 99, 100, 101, 103, 104); o item da regra está entre eles; a escolha depende do produto";;validação humana/decisão (divergência documentada na auditoria)
1172;90183929;200030;Redução de 60%;IV;104;Art. 131;90183929-200030-IV-104;data/base-normativa.json;60%;Art. 131;NAO_DETERMINADA;NÃO;IMPLEMENTADA_COM_RESSALVA;"NCM coberto por 7 itens do anexo (62, 98, 99, 100, 101, 103, 104); o item da regra está entre eles; a escolha depende do produto";;validação humana/decisão (divergência documentada na auditoria)
1173;90183929;200030;Redução de 60%;IV;62;Art. 131;90183929-200030-IV-62;data/base-normativa.json;60%;Art. 131;NAO_DETERMINADA;NÃO;IMPLEMENTADA_COM_RESSALVA;"NCM coberto por 7 itens do anexo (62, 98, 99, 100, 101, 103, 104); o item da regra está entre eles; a escolha depende do produto";;validação humana/decisão (divergência documentada na auditoria)
1174;90183929;200030;Redução de 60%;IV;98;Art. 131;90183929-200030-IV-98;data/base-normativa.json;60%;Art. 131;NAO_DETERMINADA;NÃO;IMPLEMENTADA_COM_RESSALVA;"NCM coberto por 7 itens do anexo (62, 98, 99, 100, 101, 103, 104); o item da regra está entre eles; a escolha depende do produto";;validação humana/decisão (divergência documentada na auditoria)
1175;90183929;200030;Redução de 60%;IV;99;Art. 131;90183929-200030-IV-99;data/base-normativa.json;60%;Art. 131;NAO_DETERMINADA;NÃO;IMPLEMENTADA_COM_RESSALVA;"NCM coberto por 7 itens do anexo (62, 98, 99, 100, 101, 103, 104); o item da regra está entre eles; a escolha depende do produto";;validação humana/decisão (divergência documentada na auditoria)
1176;90183930;200030;Redução de 60%;IV;63;Art. 131;90183930-200030-IV-63;data/base-normativa.json;60%;Art. 131;CONFIRMADA;NÃO;IMPLEMENTADA_CONFIRMADA;;;nada
1177;90183991;200030;Redução de 60%;IV;104;Art. 131;90183991-200030-IV-104;data/base-normativa.json;60%;Art. 131;DIVERGENTE;NÃO;IMPLEMENTADA_COM_RESSALVA;item da regra (104) diferente dos itens da lei que cobrem o NCM (64);;validação humana/decisão (divergência documentada na auditoria)
1178;90183991;200030;Redução de 60%;IV;64;Art. 131;90183991-200030-IV-64;data/base-normativa.json;60%;Art. 131;CONFIRMADA;NÃO;IMPLEMENTADA_CONFIRMADA;;;nada
1179;90183999;200030;Redução de 60%;IV;104;Art. 131;90183999-200030-IV-104;data/base-normativa.json;60%;Art. 131;DIVERGENTE;NÃO;IMPLEMENTADA_COM_RESSALVA;item da regra (104) diferente dos itens da lei que cobrem o NCM (64, 68, 102);;validação humana/decisão (divergência documentada na auditoria)
1180;90183999;200030;Redução de 60%;IV;64;Art. 131;90183999-200030-IV-64;data/base-normativa.json;60%;Art. 131;NAO_DETERMINADA;NÃO;IMPLEMENTADA_COM_RESSALVA;"NCM coberto por 3 itens do anexo (64, 68, 102); o item da regra está entre eles; a escolha depende do produto";;validação humana/decisão (divergência documentada na auditoria)
1181;90183999;200030;Redução de 60%;IV;68;Art. 131;90183999-200030-IV-68;data/base-normativa.json;60%;Art. 131;NAO_DETERMINADA;NÃO;IMPLEMENTADA_COM_RESSALVA;"NCM coberto por 3 itens do anexo (64, 68, 102); o item da regra está entre eles; a escolha depende do produto";;validação humana/decisão (divergência documentada na auditoria)
1182;90184911;200030;Redução de 60%;IV;65;Art. 131;90184911-200030-IV-65;data/base-normativa.json;60%;Art. 131;CONFIRMADA;NÃO;IMPLEMENTADA_CONFIRMADA;;;nada
1183;90184912;200030;Redução de 60%;IV;65;Art. 131;90184912-200030-IV-65;data/base-normativa.json;60%;Art. 131;CONFIRMADA;NÃO;IMPLEMENTADA_CONFIRMADA;;;nada
1184;90184919;200030;Redução de 60%;IV;65;Art. 131;90184919-200030-IV-65;data/base-normativa.json;60%;Art. 131;CONFIRMADA;NÃO;IMPLEMENTADA_CONFIRMADA;;;nada
1185;90184920;200030;Redução de 60%;IV;66;Art. 131;90184920-200030-IV-66;data/base-normativa.json;60%;Art. 131;CONFIRMADA;NÃO;IMPLEMENTADA_CONFIRMADA;;;nada
1186;90185090;200030;Redução de 60%;IV;74;Art. 131;90185090-200030-IV-74;data/base-normativa.json;60%;Art. 131;CONFIRMADA;NÃO;IMPLEMENTADA_CONFIRMADA;;;nada
1187;90189010;200030;Redução de 60%;IV;10;Art. 131;90189010-200030-IV-10;data/base-normativa.json;60%;Art. 131;CONFIRMADA;NÃO;IMPLEMENTADA_CONFIRMADA;;;nada
1188;90189010;200004;Alíquota zero;XII;15;Art. 144;90189010-200004-XII-15;data/base-normativa.json;100%;Art. 144;CONFIRMADA;NÃO;IMPLEMENTADA_CONFIRMADA;;;nada
1189;90189021;200030;Redução de 60%;IV;71;Art. 131;90189021-200030-IV-71;data/base-normativa.json;60%;Art. 131;CONFIRMADA;NÃO;IMPLEMENTADA_CONFIRMADA;;;nada
1190;90189040;200030;Redução de 60%;IV;24;Art. 131;90189040-200030-IV-24;data/base-normativa.json;60%;Art. 131;NAO_DETERMINADA;NÃO;IMPLEMENTADA_COM_RESSALVA;"NCM coberto por 2 itens do anexo (24, 33); o item da regra está entre eles; a escolha depende do produto";;validação humana/decisão (divergência documentada na auditoria)
1191;90189040;200030;Redução de 60%;IV;33;Art. 131;90189040-200030-IV-33;data/base-normativa.json;60%;Art. 131;NAO_DETERMINADA;NÃO;IMPLEMENTADA_COM_RESSALVA;"NCM coberto por 2 itens do anexo (24, 33); o item da regra está entre eles; a escolha depende do produto";;validação humana/decisão (divergência documentada na auditoria)
1192;90189095;200030;Redução de 60%;IV;67;Art. 131;90189095-200030-IV-67;data/base-normativa.json;60%;Art. 131;CONFIRMADA;NÃO;IMPLEMENTADA_CONFIRMADA;;;nada
1193;90189099;200030;Redução de 60%;IV;104;Art. 131;90189099-200030-IV-104;data/base-normativa.json;60%;Art. 131;DIVERGENTE;NÃO;IMPLEMENTADA_COM_RESSALVA;item da regra (104) diferente dos itens da lei que cobrem o NCM (2, 29, 30, 31, 32, 72, 92, 105);;validação humana/decisão (divergência documentada na auditoria)
1194;90189099;200030;Redução de 60%;IV;105;Art. 131;90189099-200030-IV-105;data/base-normativa.json;60%;Art. 131;NAO_DETERMINADA;NÃO;IMPLEMENTADA_COM_RESSALVA;"NCM coberto por 8 itens do anexo (2, 29, 30, 31, 32, 72, 92, 105); o item da regra está entre eles; a escolha depende do produto";;validação humana/decisão (divergência documentada na auditoria)
1195;90189099;200030;Redução de 60%;IV;2;Art. 131;90189099-200030-IV-2;data/base-normativa.json;60%;Art. 131;NAO_DETERMINADA;NÃO;IMPLEMENTADA_COM_RESSALVA;"NCM coberto por 8 itens do anexo (2, 29, 30, 31, 32, 72, 92, 105); o item da regra está entre eles; a escolha depende do produto";;validação humana/decisão (divergência documentada na auditoria)
1196;90189099;200030;Redução de 60%;IV;29;Art. 131;90189099-200030-IV-29;data/base-normativa.json;60%;Art. 131;NAO_DETERMINADA;NÃO;IMPLEMENTADA_COM_RESSALVA;"NCM coberto por 8 itens do anexo (2, 29, 30, 31, 32, 72, 92, 105); o item da regra está entre eles; a escolha depende do produto";;validação humana/decisão (divergência documentada na auditoria)
1197;90189099;200030;Redução de 60%;IV;30;Art. 131;90189099-200030-IV-30;data/base-normativa.json;60%;Art. 131;NAO_DETERMINADA;NÃO;IMPLEMENTADA_COM_RESSALVA;"NCM coberto por 8 itens do anexo (2, 29, 30, 31, 32, 72, 92, 105); o item da regra está entre eles; a escolha depende do produto";;validação humana/decisão (divergência documentada na auditoria)
1198;90189099;200030;Redução de 60%;IV;31;Art. 131;90189099-200030-IV-31;data/base-normativa.json;60%;Art. 131;NAO_DETERMINADA;NÃO;IMPLEMENTADA_COM_RESSALVA;"NCM coberto por 8 itens do anexo (2, 29, 30, 31, 32, 72, 92, 105); o item da regra está entre eles; a escolha depende do produto";;validação humana/decisão (divergência documentada na auditoria)
1199;90189099;200030;Redução de 60%;IV;32;Art. 131;90189099-200030-IV-32;data/base-normativa.json;60%;Art. 131;NAO_DETERMINADA;NÃO;IMPLEMENTADA_COM_RESSALVA;"NCM coberto por 8 itens do anexo (2, 29, 30, 31, 32, 72, 92, 105); o item da regra está entre eles; a escolha depende do produto";;validação humana/decisão (divergência documentada na auditoria)
1200;90189099;200030;Redução de 60%;IV;72;Art. 131;90189099-200030-IV-72;data/base-normativa.json;60%;Art. 131;NAO_DETERMINADA;NÃO;IMPLEMENTADA_COM_RESSALVA;"NCM coberto por 8 itens do anexo (2, 29, 30, 31, 32, 72, 92, 105); o item da regra está entre eles; a escolha depende do produto";;validação humana/decisão (divergência documentada na auditoria)
1201;90189099;200030;Redução de 60%;IV;92;Art. 131;90189099-200030-IV-92;data/base-normativa.json;60%;Art. 131;NAO_DETERMINADA;NÃO;IMPLEMENTADA_COM_RESSALVA;"NCM coberto por 8 itens do anexo (2, 29, 30, 31, 32, 72, 92, 105); o item da regra está entre eles; a escolha depende do produto";;validação humana/decisão (divergência documentada na auditoria)
1202;90189099;200004;Alíquota zero;XII;9;Art. 144;90189099-200004-XII-9;data/base-normativa.json;100%;Art. 144;CONFIRMADA;NÃO;IMPLEMENTADA_CONFIRMADA;;;nada
1203;90192040;200004;Alíquota zero;XII;13;Art. 144;90192040-200004-XII-13;data/base-normativa.json;100%;Art. 144;CONFIRMADA;NÃO;IMPLEMENTADA_CONFIRMADA;;;nada
1204;90211010;200030;Redução de 60%;IV;49;Art. 131;90211010-200030-IV-49;data/base-normativa.json;60%;Art. 131;DIVERGENTE;NÃO;IMPLEMENTADA_COM_RESSALVA;NCM só no SVRS (nenhum item do anexo na lei cobre o NCM);;validação humana/decisão (divergência documentada na auditoria)
1205;90211010;200004;Alíquota zero;XII;3;Art. 144;90211010-200004-XII-3;data/base-normativa.json;100%;Art. 144;CONFIRMADA;NÃO;IMPLEMENTADA_CONFIRMADA;;;nada
1206;90211020;200030;Redução de 60%;IV;49;Art. 131;90211020-200030-IV-49;data/base-normativa.json;60%;Art. 131;DIVERGENTE;NÃO;IMPLEMENTADA_COM_RESSALVA;NCM só no SVRS (nenhum item do anexo na lei cobre o NCM);;validação humana/decisão (divergência documentada na auditoria)
1207;90211020;200004;Alíquota zero;XII;4;Art. 144;90211020-200004-XII-4;data/base-normativa.json;100%;Art. 144;CONFIRMADA;NÃO;IMPLEMENTADA_CONFIRMADA;;;nada
1208;90212900;200030;Redução de 60%;IV;49;Art. 131;90212900-200030-IV-49;data/base-normativa.json;60%;Art. 131;DIVERGENTE;NÃO;IMPLEMENTADA_COM_RESSALVA;item da regra (49) diferente dos itens da lei que cobrem o NCM (42);;validação humana/decisão (divergência documentada na auditoria)
1209;90213110;200004;Alíquota zero;XII;7;Art. 144;90213110-200004-XII-7;data/base-normativa.json;100%;Art. 144;DIVERGENTE;NÃO;IMPLEMENTADA_COM_RESSALVA;item da regra (7) diferente dos itens da lei que cobrem o NCM (5);;validação humana/decisão (divergência documentada na auditoria)
1210;90213120;200004;Alíquota zero;XII;7;Art. 144;90213120-200004-XII-7;data/base-normativa.json;100%;Art. 144;DIVERGENTE;NÃO;IMPLEMENTADA_COM_RESSALVA;item da regra (7) diferente dos itens da lei que cobrem o NCM (5);;validação humana/decisão (divergência documentada na auditoria)
1211;90213190;200004;Alíquota zero;XII;7;Art. 144;90213190-200004-XII-7;data/base-normativa.json;100%;Art. 144;DIVERGENTE;NÃO;IMPLEMENTADA_COM_RESSALVA;item da regra (7) diferente dos itens da lei que cobrem o NCM (5);;validação humana/decisão (divergência documentada na auditoria)
1212;90213911;200004;Alíquota zero;XII;7;Art. 144;90213911-200004-XII-7;data/base-normativa.json;100%;Art. 144;DIVERGENTE;NÃO;IMPLEMENTADA_COM_RESSALVA;item da regra (7) diferente dos itens da lei que cobrem o NCM (5);;validação humana/decisão (divergência documentada na auditoria)
1213;90213919;200004;Alíquota zero;XII;7;Art. 144;90213919-200004-XII-7;data/base-normativa.json;100%;Art. 144;DIVERGENTE;NÃO;IMPLEMENTADA_COM_RESSALVA;item da regra (7) diferente dos itens da lei que cobrem o NCM (5);;validação humana/decisão (divergência documentada na auditoria)
1214;90213920;200004;Alíquota zero;XII;7;Art. 144;90213920-200004-XII-7;data/base-normativa.json;100%;Art. 144;DIVERGENTE;NÃO;IMPLEMENTADA_COM_RESSALVA;item da regra (7) diferente dos itens da lei que cobrem o NCM (5);;validação humana/decisão (divergência documentada na auditoria)
1215;90213930;200004;Alíquota zero;XII;7;Art. 144;90213930-200004-XII-7;data/base-normativa.json;100%;Art. 144;DIVERGENTE;NÃO;IMPLEMENTADA_COM_RESSALVA;item da regra (7) diferente dos itens da lei que cobrem o NCM (5);;validação humana/decisão (divergência documentada na auditoria)
1216;90213940;200004;Alíquota zero;XII;7;Art. 144;90213940-200004-XII-7;data/base-normativa.json;100%;Art. 144;DIVERGENTE;NÃO;IMPLEMENTADA_COM_RESSALVA;item da regra (7) diferente dos itens da lei que cobrem o NCM (5);;validação humana/decisão (divergência documentada na auditoria)
1217;90213980;200004;Alíquota zero;XII;7;Art. 144;90213980-200004-XII-7;data/base-normativa.json;100%;Art. 144;DIVERGENTE;NÃO;IMPLEMENTADA_COM_RESSALVA;item da regra (7) diferente dos itens da lei que cobrem o NCM (5);;validação humana/decisão (divergência documentada na auditoria)
1218;90213991;200004;Alíquota zero;XII;5;Art. 144;90213991-200004-XII-5;data/base-normativa.json;100%;Art. 144;DIVERGENTE;SIM;BLOQUEADA;o SVRS lista o NCM como VEDADO para 200004 | a lei exclui expressamente este NCM no item 5 da regra;NCM VEDADO no Portal para o código;nada (regra bloqueada: benefício impedido por vedação oficial)
1219;90213991;200004;Alíquota zero;XII;7;Art. 144;90213991-200004-XII-7;data/base-normativa.json;100%;Art. 144;DIVERGENTE;SIM;BLOQUEADA;o SVRS lista o NCM como VEDADO para 200004 | NCM só no SVRS (nenhum item do anexo na lei cobre o NCM);NCM VEDADO no Portal para o código;nada (regra bloqueada: benefício impedido por vedação oficial)
1220;90213999;200004;Alíquota zero;XII;5;Art. 144;90213999-200004-XII-5;data/base-normativa.json;100%;Art. 144;DIVERGENTE;SIM;BLOQUEADA;o SVRS lista o NCM como VEDADO para 200004 | a lei exclui expressamente este NCM no item 5 da regra;NCM VEDADO no Portal para o código;nada (regra bloqueada: benefício impedido por vedação oficial)
1221;90213999;200004;Alíquota zero;XII;7;Art. 144;90213999-200004-XII-7;data/base-normativa.json;100%;Art. 144;DIVERGENTE;SIM;BLOQUEADA;o SVRS lista o NCM como VEDADO para 200004 | NCM só no SVRS (nenhum item do anexo na lei cobre o NCM);NCM VEDADO no Portal para o código;nada (regra bloqueada: benefício impedido por vedação oficial)
1222;90214000;200007;Alíquota zero;XIII;4;Art. 145;90214000-200007-XIII-4;data/base-normativa.json;100%;Art. 145;CONFIRMADA;NÃO;IMPLEMENTADA_CONFIRMADA;;;nada
1223;90215000;200030;Redução de 60%;IV;26;Art. 131;90215000-200030-IV-26;data/base-normativa.json;60%;Art. 131;NAO_DETERMINADA;NÃO;IMPLEMENTADA_COM_RESSALVA;"NCM coberto por 2 itens do anexo (26, 27); o item da regra está entre eles; a escolha depende do produto";;validação humana/decisão (divergência documentada na auditoria)
1224;90215000;200030;Redução de 60%;IV;27;Art. 131;90215000-200030-IV-27;data/base-normativa.json;60%;Art. 131;NAO_DETERMINADA;NÃO;IMPLEMENTADA_COM_RESSALVA;"NCM coberto por 2 itens do anexo (26, 27); o item da regra está entre eles; a escolha depende do produto";;validação humana/decisão (divergência documentada na auditoria)
1225;90219011;200030;Redução de 60%;IV;43;Art. 131;90219011-200030-IV-43;data/base-normativa.json;60%;Art. 131;CONFIRMADA;NÃO;IMPLEMENTADA_CONFIRMADA;;;nada
1226;90219012;200030;Redução de 60%;IV;40;Art. 131;90219012-200030-IV-40;data/base-normativa.json;60%;Art. 131;NAO_DETERMINADA;NÃO;IMPLEMENTADA_COM_RESSALVA;"NCM coberto por 2 itens do anexo (40, 44); o item da regra está entre eles; a escolha depende do produto";;validação humana/decisão (divergência documentada na auditoria)
1227;90219012;200030;Redução de 60%;IV;44;Art. 131;90219012-200030-IV-44;data/base-normativa.json;60%;Art. 131;NAO_DETERMINADA;NÃO;IMPLEMENTADA_COM_RESSALVA;"NCM coberto por 2 itens do anexo (40, 44); o item da regra está entre eles; a escolha depende do produto";;validação humana/decisão (divergência documentada na auditoria)
1228;90219019;200030;Redução de 60%;IV;11;Art. 131;90219019-200030-IV-11;data/base-normativa.json;60%;Art. 131;NAO_DETERMINADA;NÃO;IMPLEMENTADA_COM_RESSALVA;"NCM coberto por 6 itens do anexo (11, 12, 17, 34, 37, 38); o item da regra está entre eles; a escolha depende do produto";;validação humana/decisão (divergência documentada na auditoria)
1229;90219019;200030;Redução de 60%;IV;17;Art. 131;90219019-200030-IV-17;data/base-normativa.json;60%;Art. 131;NAO_DETERMINADA;NÃO;IMPLEMENTADA_COM_RESSALVA;"NCM coberto por 6 itens do anexo (11, 12, 17, 34, 37, 38); o item da regra está entre eles; a escolha depende do produto";;validação humana/decisão (divergência documentada na auditoria)
1230;90219019;200030;Redução de 60%;IV;34;Art. 131;90219019-200030-IV-34;data/base-normativa.json;60%;Art. 131;NAO_DETERMINADA;NÃO;IMPLEMENTADA_COM_RESSALVA;"NCM coberto por 6 itens do anexo (11, 12, 17, 34, 37, 38); o item da regra está entre eles; a escolha depende do produto";;validação humana/decisão (divergência documentada na auditoria)
1231;90219019;200030;Redução de 60%;IV;38;Art. 131;90219019-200030-IV-38;data/base-normativa.json;60%;Art. 131;NAO_DETERMINADA;NÃO;IMPLEMENTADA_COM_RESSALVA;"NCM coberto por 6 itens do anexo (11, 12, 17, 34, 37, 38); o item da regra está entre eles; a escolha depende do produto";;validação humana/decisão (divergência documentada na auditoria)
1232;90219019;200030;Redução de 60%;IV;49;Art. 131;90219019-200030-IV-49;data/base-normativa.json;60%;Art. 131;DIVERGENTE;NÃO;IMPLEMENTADA_COM_RESSALVA;item da regra (49) diferente dos itens da lei que cobrem o NCM (11, 12, 17, 34, 37, 38);;validação humana/decisão (divergência documentada na auditoria)
1233;90219019;200007;Alíquota zero;XIII;6;Art. 145;90219019-200007-XIII-6;data/base-normativa.json;100%;Art. 145;CONFIRMADA;NÃO;IMPLEMENTADA_CONFIRMADA;;;nada
1234;90219080;200030;Redução de 60%;IV;49;Art. 131;90219080-200030-IV-49;data/base-normativa.json;60%;Art. 131;DIVERGENTE;NÃO;IMPLEMENTADA_COM_RESSALVA;NCM só no SVRS (nenhum item do anexo na lei cobre o NCM);;validação humana/decisão (divergência documentada na auditoria)
1235;90219089;200030;Redução de 60%;IV;49;Art. 131;90219089-200030-IV-49;data/base-normativa.json;60%;Art. 131;DIVERGENTE;NÃO;IMPLEMENTADA_COM_RESSALVA;NCM só no SVRS (nenhum item do anexo na lei cobre o NCM);;validação humana/decisão (divergência documentada na auditoria)
1236;90219091;200030;Redução de 60%;IV;13;Art. 131;90219091-200030-IV-13;data/base-normativa.json;60%;Art. 131;NAO_DETERMINADA;NÃO;IMPLEMENTADA_COM_RESSALVA;"NCM coberto por 5 itens do anexo (13, 14, 15, 16, 94); o item da regra está entre eles; a escolha depende do produto";;validação humana/decisão (divergência documentada na auditoria)
1237;90219091;200030;Redução de 60%;IV;14;Art. 131;90219091-200030-IV-14;data/base-normativa.json;60%;Art. 131;NAO_DETERMINADA;NÃO;IMPLEMENTADA_COM_RESSALVA;"NCM coberto por 5 itens do anexo (13, 14, 15, 16, 94); o item da regra está entre eles; a escolha depende do produto";;validação humana/decisão (divergência documentada na auditoria)
1238;90219091;200030;Redução de 60%;IV;15;Art. 131;90219091-200030-IV-15;data/base-normativa.json;60%;Art. 131;NAO_DETERMINADA;NÃO;IMPLEMENTADA_COM_RESSALVA;"NCM coberto por 5 itens do anexo (13, 14, 15, 16, 94); o item da regra está entre eles; a escolha depende do produto";;validação humana/decisão (divergência documentada na auditoria)
1239;90219091;200030;Redução de 60%;IV;16;Art. 131;90219091-200030-IV-16;data/base-normativa.json;60%;Art. 131;NAO_DETERMINADA;NÃO;IMPLEMENTADA_COM_RESSALVA;"NCM coberto por 5 itens do anexo (13, 14, 15, 16, 94); o item da regra está entre eles; a escolha depende do produto";;validação humana/decisão (divergência documentada na auditoria)
1240;90219091;200030;Redução de 60%;IV;94;Art. 131;90219091-200030-IV-94;data/base-normativa.json;60%;Art. 131;NAO_DETERMINADA;NÃO;IMPLEMENTADA_COM_RESSALVA;"NCM coberto por 5 itens do anexo (13, 14, 15, 16, 94); o item da regra está entre eles; a escolha depende do produto";;validação humana/decisão (divergência documentada na auditoria)
1241;90219092;200007;Alíquota zero;XIII;5;Art. 145;90219092-200007-XIII-5;data/base-normativa.json;100%;Art. 145;CONFIRMADA;NÃO;IMPLEMENTADA_CONFIRMADA;;;nada
1242;90219099;200030;Redução de 60%;IV;95;Art. 131;90219099-200030-IV-95;data/base-normativa.json;60%;Art. 131;NAO_DETERMINADA;NÃO;IMPLEMENTADA_COM_RESSALVA;"NCM coberto por 3 itens do anexo (95, 96, 97); o item da regra está entre eles; a escolha depende do produto";;validação humana/decisão (divergência documentada na auditoria)
1243;90219099;200030;Redução de 60%;IV;96;Art. 131;90219099-200030-IV-96;data/base-normativa.json;60%;Art. 131;NAO_DETERMINADA;NÃO;IMPLEMENTADA_COM_RESSALVA;"NCM coberto por 3 itens do anexo (95, 96, 97); o item da regra está entre eles; a escolha depende do produto";;validação humana/decisão (divergência documentada na auditoria)
1244;90219099;200030;Redução de 60%;IV;97;Art. 131;90219099-200030-IV-97;data/base-normativa.json;60%;Art. 131;NAO_DETERMINADA;NÃO;IMPLEMENTADA_COM_RESSALVA;"NCM coberto por 3 itens do anexo (95, 96, 97); o item da regra está entre eles; a escolha depende do produto";;validação humana/decisão (divergência documentada na auditoria)
1245;90221200;200004;Alíquota zero;XII;6;Art. 144;90221200-200004-XII-6;data/base-normativa.json;100%;Art. 144;CONFIRMADA;NÃO;IMPLEMENTADA_CONFIRMADA;;;nada
1246;90221311;200004;Alíquota zero;XII;7;Art. 144;90221311-200004-XII-7;data/base-normativa.json;100%;Art. 144;CONFIRMADA;NÃO;IMPLEMENTADA_CONFIRMADA;;;nada
1247;90221319;200004;Alíquota zero;XII;7;Art. 144;90221319-200004-XII-7;data/base-normativa.json;100%;Art. 144;CONFIRMADA;NÃO;IMPLEMENTADA_CONFIRMADA;;;nada
1248;90221390;200004;Alíquota zero;XII;7;Art. 144;90221390-200004-XII-7;data/base-normativa.json;100%;Art. 144;CONFIRMADA;NÃO;IMPLEMENTADA_CONFIRMADA;;;nada
1249;90221411;200004;Alíquota zero;XII;7;Art. 144;90221411-200004-XII-7;data/base-normativa.json;100%;Art. 144;DIVERGENTE;NÃO;IMPLEMENTADA_COM_RESSALVA;NCM só no SVRS (nenhum item do anexo na lei cobre o NCM);;validação humana/decisão (divergência documentada na auditoria)
1250;90221412;200004;Alíquota zero;XII;7;Art. 144;90221412-200004-XII-7;data/base-normativa.json;100%;Art. 144;DIVERGENTE;NÃO;IMPLEMENTADA_COM_RESSALVA;NCM só no SVRS (nenhum item do anexo na lei cobre o NCM);;validação humana/decisão (divergência documentada na auditoria)
1251;90221413;200004;Alíquota zero;XII;7;Art. 144;90221413-200004-XII-7;data/base-normativa.json;100%;Art. 144;DIVERGENTE;NÃO;IMPLEMENTADA_COM_RESSALVA;NCM só no SVRS (nenhum item do anexo na lei cobre o NCM);;validação humana/decisão (divergência documentada na auditoria)
1252;90221419;200004;Alíquota zero;XII;7;Art. 144;90221419-200004-XII-7;data/base-normativa.json;100%;Art. 144;DIVERGENTE;NÃO;IMPLEMENTADA_COM_RESSALVA;NCM só no SVRS (nenhum item do anexo na lei cobre o NCM);;validação humana/decisão (divergência documentada na auditoria)
1253;90221490;200004;Alíquota zero;XII;7;Art. 144;90221490-200004-XII-7;data/base-normativa.json;100%;Art. 144;DIVERGENTE;NÃO;IMPLEMENTADA_COM_RESSALVA;NCM só no SVRS (nenhum item do anexo na lei cobre o NCM);;validação humana/decisão (divergência documentada na auditoria)
1254;90221910;200004;Alíquota zero;XII;7;Art. 144;90221910-200004-XII-7;data/base-normativa.json;100%;Art. 144;DIVERGENTE;NÃO;IMPLEMENTADA_COM_RESSALVA;NCM só no SVRS (nenhum item do anexo na lei cobre o NCM);;validação humana/decisão (divergência documentada na auditoria)
1255;90221991;200004;Alíquota zero;XII;7;Art. 144;90221991-200004-XII-7;data/base-normativa.json;100%;Art. 144;DIVERGENTE;SIM;BLOQUEADA;o SVRS lista o NCM como VEDADO para 200004 | a lei exclui expressamente este NCM no item 7 da regra;NCM VEDADO no Portal para o código;nada (regra bloqueada: benefício impedido por vedação oficial)
1256;90221991;200004;Alíquota zero;XII;7;Art. 144;90221991-200004-XII-7;data/base-normativa.json;100%;Art. 144;DIVERGENTE;SIM;BLOQUEADA;o SVRS lista o NCM como VEDADO para 200004 | a lei exclui expressamente este NCM no item 7 da regra;NCM VEDADO no Portal para o código;nada (regra bloqueada: benefício impedido por vedação oficial)
1257;90221999;200004;Alíquota zero;XII;7;Art. 144;90221999-200004-XII-7;data/base-normativa.json;100%;Art. 144;DIVERGENTE;NÃO;IMPLEMENTADA_COM_RESSALVA;NCM só no SVRS (nenhum item do anexo na lei cobre o NCM);;validação humana/decisão (divergência documentada na auditoria)
1258;90222110;200004;Alíquota zero;XII;11;Art. 144;90222110-200004-XII-11;data/base-normativa.json;100%;Art. 144;DIVERGENTE;NÃO;IMPLEMENTADA_COM_RESSALVA;a lei exclui expressamente este NCM no item 11 da regra | item da regra (11) diferente dos itens da lei que cobrem o NCM (8);;validação humana/decisão (divergência documentada na auditoria)
1259;90222110;200004;Alíquota zero;XII;8;Art. 144;90222110-200004-XII-8;data/base-normativa.json;100%;Art. 144;CONFIRMADA;NÃO;IMPLEMENTADA_CONFIRMADA;;;nada
1260;90222120;200004;Alíquota zero;XII;10;Art. 144;90222120-200004-XII-10;data/base-normativa.json;100%;Art. 144;CONFIRMADA;NÃO;IMPLEMENTADA_CONFIRMADA;;;nada
1261;90222120;200004;Alíquota zero;XII;11;Art. 144;90222120-200004-XII-11;data/base-normativa.json;100%;Art. 144;DIVERGENTE;NÃO;IMPLEMENTADA_COM_RESSALVA;a lei exclui expressamente este NCM no item 11 da regra | item da regra (11) diferente dos itens da lei que cobrem o NCM (10);;validação humana/decisão (divergência documentada na auditoria)
1262;90222190;200004;Alíquota zero;XII;11;Art. 144;90222190-200004-XII-11;data/base-normativa.json;100%;Art. 144;CONFIRMADA;NÃO;IMPLEMENTADA_CONFIRMADA;;;nada
1263;90251990;200031;Redução de 60%;V;2.3;Art. 132;90251990-200031-V-2.3;data/base-normativa.json;60%;Art. 132;CONFIRMADA;NÃO;IMPLEMENTADA_CONFIRMADA;;;nada
1264;90272012;200030;Redução de 60%;IV;79;Art. 131;90272012-200030-IV-79;data/base-normativa.json;60%;Art. 131;CONFIRMADA;NÃO;IMPLEMENTADA_CONFIRMADA;;;nada
1265;90272021;200030;Redução de 60%;IV;80;Art. 131;90272021-200030-IV-80;data/base-normativa.json;60%;Art. 131;CONFIRMADA;NÃO;IMPLEMENTADA_CONFIRMADA;;;nada
1266;90272029;200030;Redução de 60%;IV;81;Art. 131;90272029-200030-IV-81;data/base-normativa.json;60%;Art. 131;CONFIRMADA;NÃO;IMPLEMENTADA_CONFIRMADA;;;nada
1267;90273011;200030;Redução de 60%;IV;82;Art. 131;90273011-200030-IV-82;data/base-normativa.json;60%;Art. 131;CONFIRMADA;NÃO;IMPLEMENTADA_CONFIRMADA;;;nada
1268;90273019;200030;Redução de 60%;IV;82;Art. 131;90273019-200030-IV-82;data/base-normativa.json;60%;Art. 131;CONFIRMADA;NÃO;IMPLEMENTADA_CONFIRMADA;;;nada
1269;90273020;200030;Redução de 60%;IV;82;Art. 131;90273020-200030-IV-82;data/base-normativa.json;60%;Art. 131;CONFIRMADA;NÃO;IMPLEMENTADA_CONFIRMADA;;;nada
1270;90275020;200030;Redução de 60%;IV;83;Art. 131;90275020-200030-IV-83;data/base-normativa.json;60%;Art. 131;CONFIRMADA;NÃO;IMPLEMENTADA_CONFIRMADA;;;nada
1271;90275050;200030;Redução de 60%;IV;84;Art. 131;90275050-200030-IV-84;data/base-normativa.json;60%;Art. 131;CONFIRMADA;NÃO;IMPLEMENTADA_CONFIRMADA;;;nada
1272;90275090;200030;Redução de 60%;IV;85;Art. 131;90275090-200030-IV-85;data/base-normativa.json;60%;Art. 131;CONFIRMADA;NÃO;IMPLEMENTADA_CONFIRMADA;;;nada
1273;90278100;200030;Redução de 60%;IV;87;Art. 131;90278100-200030-IV-87;data/base-normativa.json;60%;Art. 131;CONFIRMADA;NÃO;IMPLEMENTADA_CONFIRMADA;;;nada
1274;90278999;200030;Redução de 60%;IV;86;Art. 131;90278999-200030-IV-86;data/base-normativa.json;60%;Art. 131;NAO_DETERMINADA;NÃO;IMPLEMENTADA_COM_RESSALVA;"NCM coberto por 2 itens do anexo (86, 88); o item da regra está entre eles; a escolha depende do produto";;validação humana/decisão (divergência documentada na auditoria)
1275;90278999;200030;Redução de 60%;IV;88;Art. 131;90278999-200030-IV-88;data/base-normativa.json;60%;Art. 131;NAO_DETERMINADA;NÃO;IMPLEMENTADA_COM_RESSALVA;"NCM coberto por 2 itens do anexo (86, 88); o item da regra está entre eles; a escolha depende do produto";;validação humana/decisão (divergência documentada na auditoria)
1276;90279010;200030;Redução de 60%;IV;89;Art. 131;90279010-200030-IV-89;data/base-normativa.json;60%;Art. 131;CONFIRMADA;NÃO;IMPLEMENTADA_CONFIRMADA;;;nada
1277;90279091;200030;Redução de 60%;IV;90;Art. 131;90279091-200030-IV-90;data/base-normativa.json;60%;Art. 131;CONFIRMADA;NÃO;IMPLEMENTADA_CONFIRMADA;;;nada
1278;90279093;200030;Redução de 60%;IV;90;Art. 131;90279093-200030-IV-90;data/base-normativa.json;60%;Art. 131;CONFIRMADA;NÃO;IMPLEMENTADA_CONFIRMADA;;;nada
1279;90279099;200030;Redução de 60%;IV;90;Art. 131;90279099-200030-IV-90;data/base-normativa.json;60%;Art. 131;CONFIRMADA;NÃO;IMPLEMENTADA_CONFIRMADA;;;nada
1280;90318099;200043;Redução de 60%;XI;2.24;Art. 140;90318099-200043-XI-2.24;data/base-normativa.json;60%;Art. 140;DIVERGENTE;NÃO;IMPLEMENTADA_COM_RESSALVA;item da regra (2.24) diferente dos itens da lei que cobrem o NCM (2.4);fundamento planilha Art. 140 x oficial Art. 142;validação humana/decisão (divergência documentada na auditoria)
1281;91021110;200031;Redução de 60%;V;2.2;Art. 132;91021110-200031-V-2.2;data/base-normativa.json;60%;Art. 132;CONFIRMADA;NÃO;IMPLEMENTADA_CONFIRMADA;;;nada
1282;91021190;200031;Redução de 60%;V;2.2;Art. 132;91021190-200031-V-2.2;data/base-normativa.json;60%;Art. 132;CONFIRMADA;NÃO;IMPLEMENTADA_CONFIRMADA;;;nada
1283;91029100;200031;Redução de 60%;V;2.2;Art. 132;91029100-200031-V-2.2;data/base-normativa.json;60%;Art. 132;CONFIRMADA;NÃO;IMPLEMENTADA_CONFIRMADA;;;nada
1284;91031000;200031;Redução de 60%;V;3.3;Art. 132;91031000-200031-V-3.3;data/base-normativa.json;60%;Art. 132;DIVERGENTE;NÃO;IMPLEMENTADA_COM_RESSALVA;item da regra (3.3) diferente dos itens da lei que cobrem o NCM (3.2);;validação humana/decisão (divergência documentada na auditoria)
1285;91051100;200031;Redução de 60%;V;3.3;Art. 132;91051100-200031-V-3.3;data/base-normativa.json;60%;Art. 132;DIVERGENTE;NÃO;IMPLEMENTADA_COM_RESSALVA;item da regra (3.3) diferente dos itens da lei que cobrem o NCM (3.2);;validação humana/decisão (divergência documentada na auditoria)
1286;93012000;200043;Redução de 60%;XI;2.7;Art. 140;93012000-200043-XI-2.7;data/base-normativa.json;60%;Art. 140;CONFIRMADA;NÃO;IMPLEMENTADA_CONFIRMADA;;fundamento planilha Art. 140 x oficial Art. 142;nada
1287;93062110;200043;Redução de 60%;XI;2.12;Art. 140;93062110-200043-XI-2.12;data/base-normativa.json;60%;Art. 140;NAO_DETERMINADA;NÃO;IMPLEMENTADA_COM_RESSALVA;"NCM coberto por 4 itens do anexo (2.8, 2.11, 2.12, 2.13); o item da regra está entre eles; a escolha depende do produto";fundamento planilha Art. 140 x oficial Art. 142;validação humana/decisão (divergência documentada na auditoria)
1288;93062120;200043;Redução de 60%;XI;2.12;Art. 140;93062120-200043-XI-2.12;data/base-normativa.json;60%;Art. 140;NAO_DETERMINADA;NÃO;IMPLEMENTADA_COM_RESSALVA;"NCM coberto por 4 itens do anexo (2.8, 2.11, 2.12, 2.13); o item da regra está entre eles; a escolha depende do produto";fundamento planilha Art. 140 x oficial Art. 142;validação humana/decisão (divergência documentada na auditoria)
1289;93062130;200043;Redução de 60%;XI;2.12;Art. 140;93062130-200043-XI-2.12;data/base-normativa.json;60%;Art. 140;NAO_DETERMINADA;NÃO;IMPLEMENTADA_COM_RESSALVA;"NCM coberto por 4 itens do anexo (2.8, 2.11, 2.12, 2.13); o item da regra está entre eles; a escolha depende do produto";fundamento planilha Art. 140 x oficial Art. 142;validação humana/decisão (divergência documentada na auditoria)
1290;93062190;200043;Redução de 60%;XI;2.12;Art. 140;93062190-200043-XI-2.12;data/base-normativa.json;60%;Art. 140;NAO_DETERMINADA;NÃO;IMPLEMENTADA_COM_RESSALVA;"NCM coberto por 4 itens do anexo (2.8, 2.11, 2.12, 2.13); o item da regra está entre eles; a escolha depende do produto";fundamento planilha Art. 140 x oficial Art. 142;validação humana/decisão (divergência documentada na auditoria)
1291;93062900;200043;Redução de 60%;XI;2.12;Art. 140;93062900-200043-XI-2.12;data/base-normativa.json;60%;Art. 140;NAO_DETERMINADA;NÃO;IMPLEMENTADA_COM_RESSALVA;"NCM coberto por 4 itens do anexo (2.8, 2.11, 2.12, 2.13); o item da regra está entre eles; a escolha depende do produto";fundamento planilha Art. 140 x oficial Art. 142;validação humana/decisão (divergência documentada na auditoria)
1292;94029010;200030;Redução de 60%;IV;69;Art. 131;94029010-200030-IV-69;data/base-normativa.json;60%;Art. 131;CONFIRMADA;NÃO;IMPLEMENTADA_CONFIRMADA;;;nada
1293;94029020;200030;Redução de 60%;IV;69;Art. 131;94029020-200030-IV-69;data/base-normativa.json;60%;Art. 131;CONFIRMADA;NÃO;IMPLEMENTADA_CONFIRMADA;;;nada
1294;94029090;200030;Redução de 60%;IV;69;Art. 131;94029090-200030-IV-69;data/base-normativa.json;60%;Art. 131;CONFIRMADA;NÃO;IMPLEMENTADA_CONFIRMADA;;;nada
1295;96032100;200035;Redução de 60%;VIII;3;Art. 136;96032100-200035-VIII-3;data/base-normativa.json;60%;Art. 136;CONFIRMADA;NÃO;IMPLEMENTADA_CONFIRMADA;;;nada
1296;96190000;200035;Redução de 60%;VIII;7;Art. 136;96190000-200035-VIII-7;data/base-normativa.json;60%;Art. 136;CONFIRMADA;NÃO;IMPLEMENTADA_CONFIRMADA;;;nada
1297;97019100;200039;Redução de 60%;X;43;Art. 139;97019100-200039-X-43;data/base-normativa.json;60%;Art. 139;CONFIRMADA;NÃO;IMPLEMENTADA_CONFIRMADA;;;nada
1298;97029000;200039;Redução de 60%;X;44;Art. 139;97029000-200039-X-44;data/base-normativa.json;60%;Art. 139;CONFIRMADA;NÃO;IMPLEMENTADA_CONFIRMADA;;;nada
1299;97039000;200039;Redução de 60%;X;45;Art. 139;97039000-200039-X-45;data/base-normativa.json;60%;Art. 139;CONFIRMADA;NÃO;IMPLEMENTADA_CONFIRMADA;;;nada
1300;31010000;200038;Redução de 60%;IX;2;Capítulo 31;31010000-200038-IX-2;data/base-normativa.json;60%;Art. 138;NAO_DETERMINADA;NÃO;IMPLEMENTADA_COM_RESSALVA;"NCM coberto por 2 itens do anexo (1, 2); o item da regra está entre eles; a escolha depende do produto";"fundamento planilha 'Capítulo 31' não é artigo (sistema usa Art. 138; oficial Art. 138)";validação humana/decisão (divergência documentada na auditoria)
1301;31021010;200038;Redução de 60%;IX;2;Capítulo 31;31021010-200038-IX-2;data/base-normativa.json;60%;Art. 138;CONFIRMADA;NÃO;IMPLEMENTADA_CONFIRMADA;;"fundamento planilha 'Capítulo 31' não é artigo (sistema usa Art. 138; oficial Art. 138)";nada
1302;31021090;200038;Redução de 60%;IX;2;Capítulo 31;31021090-200038-IX-2;data/base-normativa.json;60%;Art. 138;CONFIRMADA;NÃO;IMPLEMENTADA_CONFIRMADA;;"fundamento planilha 'Capítulo 31' não é artigo (sistema usa Art. 138; oficial Art. 138)";nada
1303;31022100;200038;Redução de 60%;IX;2;Capítulo 31;31022100-200038-IX-2;data/base-normativa.json;60%;Art. 138;CONFIRMADA;NÃO;IMPLEMENTADA_CONFIRMADA;;"fundamento planilha 'Capítulo 31' não é artigo (sistema usa Art. 138; oficial Art. 138)";nada
1304;31022910;200038;Redução de 60%;IX;2;Capítulo 31;31022910-200038-IX-2;data/base-normativa.json;60%;Art. 138;CONFIRMADA;NÃO;IMPLEMENTADA_CONFIRMADA;;"fundamento planilha 'Capítulo 31' não é artigo (sistema usa Art. 138; oficial Art. 138)";nada
1305;31022990;200038;Redução de 60%;IX;2;Capítulo 31;31022990-200038-IX-2;data/base-normativa.json;60%;Art. 138;CONFIRMADA;NÃO;IMPLEMENTADA_CONFIRMADA;;"fundamento planilha 'Capítulo 31' não é artigo (sistema usa Art. 138; oficial Art. 138)";nada
1306;31023000;200038;Redução de 60%;IX;2;Capítulo 31;31023000-200038-IX-2;data/base-normativa.json;60%;Art. 138;CONFIRMADA;NÃO;IMPLEMENTADA_CONFIRMADA;;"fundamento planilha 'Capítulo 31' não é artigo (sistema usa Art. 138; oficial Art. 138)";nada
1307;31024000;200038;Redução de 60%;IX;2;Capítulo 31;31024000-200038-IX-2;data/base-normativa.json;60%;Art. 138;CONFIRMADA;NÃO;IMPLEMENTADA_CONFIRMADA;;"fundamento planilha 'Capítulo 31' não é artigo (sistema usa Art. 138; oficial Art. 138)";nada
1308;31025011;200038;Redução de 60%;IX;2;Capítulo 31;31025011-200038-IX-2;data/base-normativa.json;60%;Art. 138;CONFIRMADA;NÃO;IMPLEMENTADA_CONFIRMADA;;"fundamento planilha 'Capítulo 31' não é artigo (sistema usa Art. 138; oficial Art. 138)";nada
1309;31025019;200038;Redução de 60%;IX;2;Capítulo 31;31025019-200038-IX-2;data/base-normativa.json;60%;Art. 138;CONFIRMADA;NÃO;IMPLEMENTADA_CONFIRMADA;;"fundamento planilha 'Capítulo 31' não é artigo (sistema usa Art. 138; oficial Art. 138)";nada
1310;31025090;200038;Redução de 60%;IX;2;Capítulo 31;31025090-200038-IX-2;data/base-normativa.json;60%;Art. 138;CONFIRMADA;NÃO;IMPLEMENTADA_CONFIRMADA;;"fundamento planilha 'Capítulo 31' não é artigo (sistema usa Art. 138; oficial Art. 138)";nada
1311;31026000;200038;Redução de 60%;IX;2;Capítulo 31;31026000-200038-IX-2;data/base-normativa.json;60%;Art. 138;CONFIRMADA;NÃO;IMPLEMENTADA_CONFIRMADA;;"fundamento planilha 'Capítulo 31' não é artigo (sistema usa Art. 138; oficial Art. 138)";nada
1312;31028000;200038;Redução de 60%;IX;2;Capítulo 31;31028000-200038-IX-2;data/base-normativa.json;60%;Art. 138;CONFIRMADA;NÃO;IMPLEMENTADA_CONFIRMADA;;"fundamento planilha 'Capítulo 31' não é artigo (sistema usa Art. 138; oficial Art. 138)";nada
1313;31029000;200038;Redução de 60%;IX;2;Capítulo 31;31029000-200038-IX-2;data/base-normativa.json;60%;Art. 138;CONFIRMADA;NÃO;IMPLEMENTADA_CONFIRMADA;;"fundamento planilha 'Capítulo 31' não é artigo (sistema usa Art. 138; oficial Art. 138)";nada
1314;31031100;200038;Redução de 60%;IX;2;Capítulo 31;31031100-200038-IX-2;data/base-normativa.json;60%;Art. 138;CONFIRMADA;NÃO;IMPLEMENTADA_CONFIRMADA;;"fundamento planilha 'Capítulo 31' não é artigo (sistema usa Art. 138; oficial Art. 138)";nada
1315;31031900;200038;Redução de 60%;IX;2;Capítulo 31;31031900-200038-IX-2;data/base-normativa.json;60%;Art. 138;CONFIRMADA;NÃO;IMPLEMENTADA_CONFIRMADA;;"fundamento planilha 'Capítulo 31' não é artigo (sistema usa Art. 138; oficial Art. 138)";nada
1316;31039011;200038;Redução de 60%;IX;2;Capítulo 31;31039011-200038-IX-2;data/base-normativa.json;60%;Art. 138;CONFIRMADA;NÃO;IMPLEMENTADA_CONFIRMADA;;"fundamento planilha 'Capítulo 31' não é artigo (sistema usa Art. 138; oficial Art. 138)";nada
1317;31039019;200038;Redução de 60%;IX;2;Capítulo 31;31039019-200038-IX-2;data/base-normativa.json;60%;Art. 138;CONFIRMADA;NÃO;IMPLEMENTADA_CONFIRMADA;;"fundamento planilha 'Capítulo 31' não é artigo (sistema usa Art. 138; oficial Art. 138)";nada
1318;31039090;200038;Redução de 60%;IX;2;Capítulo 31;31039090-200038-IX-2;data/base-normativa.json;60%;Art. 138;CONFIRMADA;NÃO;IMPLEMENTADA_CONFIRMADA;;"fundamento planilha 'Capítulo 31' não é artigo (sistema usa Art. 138; oficial Art. 138)";nada
1319;31042010;200038;Redução de 60%;IX;2;Capítulo 31;31042010-200038-IX-2;data/base-normativa.json;60%;Art. 138;CONFIRMADA;NÃO;IMPLEMENTADA_CONFIRMADA;;"fundamento planilha 'Capítulo 31' não é artigo (sistema usa Art. 138; oficial Art. 138)";nada
1320;31042090;200038;Redução de 60%;IX;2;Capítulo 31;31042090-200038-IX-2;data/base-normativa.json;60%;Art. 138;CONFIRMADA;NÃO;IMPLEMENTADA_CONFIRMADA;;"fundamento planilha 'Capítulo 31' não é artigo (sistema usa Art. 138; oficial Art. 138)";nada
1321;31043010;200038;Redução de 60%;IX;2;Capítulo 31;31043010-200038-IX-2;data/base-normativa.json;60%;Art. 138;CONFIRMADA;NÃO;IMPLEMENTADA_CONFIRMADA;;"fundamento planilha 'Capítulo 31' não é artigo (sistema usa Art. 138; oficial Art. 138)";nada
1322;31043090;200038;Redução de 60%;IX;2;Capítulo 31;31043090-200038-IX-2;data/base-normativa.json;60%;Art. 138;CONFIRMADA;NÃO;IMPLEMENTADA_CONFIRMADA;;"fundamento planilha 'Capítulo 31' não é artigo (sistema usa Art. 138; oficial Art. 138)";nada
1323;31049010;200038;Redução de 60%;IX;2;Capítulo 31;31049010-200038-IX-2;data/base-normativa.json;60%;Art. 138;CONFIRMADA;NÃO;IMPLEMENTADA_CONFIRMADA;;"fundamento planilha 'Capítulo 31' não é artigo (sistema usa Art. 138; oficial Art. 138)";nada
1324;31049090;200038;Redução de 60%;IX;2;Capítulo 31;31049090-200038-IX-2;data/base-normativa.json;60%;Art. 138;CONFIRMADA;NÃO;IMPLEMENTADA_CONFIRMADA;;"fundamento planilha 'Capítulo 31' não é artigo (sistema usa Art. 138; oficial Art. 138)";nada
1325;31051000;200038;Redução de 60%;IX;2;Capítulo 31;31051000-200038-IX-2;data/base-normativa.json;60%;Art. 138;CONFIRMADA;NÃO;IMPLEMENTADA_CONFIRMADA;;"fundamento planilha 'Capítulo 31' não é artigo (sistema usa Art. 138; oficial Art. 138)";nada
1326;31052000;200038;Redução de 60%;IX;2;Capítulo 31;31052000-200038-IX-2;data/base-normativa.json;60%;Art. 138;CONFIRMADA;NÃO;IMPLEMENTADA_CONFIRMADA;;"fundamento planilha 'Capítulo 31' não é artigo (sistema usa Art. 138; oficial Art. 138)";nada
1327;31053000;200038;Redução de 60%;IX;2;Capítulo 31;31053000-200038-IX-2;data/base-normativa.json;60%;Art. 138;CONFIRMADA;NÃO;IMPLEMENTADA_CONFIRMADA;;"fundamento planilha 'Capítulo 31' não é artigo (sistema usa Art. 138; oficial Art. 138)";nada
1328;31054000;200038;Redução de 60%;IX;2;Capítulo 31;31054000-200038-IX-2;data/base-normativa.json;60%;Art. 138;CONFIRMADA;NÃO;IMPLEMENTADA_CONFIRMADA;;"fundamento planilha 'Capítulo 31' não é artigo (sistema usa Art. 138; oficial Art. 138)";nada
1329;31055100;200038;Redução de 60%;IX;2;Capítulo 31;31055100-200038-IX-2;data/base-normativa.json;60%;Art. 138;CONFIRMADA;NÃO;IMPLEMENTADA_CONFIRMADA;;"fundamento planilha 'Capítulo 31' não é artigo (sistema usa Art. 138; oficial Art. 138)";nada
1330;31055900;200038;Redução de 60%;IX;2;Capítulo 31;31055900-200038-IX-2;data/base-normativa.json;60%;Art. 138;CONFIRMADA;NÃO;IMPLEMENTADA_CONFIRMADA;;"fundamento planilha 'Capítulo 31' não é artigo (sistema usa Art. 138; oficial Art. 138)";nada
1331;31056000;200038;Redução de 60%;IX;2;Capítulo 31;31056000-200038-IX-2;data/base-normativa.json;60%;Art. 138;CONFIRMADA;NÃO;IMPLEMENTADA_CONFIRMADA;;"fundamento planilha 'Capítulo 31' não é artigo (sistema usa Art. 138; oficial Art. 138)";nada
1332;31059011;200038;Redução de 60%;IX;2;Capítulo 31;31059011-200038-IX-2;data/base-normativa.json;60%;Art. 138;CONFIRMADA;NÃO;IMPLEMENTADA_CONFIRMADA;;"fundamento planilha 'Capítulo 31' não é artigo (sistema usa Art. 138; oficial Art. 138)";nada
1333;31059019;200038;Redução de 60%;IX;2;Capítulo 31;31059019-200038-IX-2;data/base-normativa.json;60%;Art. 138;CONFIRMADA;NÃO;IMPLEMENTADA_CONFIRMADA;;"fundamento planilha 'Capítulo 31' não é artigo (sistema usa Art. 138; oficial Art. 138)";nada
1334;31059090;200038;Redução de 60%;IX;2;Capítulo 31;31059090-200038-IX-2;data/base-normativa.json;60%;Art. 138;CONFIRMADA;NÃO;IMPLEMENTADA_CONFIRMADA;;"fundamento planilha 'Capítulo 31' não é artigo (sistema usa Art. 138; oficial Art. 138)";nada
1335;25030010;200038;Redução de 60%;IX;3;Capítulo 25;25030010-200038-IX-3;data/base-normativa.json;60%;Art. 138;NAO_DETERMINADA;NÃO;IMPLEMENTADA_COM_RESSALVA;"NCM coberto por 2 itens do anexo (3, 8); o item da regra está entre eles; a escolha depende do produto";"fundamento planilha 'Capítulo 25' não é artigo (sistema usa Art. 138; oficial Art. 138)";validação humana/decisão (divergência documentada na auditoria)
1336;25030090;200038;Redução de 60%;IX;3;Capítulo 25;25030090-200038-IX-3;data/base-normativa.json;60%;Art. 138;NAO_DETERMINADA;NÃO;IMPLEMENTADA_COM_RESSALVA;"NCM coberto por 2 itens do anexo (3, 8); o item da regra está entre eles; a escolha depende do produto";"fundamento planilha 'Capítulo 25' não é artigo (sistema usa Art. 138; oficial Art. 138)";validação humana/decisão (divergência documentada na auditoria)
1337;25081000;200038;Redução de 60%;IX;3;Capítulo 25;25081000-200038-IX-3;data/base-normativa.json;60%;Art. 138;CONFIRMADA;NÃO;IMPLEMENTADA_CONFIRMADA;;"fundamento planilha 'Capítulo 25' não é artigo (sistema usa Art. 138; oficial Art. 138)";nada
1338;25084000;200038;Redução de 60%;IX;3;Capítulo 25;25084000-200038-IX-3;data/base-normativa.json;60%;Art. 138;DIVERGENTE;NÃO;IMPLEMENTADA_COM_RESSALVA;NCM só na lei (ausente do SVRS para o código);"fundamento planilha 'Capítulo 25' não é artigo (sistema usa Art. 138; oficial Art. 138)";validação humana/decisão (divergência documentada na auditoria)
1339;25171000;200038;Redução de 60%;IX;3;Capítulo 25;25171000-200038-IX-3;data/base-normativa.json;60%;Art. 138;CONFIRMADA;NÃO;IMPLEMENTADA_CONFIRMADA;;"fundamento planilha 'Capítulo 25' não é artigo (sistema usa Art. 138; oficial Art. 138)";nada
1340;25172000;200038;Redução de 60%;IX;3;Capítulo 25;25172000-200038-IX-3;data/base-normativa.json;60%;Art. 138;CONFIRMADA;NÃO;IMPLEMENTADA_CONFIRMADA;;"fundamento planilha 'Capítulo 25' não é artigo (sistema usa Art. 138; oficial Art. 138)";nada
1341;25174100;200038;Redução de 60%;IX;3;Capítulo 25;25174100-200038-IX-3;data/base-normativa.json;60%;Art. 138;CONFIRMADA;NÃO;IMPLEMENTADA_CONFIRMADA;;"fundamento planilha 'Capítulo 25' não é artigo (sistema usa Art. 138; oficial Art. 138)";nada
1342;25174900;200038;Redução de 60%;IX;3;Capítulo 25;25174900-200038-IX-3;data/base-normativa.json;60%;Art. 138;CONFIRMADA;NÃO;IMPLEMENTADA_CONFIRMADA;;"fundamento planilha 'Capítulo 25' não é artigo (sistema usa Art. 138; oficial Art. 138)";nada
1343;25181000;200038;Redução de 60%;IX;3;Capítulo 25;25181000-200038-IX-3;data/base-normativa.json;60%;Art. 138;CONFIRMADA;NÃO;IMPLEMENTADA_CONFIRMADA;;"fundamento planilha 'Capítulo 25' não é artigo (sistema usa Art. 138; oficial Art. 138)";nada
1344;25182000;200038;Redução de 60%;IX;3;Capítulo 25;25182000-200038-IX-3;data/base-normativa.json;60%;Art. 138;CONFIRMADA;NÃO;IMPLEMENTADA_CONFIRMADA;;"fundamento planilha 'Capítulo 25' não é artigo (sistema usa Art. 138; oficial Art. 138)";nada
1345;25191000;200038;Redução de 60%;IX;3;Capítulo 25;25191000-200038-IX-3;data/base-normativa.json;60%;Art. 138;CONFIRMADA;NÃO;IMPLEMENTADA_CONFIRMADA;;"fundamento planilha 'Capítulo 25' não é artigo (sistema usa Art. 138; oficial Art. 138)";nada
1346;25199090;200038;Redução de 60%;IX;3;Capítulo 25;25199090-200038-IX-3;data/base-normativa.json;60%;Art. 138;CONFIRMADA;NÃO;IMPLEMENTADA_CONFIRMADA;;"fundamento planilha 'Capítulo 25' não é artigo (sistema usa Art. 138; oficial Art. 138)";nada
1347;25201000;200038;Redução de 60%;IX;3;Capítulo 25;25201000-200038-IX-3;data/base-normativa.json;60%;Art. 138;DIVERGENTE;NÃO;IMPLEMENTADA_COM_RESSALVA;NCM só na lei (ausente do SVRS para o código);"fundamento planilha 'Capítulo 25' não é artigo (sistema usa Art. 138; oficial Art. 138)";validação humana/decisão (divergência documentada na auditoria)
1348;25202010;200038;Redução de 60%;IX;3;Capítulo 25;25202010-200038-IX-3;data/base-normativa.json;60%;Art. 138;CONFIRMADA;NÃO;IMPLEMENTADA_CONFIRMADA;;"fundamento planilha 'Capítulo 25' não é artigo (sistema usa Art. 138; oficial Art. 138)";nada
1349;25202090;200038;Redução de 60%;IX;3;Capítulo 25;25202090-200038-IX-3;data/base-normativa.json;60%;Art. 138;CONFIRMADA;NÃO;IMPLEMENTADA_CONFIRMADA;;"fundamento planilha 'Capítulo 25' não é artigo (sistema usa Art. 138; oficial Art. 138)";nada
1350;25210000;200038;Redução de 60%;IX;3;Capítulo 25;25210000-200038-IX-3;data/base-normativa.json;60%;Art. 138;NAO_DETERMINADA;NÃO;IMPLEMENTADA_COM_RESSALVA;"NCM coberto por 2 itens do anexo (3, 21); o item da regra está entre eles; a escolha depende do produto";"fundamento planilha 'Capítulo 25' não é artigo (sistema usa Art. 138; oficial Art. 138)";validação humana/decisão (divergência documentada na auditoria)
1351;25301010;200038;Redução de 60%;IX;3;Capítulo 25;25301010-200038-IX-3;data/base-normativa.json;60%;Art. 138;CONFIRMADA;NÃO;IMPLEMENTADA_CONFIRMADA;;"fundamento planilha 'Capítulo 25' não é artigo (sistema usa Art. 138; oficial Art. 138)";nada
1352;25301090;200038;Redução de 60%;IX;3;Capítulo 25;25301090-200038-IX-3;data/base-normativa.json;60%;Art. 138;CONFIRMADA;NÃO;IMPLEMENTADA_CONFIRMADA;;"fundamento planilha 'Capítulo 25' não é artigo (sistema usa Art. 138; oficial Art. 138)";nada
1353;25309090;200038;Redução de 60%;IX;3;Capítulo 25;25309090-200038-IX-3;data/base-normativa.json;60%;Art. 138;CONFIRMADA;NÃO;IMPLEMENTADA_CONFIRMADA;;"fundamento planilha 'Capítulo 25' não é artigo (sistema usa Art. 138; oficial Art. 138)";nada
1354;05060000;200038;Redução de 60%;IX;7;05.06;05060000-200038-IX-7;data/base-normativa.json;60%;Art. 138;DIVERGENTE;NÃO;IMPLEMENTADA_COM_RESSALVA;NCM só na lei (ausente do SVRS para o código);"fundamento planilha '05.06' não é artigo (sistema usa Art. 138; oficial Art. 138)";validação humana/decisão (divergência documentada na auditoria)
1355;23021000;200038;Redução de 60%;IX;7;23.02;23021000-200038-IX-7;data/base-normativa.json;60%;Art. 138;NAO_DETERMINADA;NÃO;IMPLEMENTADA_COM_RESSALVA;"NCM coberto por 2 itens do anexo (7, 20); o item da regra está entre eles; a escolha depende do produto";"fundamento planilha '23.02' não é artigo (sistema usa Art. 138; oficial Art. 138)";validação humana/decisão (divergência documentada na auditoria)
1356;23022000;200038;Redução de 60%;IX;7;23.02;23022000-200038-IX-7;data/base-normativa.json;60%;Art. 138;DIVERGENTE;NÃO;IMPLEMENTADA_COM_RESSALVA;NCM só na lei (ausente do SVRS para o código);"fundamento planilha '23.02' não é artigo (sistema usa Art. 138; oficial Art. 138)";validação humana/decisão (divergência documentada na auditoria)
1357;23023010;200038;Redução de 60%;IX;7;23.02;23023010-200038-IX-7;data/base-normativa.json;60%;Art. 138;NAO_DETERMINADA;NÃO;IMPLEMENTADA_COM_RESSALVA;"NCM coberto por 2 itens do anexo (7, 20); o item da regra está entre eles; a escolha depende do produto";"fundamento planilha '23.02' não é artigo (sistema usa Art. 138; oficial Art. 138)";validação humana/decisão (divergência documentada na auditoria)
1358;23023090;200038;Redução de 60%;IX;7;23.02;23023090-200038-IX-7;data/base-normativa.json;60%;Art. 138;NAO_DETERMINADA;NÃO;IMPLEMENTADA_COM_RESSALVA;"NCM coberto por 2 itens do anexo (7, 20); o item da regra está entre eles; a escolha depende do produto";"fundamento planilha '23.02' não é artigo (sistema usa Art. 138; oficial Art. 138)";validação humana/decisão (divergência documentada na auditoria)
1359;23024000;200038;Redução de 60%;IX;7;23.02;23024000-200038-IX-7;data/base-normativa.json;60%;Art. 138;NAO_DETERMINADA;NÃO;IMPLEMENTADA_COM_RESSALVA;"NCM coberto por 2 itens do anexo (7, 20); o item da regra está entre eles; a escolha depende do produto";"fundamento planilha '23.02' não é artigo (sistema usa Art. 138; oficial Art. 138)";validação humana/decisão (divergência documentada na auditoria)
1360;23025000;200038;Redução de 60%;IX;7;23.02;23025000-200038-IX-7;data/base-normativa.json;60%;Art. 138;NAO_DETERMINADA;NÃO;IMPLEMENTADA_COM_RESSALVA;"NCM coberto por 2 itens do anexo (7, 20); o item da regra está entre eles; a escolha depende do produto";"fundamento planilha '23.02' não é artigo (sistema usa Art. 138; oficial Art. 138)";validação humana/decisão (divergência documentada na auditoria)
1361;23031000;200038;Redução de 60%;IX;7;23.03;23031000-200038-IX-7;data/base-normativa.json;60%;Art. 138;NAO_DETERMINADA;NÃO;IMPLEMENTADA_COM_RESSALVA;"NCM coberto por 2 itens do anexo (7, 20); o item da regra está entre eles; a escolha depende do produto";"fundamento planilha '23.03' não é artigo (sistema usa Art. 138; oficial Art. 138)";validação humana/decisão (divergência documentada na auditoria)
1362;23032000;200038;Redução de 60%;IX;7;23.03;23032000-200038-IX-7;data/base-normativa.json;60%;Art. 138;NAO_DETERMINADA;NÃO;IMPLEMENTADA_COM_RESSALVA;"NCM coberto por 3 itens do anexo (7, 20, 35); o item da regra está entre eles; a escolha depende do produto";"fundamento planilha '23.03' não é artigo (sistema usa Art. 138; oficial Art. 138)";validação humana/decisão (divergência documentada na auditoria)
1363;23033000;200038;Redução de 60%;IX;7;23.03;23033000-200038-IX-7;data/base-normativa.json;60%;Art. 138;NAO_DETERMINADA;NÃO;IMPLEMENTADA_COM_RESSALVA;"NCM coberto por 3 itens do anexo (7, 20, 35); o item da regra está entre eles; a escolha depende do produto";"fundamento planilha '23.03' não é artigo (sistema usa Art. 138; oficial Art. 138)";validação humana/decisão (divergência documentada na auditoria)
1364;23061000;200038;Redução de 60%;IX;7;23.06;23061000-200038-IX-7;data/base-normativa.json;60%;Art. 138;NAO_DETERMINADA;NÃO;IMPLEMENTADA_COM_RESSALVA;"NCM coberto por 2 itens do anexo (7, 20); o item da regra está entre eles; a escolha depende do produto";"fundamento planilha '23.06' não é artigo (sistema usa Art. 138; oficial Art. 138)";validação humana/decisão (divergência documentada na auditoria)
1365;23062000;200038;Redução de 60%;IX;7;23.06;23062000-200038-IX-7;data/base-normativa.json;60%;Art. 138;NAO_DETERMINADA;NÃO;IMPLEMENTADA_COM_RESSALVA;"NCM coberto por 2 itens do anexo (7, 20); o item da regra está entre eles; a escolha depende do produto";"fundamento planilha '23.06' não é artigo (sistema usa Art. 138; oficial Art. 138)";validação humana/decisão (divergência documentada na auditoria)
1366;23063000;200038;Redução de 60%;IX;7;23.06;23063000-200038-IX-7;data/base-normativa.json;60%;Art. 138;DIVERGENTE;NÃO;IMPLEMENTADA_COM_RESSALVA;NCM só na lei (ausente do SVRS para o código);"fundamento planilha '23.06' não é artigo (sistema usa Art. 138; oficial Art. 138)";validação humana/decisão (divergência documentada na auditoria)
1367;23064100;200038;Redução de 60%;IX;7;23.06;23064100-200038-IX-7;data/base-normativa.json;60%;Art. 138;NAO_DETERMINADA;NÃO;IMPLEMENTADA_COM_RESSALVA;"NCM coberto por 2 itens do anexo (7, 20); o item da regra está entre eles; a escolha depende do produto";"fundamento planilha '23.06' não é artigo (sistema usa Art. 138; oficial Art. 138)";validação humana/decisão (divergência documentada na auditoria)
1368;23064900;200038;Redução de 60%;IX;7;23.06;23064900-200038-IX-7;data/base-normativa.json;60%;Art. 138;NAO_DETERMINADA;NÃO;IMPLEMENTADA_COM_RESSALVA;"NCM coberto por 2 itens do anexo (7, 20); o item da regra está entre eles; a escolha depende do produto";"fundamento planilha '23.06' não é artigo (sistema usa Art. 138; oficial Art. 138)";validação humana/decisão (divergência documentada na auditoria)
1369;23065000;200038;Redução de 60%;IX;7;23.06;23065000-200038-IX-7;data/base-normativa.json;60%;Art. 138;NAO_DETERMINADA;NÃO;IMPLEMENTADA_COM_RESSALVA;"NCM coberto por 2 itens do anexo (7, 20); o item da regra está entre eles; a escolha depende do produto";"fundamento planilha '23.06' não é artigo (sistema usa Art. 138; oficial Art. 138)";validação humana/decisão (divergência documentada na auditoria)
1370;23066000;200038;Redução de 60%;IX;7;23.06;23066000-200038-IX-7;data/base-normativa.json;60%;Art. 138;NAO_DETERMINADA;NÃO;IMPLEMENTADA_COM_RESSALVA;"NCM coberto por 2 itens do anexo (7, 20); o item da regra está entre eles; a escolha depende do produto";"fundamento planilha '23.06' não é artigo (sistema usa Art. 138; oficial Art. 138)";validação humana/decisão (divergência documentada na auditoria)
1371;23069010;200038;Redução de 60%;IX;7;23.06;23069010-200038-IX-7;data/base-normativa.json;60%;Art. 138;NAO_DETERMINADA;NÃO;IMPLEMENTADA_COM_RESSALVA;"NCM coberto por 2 itens do anexo (7, 20); o item da regra está entre eles; a escolha depende do produto";"fundamento planilha '23.06' não é artigo (sistema usa Art. 138; oficial Art. 138)";validação humana/decisão (divergência documentada na auditoria)
1372;23069090;200038;Redução de 60%;IX;7;23.06;23069090-200038-IX-7;data/base-normativa.json;60%;Art. 138;NAO_DETERMINADA;NÃO;IMPLEMENTADA_COM_RESSALVA;"NCM coberto por 2 itens do anexo (7, 20); o item da regra está entre eles; a escolha depende do produto";"fundamento planilha '23.06' não é artigo (sistema usa Art. 138; oficial Art. 138)";validação humana/decisão (divergência documentada na auditoria)
1373;33011100;200038;Redução de 60%;IX;7;33.01;33011100-200038-IX-7;data/base-normativa.json;60%;Art. 138;DIVERGENTE;NÃO;IMPLEMENTADA_COM_RESSALVA;NCM só na lei (ausente do SVRS para o código);"fundamento planilha '33.01' não é artigo (sistema usa Art. 138; oficial Art. 138)";validação humana/decisão (divergência documentada na auditoria)
1374;33011210;200038;Redução de 60%;IX;7;33.01;33011210-200038-IX-7;data/base-normativa.json;60%;Art. 138;CONFIRMADA;NÃO;IMPLEMENTADA_CONFIRMADA;;"fundamento planilha '33.01' não é artigo (sistema usa Art. 138; oficial Art. 138)";nada
1375;33011290;200038;Redução de 60%;IX;7;33.01;33011290-200038-IX-7;data/base-normativa.json;60%;Art. 138;CONFIRMADA;NÃO;IMPLEMENTADA_CONFIRMADA;;"fundamento planilha '33.01' não é artigo (sistema usa Art. 138; oficial Art. 138)";nada
1376;33011300;200038;Redução de 60%;IX;7;33.01;33011300-200038-IX-7;data/base-normativa.json;60%;Art. 138;CONFIRMADA;NÃO;IMPLEMENTADA_CONFIRMADA;;"fundamento planilha '33.01' não é artigo (sistema usa Art. 138; oficial Art. 138)";nada
1377;33011900;200038;Redução de 60%;IX;7;33.01;33011900-200038-IX-7;data/base-normativa.json;60%;Art. 138;DIVERGENTE;NÃO;IMPLEMENTADA_COM_RESSALVA;NCM só na lei (ausente do SVRS para o código);"fundamento planilha '33.01' não é artigo (sistema usa Art. 138; oficial Art. 138)";validação humana/decisão (divergência documentada na auditoria)
1378;33012400;200038;Redução de 60%;IX;7;33.01;33012400-200038-IX-7;data/base-normativa.json;60%;Art. 138;CONFIRMADA;NÃO;IMPLEMENTADA_CONFIRMADA;;"fundamento planilha '33.01' não é artigo (sistema usa Art. 138; oficial Art. 138)";nada
1379;33012510;200038;Redução de 60%;IX;7;33.01;33012510-200038-IX-7;data/base-normativa.json;60%;Art. 138;CONFIRMADA;NÃO;IMPLEMENTADA_CONFIRMADA;;"fundamento planilha '33.01' não é artigo (sistema usa Art. 138; oficial Art. 138)";nada
1380;33012590;200038;Redução de 60%;IX;7;33.01;33012590-200038-IX-7;data/base-normativa.json;60%;Art. 138;CONFIRMADA;NÃO;IMPLEMENTADA_CONFIRMADA;;"fundamento planilha '33.01' não é artigo (sistema usa Art. 138; oficial Art. 138)";nada
1381;33012910;200038;Redução de 60%;IX;7;33.01;33012910-200038-IX-7;data/base-normativa.json;60%;Art. 138;DIVERGENTE;NÃO;IMPLEMENTADA_COM_RESSALVA;NCM só na lei (ausente do SVRS para o código);"fundamento planilha '33.01' não é artigo (sistema usa Art. 138; oficial Art. 138)";validação humana/decisão (divergência documentada na auditoria)
1382;33012990;200038;Redução de 60%;IX;7;33.01;33012990-200038-IX-7;data/base-normativa.json;60%;Art. 138;CONFIRMADA;NÃO;IMPLEMENTADA_CONFIRMADA;;"fundamento planilha '33.01' não é artigo (sistema usa Art. 138; oficial Art. 138)";nada
1383;44013100;200038;Redução de 60%;IX;7;44.01;44013100-200038-IX-7;data/base-normativa.json;60%;Art. 138;NAO_LOCALIZADA;NÃO;IMPLEMENTADA_COM_RESSALVA;NCM ausente do SVRS para o código e não coberto por item do anexo na lei;"fundamento planilha '44.01' não é artigo (sistema usa Art. 138; oficial Art. 138)";validação humana/decisão (divergência documentada na auditoria)
1384;44013900;200038;Redução de 60%;IX;7;44.01;44013900-200038-IX-7;data/base-normativa.json;60%;Art. 138;CONFIRMADA;NÃO;IMPLEMENTADA_CONFIRMADA;;"fundamento planilha '44.01' não é artigo (sistema usa Art. 138; oficial Art. 138)";nada
1385;44014100;200038;Redução de 60%;IX;7;44.01;44014100-200038-IX-7;data/base-normativa.json;60%;Art. 138;CONFIRMADA;NÃO;IMPLEMENTADA_CONFIRMADA;;"fundamento planilha '44.01' não é artigo (sistema usa Art. 138; oficial Art. 138)";nada
1386;44014900;200038;Redução de 60%;IX;7;44.01;44014900-200038-IX-7;data/base-normativa.json;60%;Art. 138;CONFIRMADA;NÃO;IMPLEMENTADA_CONFIRMADA;;"fundamento planilha '44.01' não é artigo (sistema usa Art. 138; oficial Art. 138)";nada
1387;07011000;200038;Redução de 60%;IX;10;Capítulos 7, 10 e 12;07011000-200038-IX-10;data/base-normativa.json;60%;Art. 138;CONFIRMADA;NÃO;IMPLEMENTADA_CONFIRMADA;;"fundamento planilha 'Capítulos 7, 10 e 12' não é artigo (sistema usa Art. 138; oficial Art. 138)";nada
1388;07129010;200038;Redução de 60%;IX;10;Capítulos 7, 10 e 12;07129010-200038-IX-10;data/base-normativa.json;60%;Art. 138;NAO_DETERMINADA;NÃO;IMPLEMENTADA_COM_RESSALVA;"NCM coberto por 2 itens do anexo (10, 21); o item da regra está entre eles; a escolha depende do produto";"fundamento planilha 'Capítulos 7, 10 e 12' não é artigo (sistema usa Art. 138; oficial Art. 138)";validação humana/decisão (divergência documentada na auditoria)
1389;10011100;200038;Redução de 60%;IX;10;Capítulos 7, 10 e 12;10011100-200038-IX-10;data/base-normativa.json;60%;Art. 138;NAO_DETERMINADA;NÃO;IMPLEMENTADA_COM_RESSALVA;"NCM coberto por 2 itens do anexo (10, 19); o item da regra está entre eles; a escolha depende do produto";"fundamento planilha 'Capítulos 7, 10 e 12' não é artigo (sistema usa Art. 138; oficial Art. 138)";validação humana/decisão (divergência documentada na auditoria)
1390;10019100;200038;Redução de 60%;IX;10;Capítulos 7, 10 e 12;10019100-200038-IX-10;data/base-normativa.json;60%;Art. 138;NAO_DETERMINADA;NÃO;IMPLEMENTADA_COM_RESSALVA;"NCM coberto por 2 itens do anexo (10, 19); o item da regra está entre eles; a escolha depende do produto";"fundamento planilha 'Capítulos 7, 10 e 12' não é artigo (sistema usa Art. 138; oficial Art. 138)";validação humana/decisão (divergência documentada na auditoria)
1391;10051000;200038;Redução de 60%;IX;10;Capítulos 7, 10 e 12;10051000-200038-IX-10;data/base-normativa.json;60%;Art. 138;NAO_DETERMINADA;NÃO;IMPLEMENTADA_COM_RESSALVA;"NCM coberto por 2 itens do anexo (10, 19); o item da regra está entre eles; a escolha depende do produto";"fundamento planilha 'Capítulos 7, 10 e 12' não é artigo (sistema usa Art. 138; oficial Art. 138)";validação humana/decisão (divergência documentada na auditoria)
1392;10061010;200038;Redução de 60%;IX;10;Capítulos 7, 10 e 12;10061010-200038-IX-10;data/base-normativa.json;60%;Art. 138;NAO_DETERMINADA;NÃO;IMPLEMENTADA_COM_RESSALVA;"NCM coberto por 2 itens do anexo (10, 19); o item da regra está entre eles; a escolha depende do produto";"fundamento planilha 'Capítulos 7, 10 e 12' não é artigo (sistema usa Art. 138; oficial Art. 138)";validação humana/decisão (divergência documentada na auditoria)
1393;10071000;200038;Redução de 60%;IX;10;Capítulos 7, 10 e 12;10071000-200038-IX-10;data/base-normativa.json;60%;Art. 138;NAO_DETERMINADA;NÃO;IMPLEMENTADA_COM_RESSALVA;"NCM coberto por 2 itens do anexo (10, 19); o item da regra está entre eles; a escolha depende do produto";"fundamento planilha 'Capítulos 7, 10 e 12' não é artigo (sistema usa Art. 138; oficial Art. 138)";validação humana/decisão (divergência documentada na auditoria)
1394;10082100;200038;Redução de 60%;IX;10;Capítulos 7, 10 e 12;10082100-200038-IX-10;data/base-normativa.json;60%;Art. 138;DIVERGENTE;NÃO;IMPLEMENTADA_COM_RESSALVA;NCM só na lei (ausente do SVRS para o código);"fundamento planilha 'Capítulos 7, 10 e 12' não é artigo (sistema usa Art. 138; oficial Art. 138)";validação humana/decisão (divergência documentada na auditoria)
1395;10082910;200038;Redução de 60%;IX;10;Capítulos 7, 10 e 12;10082910-200038-IX-10;data/base-normativa.json;60%;Art. 138;NAO_DETERMINADA;NÃO;IMPLEMENTADA_COM_RESSALVA;"NCM coberto por 2 itens do anexo (10, 19); o item da regra está entre eles; a escolha depende do produto";"fundamento planilha 'Capítulos 7, 10 e 12' não é artigo (sistema usa Art. 138; oficial Art. 138)";validação humana/decisão (divergência documentada na auditoria)
1396;12011000;200038;Redução de 60%;IX;10;Capítulos 7, 10 e 12;12011000-200038-IX-10;data/base-normativa.json;60%;Art. 138;NAO_DETERMINADA;NÃO;IMPLEMENTADA_COM_RESSALVA;"NCM coberto por 3 itens do anexo (7, 10, 19); o item da regra está entre eles; a escolha depende do produto";"fundamento planilha 'Capítulos 7, 10 e 12' não é artigo (sistema usa Art. 138; oficial Art. 138)";validação humana/decisão (divergência documentada na auditoria)
1397;12023000;200038;Redução de 60%;IX;10;Capítulos 7, 10 e 12;12023000-200038-IX-10;data/base-normativa.json;60%;Art. 138;NAO_DETERMINADA;NÃO;IMPLEMENTADA_COM_RESSALVA;"NCM coberto por 2 itens do anexo (10, 19); o item da regra está entre eles; a escolha depende do produto";"fundamento planilha 'Capítulos 7, 10 e 12' não é artigo (sistema usa Art. 138; oficial Art. 138)";validação humana/decisão (divergência documentada na auditoria)
1398;12040010;200038;Redução de 60%;IX;10;Capítulos 7, 10 e 12;12040010-200038-IX-10;data/base-normativa.json;60%;Art. 138;NAO_DETERMINADA;NÃO;IMPLEMENTADA_COM_RESSALVA;"NCM coberto por 2 itens do anexo (10, 19); o item da regra está entre eles; a escolha depende do produto";"fundamento planilha 'Capítulos 7, 10 e 12' não é artigo (sistema usa Art. 138; oficial Art. 138)";validação humana/decisão (divergência documentada na auditoria)
1399;12051010;200038;Redução de 60%;IX;10;Capítulos 7, 10 e 12;12051010-200038-IX-10;data/base-normativa.json;60%;Art. 138;NAO_DETERMINADA;NÃO;IMPLEMENTADA_COM_RESSALVA;"NCM coberto por 2 itens do anexo (10, 19); o item da regra está entre eles; a escolha depende do produto";"fundamento planilha 'Capítulos 7, 10 e 12' não é artigo (sistema usa Art. 138; oficial Art. 138)";validação humana/decisão (divergência documentada na auditoria)
1400;12060010;200038;Redução de 60%;IX;10;Capítulos 7, 10 e 12;12060010-200038-IX-10;data/base-normativa.json;60%;Art. 138;NAO_DETERMINADA;NÃO;IMPLEMENTADA_COM_RESSALVA;"NCM coberto por 2 itens do anexo (10, 19); o item da regra está entre eles; a escolha depende do produto";"fundamento planilha 'Capítulos 7, 10 e 12' não é artigo (sistema usa Art. 138; oficial Art. 138)";validação humana/decisão (divergência documentada na auditoria)
1401;12072100;200038;Redução de 60%;IX;10;Capítulos 7, 10 e 12;12072100-200038-IX-10;data/base-normativa.json;60%;Art. 138;NAO_DETERMINADA;NÃO;IMPLEMENTADA_COM_RESSALVA;"NCM coberto por 2 itens do anexo (10, 19); o item da regra está entre eles; a escolha depende do produto";"fundamento planilha 'Capítulos 7, 10 e 12' não é artigo (sistema usa Art. 138; oficial Art. 138)";validação humana/decisão (divergência documentada na auditoria)
1402;12075010;200038;Redução de 60%;IX;10;Capítulos 7, 10 e 12;12075010-200038-IX-10;data/base-normativa.json;60%;Art. 138;NAO_DETERMINADA;NÃO;IMPLEMENTADA_COM_RESSALVA;"NCM coberto por 2 itens do anexo (10, 19); o item da regra está entre eles; a escolha depende do produto";"fundamento planilha 'Capítulos 7, 10 e 12' não é artigo (sistema usa Art. 138; oficial Art. 138)";validação humana/decisão (divergência documentada na auditoria)
1403;12091000;200038;Redução de 60%;IX;10;Capítulos 7, 10 e 12;12091000-200038-IX-10;data/base-normativa.json;60%;Art. 138;NAO_DETERMINADA;NÃO;IMPLEMENTADA_COM_RESSALVA;"NCM coberto por 2 itens do anexo (10, 19); o item da regra está entre eles; a escolha depende do produto";"fundamento planilha 'Capítulos 7, 10 e 12' não é artigo (sistema usa Art. 138; oficial Art. 138)";validação humana/decisão (divergência documentada na auditoria)
1404;12092100;200038;Redução de 60%;IX;10;Capítulos 7, 10 e 12;12092100-200038-IX-10;data/base-normativa.json;60%;Art. 138;NAO_DETERMINADA;NÃO;IMPLEMENTADA_COM_RESSALVA;"NCM coberto por 2 itens do anexo (10, 19); o item da regra está entre eles; a escolha depende do produto";"fundamento planilha 'Capítulos 7, 10 e 12' não é artigo (sistema usa Art. 138; oficial Art. 138)";validação humana/decisão (divergência documentada na auditoria)
1405;12092200;200038;Redução de 60%;IX;10;Capítulos 7, 10 e 12;12092200-200038-IX-10;data/base-normativa.json;60%;Art. 138;NAO_DETERMINADA;NÃO;IMPLEMENTADA_COM_RESSALVA;"NCM coberto por 2 itens do anexo (10, 19); o item da regra está entre eles; a escolha depende do produto";"fundamento planilha 'Capítulos 7, 10 e 12' não é artigo (sistema usa Art. 138; oficial Art. 138)";validação humana/decisão (divergência documentada na auditoria)
1406;12092300;200038;Redução de 60%;IX;10;Capítulos 7, 10 e 12;12092300-200038-IX-10;data/base-normativa.json;60%;Art. 138;NAO_DETERMINADA;NÃO;IMPLEMENTADA_COM_RESSALVA;"NCM coberto por 2 itens do anexo (10, 19); o item da regra está entre eles; a escolha depende do produto";"fundamento planilha 'Capítulos 7, 10 e 12' não é artigo (sistema usa Art. 138; oficial Art. 138)";validação humana/decisão (divergência documentada na auditoria)
1407;12092400;200038;Redução de 60%;IX;10;Capítulos 7, 10 e 12;12092400-200038-IX-10;data/base-normativa.json;60%;Art. 138;NAO_DETERMINADA;NÃO;IMPLEMENTADA_COM_RESSALVA;"NCM coberto por 2 itens do anexo (10, 19); o item da regra está entre eles; a escolha depende do produto";"fundamento planilha 'Capítulos 7, 10 e 12' não é artigo (sistema usa Art. 138; oficial Art. 138)";validação humana/decisão (divergência documentada na auditoria)
1408;12092500;200038;Redução de 60%;IX;10;Capítulos 7, 10 e 12;12092500-200038-IX-10;data/base-normativa.json;60%;Art. 138;NAO_DETERMINADA;NÃO;IMPLEMENTADA_COM_RESSALVA;"NCM coberto por 2 itens do anexo (10, 19); o item da regra está entre eles; a escolha depende do produto";"fundamento planilha 'Capítulos 7, 10 e 12' não é artigo (sistema usa Art. 138; oficial Art. 138)";validação humana/decisão (divergência documentada na auditoria)
1409;12092900;200038;Redução de 60%;IX;10;Capítulos 7, 10 e 12;12092900-200038-IX-10;data/base-normativa.json;60%;Art. 138;NAO_DETERMINADA;NÃO;IMPLEMENTADA_COM_RESSALVA;"NCM coberto por 2 itens do anexo (10, 19); o item da regra está entre eles; a escolha depende do produto";"fundamento planilha 'Capítulos 7, 10 e 12' não é artigo (sistema usa Art. 138; oficial Art. 138)";validação humana/decisão (divergência documentada na auditoria)
1410;12093000;200038;Redução de 60%;IX;10;Capítulos 7, 10 e 12;12093000-200038-IX-10;data/base-normativa.json;60%;Art. 138;NAO_DETERMINADA;NÃO;IMPLEMENTADA_COM_RESSALVA;"NCM coberto por 2 itens do anexo (10, 19); o item da regra está entre eles; a escolha depende do produto";"fundamento planilha 'Capítulos 7, 10 e 12' não é artigo (sistema usa Art. 138; oficial Art. 138)";validação humana/decisão (divergência documentada na auditoria)
1411;12099100;200038;Redução de 60%;IX;10;Capítulos 7, 10 e 12;12099100-200038-IX-10;data/base-normativa.json;60%;Art. 138;NAO_DETERMINADA;NÃO;IMPLEMENTADA_COM_RESSALVA;"NCM coberto por 2 itens do anexo (10, 19); o item da regra está entre eles; a escolha depende do produto";"fundamento planilha 'Capítulos 7, 10 e 12' não é artigo (sistema usa Art. 138; oficial Art. 138)";validação humana/decisão (divergência documentada na auditoria)
1412;12099900;200038;Redução de 60%;IX;10;Capítulos 7, 10 e 12;12099900-200038-IX-10;data/base-normativa.json;60%;Art. 138;NAO_DETERMINADA;NÃO;IMPLEMENTADA_COM_RESSALVA;"NCM coberto por 2 itens do anexo (10, 19); o item da regra está entre eles; a escolha depende do produto";"fundamento planilha 'Capítulos 7, 10 e 12' não é artigo (sistema usa Art. 138; oficial Art. 138)";validação humana/decisão (divergência documentada na auditoria)
1413;06011000;200038;Redução de 60%;IX;11;06.01;06011000-200038-IX-11;data/base-normativa.json;60%;Art. 138;CONFIRMADA;NÃO;IMPLEMENTADA_CONFIRMADA;;"fundamento planilha '06.01' não é artigo (sistema usa Art. 138; oficial Art. 138)";nada
1414;06012000;200038;Redução de 60%;IX;11;06.01;06012000-200038-IX-11;data/base-normativa.json;60%;Art. 138;CONFIRMADA;NÃO;IMPLEMENTADA_CONFIRMADA;;"fundamento planilha '06.01' não é artigo (sistema usa Art. 138; oficial Art. 138)";nada
1415;06021000;200038;Redução de 60%;IX;11;06.02;06021000-200038-IX-11;data/base-normativa.json;60%;Art. 138;CONFIRMADA;NÃO;IMPLEMENTADA_CONFIRMADA;;"fundamento planilha '06.02' não é artigo (sistema usa Art. 138; oficial Art. 138)";nada
1416;06022000;200038;Redução de 60%;IX;11;06.02;06022000-200038-IX-11;data/base-normativa.json;60%;Art. 138;CONFIRMADA;NÃO;IMPLEMENTADA_CONFIRMADA;;"fundamento planilha '06.02' não é artigo (sistema usa Art. 138; oficial Art. 138)";nada
1417;06023000;200038;Redução de 60%;IX;11;06.02;06023000-200038-IX-11;data/base-normativa.json;60%;Art. 138;CONFIRMADA;NÃO;IMPLEMENTADA_CONFIRMADA;;"fundamento planilha '06.02' não é artigo (sistema usa Art. 138; oficial Art. 138)";nada
1418;06024000;200038;Redução de 60%;IX;11;06.02;06024000-200038-IX-11;data/base-normativa.json;60%;Art. 138;CONFIRMADA;NÃO;IMPLEMENTADA_CONFIRMADA;;"fundamento planilha '06.02' não é artigo (sistema usa Art. 138; oficial Art. 138)";nada
1419;06029010;200038;Redução de 60%;IX;11;06.02;06029010-200038-IX-11;data/base-normativa.json;60%;Art. 138;CONFIRMADA;NÃO;IMPLEMENTADA_CONFIRMADA;;"fundamento planilha '06.02' não é artigo (sistema usa Art. 138; oficial Art. 138)";nada
1420;06029021;200038;Redução de 60%;IX;11;06.02;06029021-200038-IX-11;data/base-normativa.json;60%;Art. 138;CONFIRMADA;NÃO;IMPLEMENTADA_CONFIRMADA;;"fundamento planilha '06.02' não é artigo (sistema usa Art. 138; oficial Art. 138)";nada
1421;06029029;200038;Redução de 60%;IX;11;06.02;06029029-200038-IX-11;data/base-normativa.json;60%;Art. 138;CONFIRMADA;NÃO;IMPLEMENTADA_CONFIRMADA;;"fundamento planilha '06.02' não é artigo (sistema usa Art. 138; oficial Art. 138)";nada
1422;06029090;200038;Redução de 60%;IX;;;06029090-200038-IX-?;data/base-normativa.json;60%;Art. 138;DIVERGENTE;NÃO;IMPLEMENTADA_COM_RESSALVA;item da regra () diferente dos itens da lei que cobrem o NCM (11);;validação humana/decisão (divergência documentada na auditoria)
1423;01022110;200038;Redução de 60%;IX;15;01.02;01022110-200038-IX-15;data/base-normativa.json;60%;Art. 138;CONFIRMADA;NÃO;IMPLEMENTADA_CONFIRMADA;;"fundamento planilha '01.02' não é artigo (sistema usa Art. 138; oficial Art. 138)";nada
1424;01022190;200038;Redução de 60%;IX;15;01.02;01022190-200038-IX-15;data/base-normativa.json;60%;Art. 138;CONFIRMADA;NÃO;IMPLEMENTADA_CONFIRMADA;;"fundamento planilha '01.02' não é artigo (sistema usa Art. 138; oficial Art. 138)";nada
1425;01022900;200038;Redução de 60%;IX;15;01.02;01022900-200038-IX-15;data/base-normativa.json;60%;Art. 138;DIVERGENTE;NÃO;IMPLEMENTADA_COM_RESSALVA;NCM só na lei (ausente do SVRS para o código);"fundamento planilha '01.02' não é artigo (sistema usa Art. 138; oficial Art. 138)";validação humana/decisão (divergência documentada na auditoria)
1426;01031010;200038;Redução de 60%;IX;15;01.03;01031010-200038-IX-15;data/base-normativa.json;60%;Art. 138;DIVERGENTE;NÃO;IMPLEMENTADA_COM_RESSALVA;NCM só na lei (ausente do SVRS para o código);"fundamento planilha '01.03' não é artigo (sistema usa Art. 138; oficial Art. 138)";validação humana/decisão (divergência documentada na auditoria)
1427;01031090;200038;Redução de 60%;IX;15;01.03;01031090-200038-IX-15;data/base-normativa.json;60%;Art. 138;DIVERGENTE;NÃO;IMPLEMENTADA_COM_RESSALVA;NCM só na lei (ausente do SVRS para o código);"fundamento planilha '01.03' não é artigo (sistema usa Art. 138; oficial Art. 138)";validação humana/decisão (divergência documentada na auditoria)
1428;01039100;200038;Redução de 60%;IX;15;01.03;01039100-200038-IX-15;data/base-normativa.json;60%;Art. 138;CONFIRMADA;NÃO;IMPLEMENTADA_CONFIRMADA;;"fundamento planilha '01.03' não é artigo (sistema usa Art. 138; oficial Art. 138)";nada
1429;01039200;200038;Redução de 60%;IX;15;01.03;01039200-200038-IX-15;data/base-normativa.json;60%;Art. 138;CONFIRMADA;NÃO;IMPLEMENTADA_CONFIRMADA;;"fundamento planilha '01.03' não é artigo (sistema usa Art. 138; oficial Art. 138)";nada
1430;01041011;200038;Redução de 60%;IX;15;01.04;01041011-200038-IX-15;data/base-normativa.json;60%;Art. 138;CONFIRMADA;NÃO;IMPLEMENTADA_CONFIRMADA;;"fundamento planilha '01.04' não é artigo (sistema usa Art. 138; oficial Art. 138)";nada
1431;01041019;200038;Redução de 60%;IX;15;01.04;01041019-200038-IX-15;data/base-normativa.json;60%;Art. 138;CONFIRMADA;NÃO;IMPLEMENTADA_CONFIRMADA;;"fundamento planilha '01.04' não é artigo (sistema usa Art. 138; oficial Art. 138)";nada
1432;01042010;200038;Redução de 60%;IX;15;01.04;01042010-200038-IX-15;data/base-normativa.json;60%;Art. 138;CONFIRMADA;NÃO;IMPLEMENTADA_CONFIRMADA;;"fundamento planilha '01.04' não é artigo (sistema usa Art. 138; oficial Art. 138)";nada
1433;01042090;200038;Redução de 60%;IX;15;01.04;01042090-200038-IX-15;data/base-normativa.json;60%;Art. 138;CONFIRMADA;NÃO;IMPLEMENTADA_CONFIRMADA;;"fundamento planilha '01.04' não é artigo (sistema usa Art. 138; oficial Art. 138)";nada
1434;10011010;200038;Redução de 60%;IX;19;Capítulos 10, 11 e 12;10011010-200038-IX-19;data/base-normativa.json;60%;Art. 138;DIVERGENTE;NÃO;IMPLEMENTADA_COM_RESSALVA;NCM só na lei (ausente do SVRS para o código);"fundamento planilha 'Capítulos 10, 11 e 12' não é artigo (sistema usa Art. 138; oficial Art. 138)";validação humana/decisão (divergência documentada na auditoria)
1435;10011090;200038;Redução de 60%;IX;19;Capítulos 10, 11 e 12;10011090-200038-IX-19;data/base-normativa.json;60%;Art. 138;DIVERGENTE;NÃO;IMPLEMENTADA_COM_RESSALVA;NCM só na lei (ausente do SVRS para o código);"fundamento planilha 'Capítulos 10, 11 e 12' não é artigo (sistema usa Art. 138; oficial Art. 138)";validação humana/decisão (divergência documentada na auditoria)
1436;10011900;200038;Redução de 60%;IX;19;Capítulos 10, 11 e 12;10011900-200038-IX-19;data/base-normativa.json;60%;Art. 138;NAO_DETERMINADA;NÃO;IMPLEMENTADA_COM_RESSALVA;"NCM coberto por 2 itens do anexo (10, 19); o item da regra está entre eles; a escolha depende do produto";"fundamento planilha 'Capítulos 10, 11 e 12' não é artigo (sistema usa Art. 138; oficial Art. 138)";validação humana/decisão (divergência documentada na auditoria)
1437;10019100;200038;Redução de 60%;IX;19;Capítulos 10, 11 e 12;10019100-200038-IX-19;data/base-normativa.json;60%;Art. 138;NAO_DETERMINADA;NÃO;IMPLEMENTADA_COM_RESSALVA;"NCM coberto por 2 itens do anexo (10, 19); o item da regra está entre eles; a escolha depende do produto";"fundamento planilha 'Capítulos 10, 11 e 12' não é artigo (sistema usa Art. 138; oficial Art. 138)";validação humana/decisão (divergência documentada na auditoria)
1438;10019900;200038;Redução de 60%;IX;19;Capítulos 10, 11 e 12;10019900-200038-IX-19;data/base-normativa.json;60%;Art. 138;NAO_DETERMINADA;NÃO;IMPLEMENTADA_COM_RESSALVA;"NCM coberto por 2 itens do anexo (10, 19); o item da regra está entre eles; a escolha depende do produto";"fundamento planilha 'Capítulos 10, 11 e 12' não é artigo (sistema usa Art. 138; oficial Art. 138)";validação humana/decisão (divergência documentada na auditoria)
1439;10021000;200038;Redução de 60%;IX;19;Capítulos 10, 11 e 12;10021000-200038-IX-19;data/base-normativa.json;60%;Art. 138;NAO_DETERMINADA;NÃO;IMPLEMENTADA_COM_RESSALVA;"NCM coberto por 2 itens do anexo (10, 19); o item da regra está entre eles; a escolha depende do produto";"fundamento planilha 'Capítulos 10, 11 e 12' não é artigo (sistema usa Art. 138; oficial Art. 138)";validação humana/decisão (divergência documentada na auditoria)
1440;10029000;200038;Redução de 60%;IX;19;Capítulos 10, 11 e 12;10029000-200038-IX-19;data/base-normativa.json;60%;Art. 138;NAO_DETERMINADA;NÃO;IMPLEMENTADA_COM_RESSALVA;"NCM coberto por 2 itens do anexo (10, 19); o item da regra está entre eles; a escolha depende do produto";"fundamento planilha 'Capítulos 10, 11 e 12' não é artigo (sistema usa Art. 138; oficial Art. 138)";validação humana/decisão (divergência documentada na auditoria)
1441;10031000;200038;Redução de 60%;IX;19;Capítulos 10, 11 e 12;10031000-200038-IX-19;data/base-normativa.json;60%;Art. 138;NAO_DETERMINADA;NÃO;IMPLEMENTADA_COM_RESSALVA;"NCM coberto por 2 itens do anexo (10, 19); o item da regra está entre eles; a escolha depende do produto";"fundamento planilha 'Capítulos 10, 11 e 12' não é artigo (sistema usa Art. 138; oficial Art. 138)";validação humana/decisão (divergência documentada na auditoria)
1442;10039000;200038;Redução de 60%;IX;19;Capítulos 10, 11 e 12;10039000-200038-IX-19;data/base-normativa.json;60%;Art. 138;DIVERGENTE;NÃO;IMPLEMENTADA_COM_RESSALVA;NCM só na lei (ausente do SVRS para o código);"fundamento planilha 'Capítulos 10, 11 e 12' não é artigo (sistema usa Art. 138; oficial Art. 138)";validação humana/decisão (divergência documentada na auditoria)
1443;10041000;200038;Redução de 60%;IX;19;Capítulos 10, 11 e 12;10041000-200038-IX-19;data/base-normativa.json;60%;Art. 138;NAO_DETERMINADA;NÃO;IMPLEMENTADA_COM_RESSALVA;"NCM coberto por 2 itens do anexo (10, 19); o item da regra está entre eles; a escolha depende do produto";"fundamento planilha 'Capítulos 10, 11 e 12' não é artigo (sistema usa Art. 138; oficial Art. 138)";validação humana/decisão (divergência documentada na auditoria)
1444;10049000;200038;Redução de 60%;IX;19;Capítulos 10, 11 e 12;10049000-200038-IX-19;data/base-normativa.json;60%;Art. 138;NAO_DETERMINADA;NÃO;IMPLEMENTADA_COM_RESSALVA;"NCM coberto por 2 itens do anexo (10, 19); o item da regra está entre eles; a escolha depende do produto";"fundamento planilha 'Capítulos 10, 11 e 12' não é artigo (sistema usa Art. 138; oficial Art. 138)";validação humana/decisão (divergência documentada na auditoria)
1445;10051000;200038;Redução de 60%;IX;19;Capítulos 10, 11 e 12;10051000-200038-IX-19;data/base-normativa.json;60%;Art. 138;NAO_DETERMINADA;NÃO;IMPLEMENTADA_COM_RESSALVA;"NCM coberto por 2 itens do anexo (10, 19); o item da regra está entre eles; a escolha depende do produto";"fundamento planilha 'Capítulos 10, 11 e 12' não é artigo (sistema usa Art. 138; oficial Art. 138)";validação humana/decisão (divergência documentada na auditoria)
1446;10059010;200038;Redução de 60%;IX;19;Capítulos 10, 11 e 12;10059010-200038-IX-19;data/base-normativa.json;60%;Art. 138;NAO_DETERMINADA;NÃO;IMPLEMENTADA_COM_RESSALVA;"NCM coberto por 2 itens do anexo (10, 19); o item da regra está entre eles; a escolha depende do produto";"fundamento planilha 'Capítulos 10, 11 e 12' não é artigo (sistema usa Art. 138; oficial Art. 138)";validação humana/decisão (divergência documentada na auditoria)
1447;10059090;200038;Redução de 60%;IX;19;Capítulos 10, 11 e 12;10059090-200038-IX-19;data/base-normativa.json;60%;Art. 138;NAO_DETERMINADA;NÃO;IMPLEMENTADA_COM_RESSALVA;"NCM coberto por 2 itens do anexo (10, 19); o item da regra está entre eles; a escolha depende do produto";"fundamento planilha 'Capítulos 10, 11 e 12' não é artigo (sistema usa Art. 138; oficial Art. 138)";validação humana/decisão (divergência documentada na auditoria)
1448;10061010;200038;Redução de 60%;IX;19;Capítulos 10, 11 e 12;10061010-200038-IX-19;data/base-normativa.json;60%;Art. 138;NAO_DETERMINADA;NÃO;IMPLEMENTADA_COM_RESSALVA;"NCM coberto por 2 itens do anexo (10, 19); o item da regra está entre eles; a escolha depende do produto";"fundamento planilha 'Capítulos 10, 11 e 12' não é artigo (sistema usa Art. 138; oficial Art. 138)";validação humana/decisão (divergência documentada na auditoria)
1449;10061092;200038;Redução de 60%;IX;19;Capítulos 10, 11 e 12;10061092-200038-IX-19;data/base-normativa.json;60%;Art. 138;NAO_DETERMINADA;NÃO;IMPLEMENTADA_COM_RESSALVA;"NCM coberto por 2 itens do anexo (10, 19); o item da regra está entre eles; a escolha depende do produto";"fundamento planilha 'Capítulos 10, 11 e 12' não é artigo (sistema usa Art. 138; oficial Art. 138)";validação humana/decisão (divergência documentada na auditoria)
1450;10062010;200038;Redução de 60%;IX;19;Capítulos 10, 11 e 12;10062010-200038-IX-19;data/base-normativa.json;60%;Art. 138;NAO_DETERMINADA;NÃO;IMPLEMENTADA_COM_RESSALVA;"NCM coberto por 2 itens do anexo (10, 19); o item da regra está entre eles; a escolha depende do produto";"fundamento planilha 'Capítulos 10, 11 e 12' não é artigo (sistema usa Art. 138; oficial Art. 138)";validação humana/decisão (divergência documentada na auditoria)
1451;10062020;200038;Redução de 60%;IX;19;Capítulos 10, 11 e 12;10062020-200038-IX-19;data/base-normativa.json;60%;Art. 138;NAO_DETERMINADA;NÃO;IMPLEMENTADA_COM_RESSALVA;"NCM coberto por 2 itens do anexo (10, 19); o item da regra está entre eles; a escolha depende do produto";"fundamento planilha 'Capítulos 10, 11 e 12' não é artigo (sistema usa Art. 138; oficial Art. 138)";validação humana/decisão (divergência documentada na auditoria)
1452;10071000;200038;Redução de 60%;IX;19;Capítulos 10, 11 e 12;10071000-200038-IX-19;data/base-normativa.json;60%;Art. 138;NAO_DETERMINADA;NÃO;IMPLEMENTADA_COM_RESSALVA;"NCM coberto por 2 itens do anexo (10, 19); o item da regra está entre eles; a escolha depende do produto";"fundamento planilha 'Capítulos 10, 11 e 12' não é artigo (sistema usa Art. 138; oficial Art. 138)";validação humana/decisão (divergência documentada na auditoria)
1453;10079000;200038;Redução de 60%;IX;19;Capítulos 10, 11 e 12;10079000-200038-IX-19;data/base-normativa.json;60%;Art. 138;NAO_DETERMINADA;NÃO;IMPLEMENTADA_COM_RESSALVA;"NCM coberto por 2 itens do anexo (10, 19); o item da regra está entre eles; a escolha depende do produto";"fundamento planilha 'Capítulos 10, 11 e 12' não é artigo (sistema usa Art. 138; oficial Art. 138)";validação humana/decisão (divergência documentada na auditoria)
1454;11010010;200038;Redução de 60%;IX;19;Capítulos 10, 11 e 12;11010010-200038-IX-19;data/base-normativa.json;60%;Art. 138;CONFIRMADA;NÃO;IMPLEMENTADA_CONFIRMADA;;"fundamento planilha 'Capítulos 10, 11 e 12' não é artigo (sistema usa Art. 138; oficial Art. 138)";nada
1455;11022000;200038;Redução de 60%;IX;19;Capítulos 10, 11 e 12;11022000-200038-IX-19;data/base-normativa.json;60%;Art. 138;CONFIRMADA;NÃO;IMPLEMENTADA_CONFIRMADA;;"fundamento planilha 'Capítulos 10, 11 e 12' não é artigo (sistema usa Art. 138; oficial Art. 138)";nada
1456;11031300;200038;Redução de 60%;IX;19;Capítulos 10, 11 e 12;11031300-200038-IX-19;data/base-normativa.json;60%;Art. 138;CONFIRMADA;NÃO;IMPLEMENTADA_CONFIRMADA;;"fundamento planilha 'Capítulos 10, 11 e 12' não é artigo (sistema usa Art. 138; oficial Art. 138)";nada
1457;12011000;200038;Redução de 60%;IX;19;Capítulos 10, 11 e 12;12011000-200038-IX-19;data/base-normativa.json;60%;Art. 138;NAO_DETERMINADA;NÃO;IMPLEMENTADA_COM_RESSALVA;"NCM coberto por 3 itens do anexo (7, 10, 19); o item da regra está entre eles; a escolha depende do produto";"fundamento planilha 'Capítulos 10, 11 e 12' não é artigo (sistema usa Art. 138; oficial Art. 138)";validação humana/decisão (divergência documentada na auditoria)
1458;12019000;200038;Redução de 60%;IX;19;Capítulos 10, 11 e 12;12019000-200038-IX-19;data/base-normativa.json;60%;Art. 138;NAO_DETERMINADA;NÃO;IMPLEMENTADA_COM_RESSALVA;"NCM coberto por 2 itens do anexo (10, 19); o item da regra está entre eles; a escolha depende do produto";"fundamento planilha 'Capítulos 10, 11 e 12' não é artigo (sistema usa Art. 138; oficial Art. 138)";validação humana/decisão (divergência documentada na auditoria)
1459;12040010;200038;Redução de 60%;IX;19;Capítulos 10, 11 e 12;12040010-200038-IX-19;data/base-normativa.json;60%;Art. 138;NAO_DETERMINADA;NÃO;IMPLEMENTADA_COM_RESSALVA;"NCM coberto por 2 itens do anexo (10, 19); o item da regra está entre eles; a escolha depende do produto";"fundamento planilha 'Capítulos 10, 11 e 12' não é artigo (sistema usa Art. 138; oficial Art. 138)";validação humana/decisão (divergência documentada na auditoria)
1460;12060010;200038;Redução de 60%;IX;19;Capítulos 10, 11 e 12;12060010-200038-IX-19;data/base-normativa.json;60%;Art. 138;NAO_DETERMINADA;NÃO;IMPLEMENTADA_COM_RESSALVA;"NCM coberto por 2 itens do anexo (10, 19); o item da regra está entre eles; a escolha depende do produto";"fundamento planilha 'Capítulos 10, 11 e 12' não é artigo (sistema usa Art. 138; oficial Art. 138)";validação humana/decisão (divergência documentada na auditoria)
1461;12060090;200038;Redução de 60%;IX;19;Capítulos 10, 11 e 12;12060090-200038-IX-19;data/base-normativa.json;60%;Art. 138;NAO_DETERMINADA;NÃO;IMPLEMENTADA_COM_RESSALVA;"NCM coberto por 2 itens do anexo (10, 19); o item da regra está entre eles; a escolha depende do produto";"fundamento planilha 'Capítulos 10, 11 e 12' não é artigo (sistema usa Art. 138; oficial Art. 138)";validação humana/decisão (divergência documentada na auditoria)
1462;02101100;200038;Redução de 60%;IX;21;02.10;02101100-200038-IX-21;data/base-normativa.json;60%;Art. 138;CONFIRMADA;NÃO;IMPLEMENTADA_CONFIRMADA;;"fundamento planilha '02.10' não é artigo (sistema usa Art. 138; oficial Art. 138)";nada
1463;02101200;200038;Redução de 60%;IX;21;02.10;02101200-200038-IX-21;data/base-normativa.json;60%;Art. 138;CONFIRMADA;NÃO;IMPLEMENTADA_CONFIRMADA;;"fundamento planilha '02.10' não é artigo (sistema usa Art. 138; oficial Art. 138)";nada
1464;02101900;200038;Redução de 60%;IX;21;02.10;02101900-200038-IX-21;data/base-normativa.json;60%;Art. 138;CONFIRMADA;NÃO;IMPLEMENTADA_CONFIRMADA;;"fundamento planilha '02.10' não é artigo (sistema usa Art. 138; oficial Art. 138)";nada
1465;03091000;200038;Redução de 60%;IX;21;03.09;03091000-200038-IX-21;data/base-normativa.json;60%;Art. 138;CONFIRMADA;NÃO;IMPLEMENTADA_CONFIRMADA;;"fundamento planilha '03.09' não é artigo (sistema usa Art. 138; oficial Art. 138)";nada
1466;03099000;200038;Redução de 60%;IX;21;03.09;03099000-200038-IX-21;data/base-normativa.json;60%;Art. 138;CONFIRMADA;NÃO;IMPLEMENTADA_CONFIRMADA;;"fundamento planilha '03.09' não é artigo (sistema usa Art. 138; oficial Art. 138)";nada
1467;07129010;200038;Redução de 60%;IX;21;0712.90.10;07129010-200038-IX-21;data/base-normativa.json;60%;Art. 138;NAO_DETERMINADA;NÃO;IMPLEMENTADA_COM_RESSALVA;"NCM coberto por 2 itens do anexo (10, 21); o item da regra está entre eles; a escolha depende do produto";"fundamento planilha '0712.90.10' não é artigo (sistema usa Art. 138; oficial Art. 138)";validação humana/decisão (divergência documentada na auditoria)
1468;15011000;200038;Redução de 60%;IX;21;Capítulo 15;15011000-200038-IX-21;data/base-normativa.json;60%;Art. 138;CONFIRMADA;NÃO;IMPLEMENTADA_CONFIRMADA;;"fundamento planilha 'Capítulo 15' não é artigo (sistema usa Art. 138; oficial Art. 138)";nada
1469;15012000;200038;Redução de 60%;IX;21;Capítulo 15;15012000-200038-IX-21;data/base-normativa.json;60%;Art. 138;CONFIRMADA;NÃO;IMPLEMENTADA_CONFIRMADA;;"fundamento planilha 'Capítulo 15' não é artigo (sistema usa Art. 138; oficial Art. 138)";nada
1470;90251110;200004;Alíquota Zero;XII;12;90.25;90251110-200004-XII-12;data/base-normativa.json;100%;Art. 144;DIVERGENTE;NÃO;IMPLEMENTADA_COM_RESSALVA;NCM só na lei (ausente do SVRS para o código);"fundamento planilha '90.25' não é artigo (sistema usa Art. 144; oficial Art. 144)";validação humana/decisão (divergência documentada na auditoria)
1471;90251190;200004;Alíquota Zero;XII;12;90.25;90251190-200004-XII-12;data/base-normativa.json;100%;Art. 144;DIVERGENTE;NÃO;IMPLEMENTADA_COM_RESSALVA;NCM só na lei (ausente do SVRS para o código);"fundamento planilha '90.25' não é artigo (sistema usa Art. 144; oficial Art. 144)";validação humana/decisão (divergência documentada na auditoria)
1472;90251910;200004;Alíquota Zero;XII;12;90.25;90251910-200004-XII-12;data/base-normativa.json;100%;Art. 144;CONFIRMADA;NÃO;IMPLEMENTADA_CONFIRMADA;;"fundamento planilha '90.25' não é artigo (sistema usa Art. 144; oficial Art. 144)";nada
1473;90251990;200004;Alíquota Zero;XII;12;90.25;90251990-200004-XII-12;data/base-normativa.json;100%;Art. 144;CONFIRMADA;NÃO;IMPLEMENTADA_CONFIRMADA;;"fundamento planilha '90.25' não é artigo (sistema usa Art. 144; oficial Art. 144)";nada
1474;90258010;200004;Alíquota Zero;XII;12;90.25;90258010-200004-XII-12;data/base-normativa.json;100%;Art. 144;DIVERGENTE;NÃO;IMPLEMENTADA_COM_RESSALVA;NCM só na lei (ausente do SVRS para o código);"fundamento planilha '90.25' não é artigo (sistema usa Art. 144; oficial Art. 144)";validação humana/decisão (divergência documentada na auditoria)
1475;90258020;200004;Alíquota Zero;XII;12;90.25;90258020-200004-XII-12;data/base-normativa.json;100%;Art. 144;DIVERGENTE;NÃO;IMPLEMENTADA_COM_RESSALVA;NCM só na lei (ausente do SVRS para o código);"fundamento planilha '90.25' não é artigo (sistema usa Art. 144; oficial Art. 144)";validação humana/decisão (divergência documentada na auditoria)
1476;90258090;200004;Alíquota Zero;XII;12;90.25;90258090-200004-XII-12;data/base-normativa.json;100%;Art. 144;DIVERGENTE;NÃO;IMPLEMENTADA_COM_RESSALVA;NCM só na lei (ausente do SVRS para o código);"fundamento planilha '90.25' não é artigo (sistema usa Art. 144; oficial Art. 144)";validação humana/decisão (divergência documentada na auditoria)
1477;90259010;200004;Alíquota Zero;XII;12;90.25;90259010-200004-XII-12;data/base-normativa.json;100%;Art. 144;CONFIRMADA;NÃO;IMPLEMENTADA_CONFIRMADA;;"fundamento planilha '90.25' não é artigo (sistema usa Art. 144; oficial Art. 144)";nada
1478;90259090;200004;Alíquota Zero;XII;12;90.25;90259090-200004-XII-12;data/base-normativa.json;100%;Art. 144;CONFIRMADA;NÃO;IMPLEMENTADA_CONFIRMADA;;"fundamento planilha '90.25' não é artigo (sistema usa Art. 144; oficial Art. 144)";nada
