"cProd";"produto";"ncm";"itens";"base";"informado";"estados";"esperado";"regra_aplicada";"regras_candidatas";"vedacoes";"respostas";"economia";"economia_sujeita_validacao";"exposicao";"observacao_legal";"motivo"
"491";"ADC BATATA FRITA";"01051190";"11";"149,06";"000/000001: 11";"REQUER_VALIDACAO: 11";"depende da validação";"nenhuma";"01051190-200038-IX-13: 200/200038 (Anexo IX, item 13; redução 60%; Art. 138; vigência desde 2026-01-01)";"";"";"0,00";"0,00";"0,00";"";"Enquadramento possível em 200038 (Anexo IX, item 13), sujeito à conferência da descrição legal."
"659";"ADC PEITO DE PERU";"01051200";"3";"11,91";"200/200038: 3";"REQUER_VALIDACAO: 3";"depende da validação";"nenhuma";"01051200-200038-IX-13: 200/200038 (Anexo IX, item 13; redução 60%; Art. 138; vigência desde 2026-01-01)";"";"";"0,00";"0,00";"0,00";"";"Enquadramento possível em 200038 (Anexo IX, item 13), sujeito à conferência da descrição legal. O documento já usa 200038: falta confirmar que o produto atende à descrição legal e às vedações do Anexo IX."
"490";"ADC PRESUNTO";"02101900";"1";"3,97";"200/200003: 1";"REQUER_VALIDACAO: 1";"depende da validação";"nenhuma";"02101900-200003-I-19: 200/200003 (Anexo I, item 19; redução 100%; Art. 125; vigência desde 2026-01-01) | 02101900-200038-IX-21: 200/200038 (Anexo IX, item 21; redução 60%; Art. 138; vigência desde 2026-01-01)";"";"";"0,00";"0,00";"0,00";"";"NCM com 2 enquadramentos possíveis: 200003 (Anexo I, item 19), 200038 (Anexo IX, item 21). A composição do produto decide qual vale. O documento já usa 200003: falta confirmar que o produto atende à descrição legal e às vedações do Anexo I."
"30420003";"ADC LEITE ZERO LACTOSE";"04012010";"37";"134,52";"200/200003: 37";"REQUER_VALIDACAO: 37";"depende da validação";"nenhuma";"04012010-200003-I-2: 200/200003 (Anexo I, item 2; redução 100%; Art. 125; vigência desde 2026-01-01)";"";"";"0,00";"0,00";"0,00";"";"Enquadramento possível em 200003 (Anexo I, item 2), sujeito à conferência da descrição legal. O documento já usa 200003: falta confirmar que o produto atende à descrição legal e às vedações do Anexo I."
"31590003";"ADC LEITE CONDENSADO";"04029900";"1";"3,97";"000/000001: 1";"CORRETO: 1";"000/000001";"nenhuma";"";"";"";"0,00";"0,00";"0,00";"";"Nenhuma regra de benefício cadastrada para este NCM nesta data."
"24440003";"NESCAU ACTIV-GO Bebida  lactea 180ml";"04029900";"1";"6,95";"000/000001: 1";"CORRETO: 1";"000/000001";"nenhuma";"";"";"";"0,00";"0,00";"0,00";"";"Nenhuma regra de benefício cadastrada para este NCM nesta data."
"35520003";"IOGURTE YOPRO POTE 160G MORANGO";"04032000";"1";"22,12";"200/200034: 1";"REQUER_VALIDACAO: 1";"depende da validação";"nenhuma";"04032000-200034-VII-2: 200/200034 (Anexo VII, item 2; redução 60%; Art. 135; vigência desde 2026-01-01)";"";"";"0,00";"0,00";"0,00";"";"Enquadramento possível em 200034 (Anexo VII, item 2), sujeito à conferência da descrição legal. O documento já usa 200034: falta confirmar que o produto atende à descrição legal e às vedações do Anexo VII."
"14660003";"DANONE 220G";"04039000";"1";"14,90";"200/200034: 1";"REQUER_VALIDACAO: 1";"depende da validação";"nenhuma";"04039000-200034-VII-2: 200/200034 (Anexo VII, item 2; redução 60%; Art. 135; vigência desde 2026-01-01)";"";"";"0,00";"0,00";"0,00";"";"Enquadramento possível em 200034 (Anexo VII, item 2), sujeito à conferência da descrição legal. O documento já usa 200034: falta confirmar que o produto atende à descrição legal e às vedações do Anexo VII."
"10090001";"DANONE MORANGO - 170G";"04039000";"2";"15,90";"200/200034: 2";"REQUER_VALIDACAO: 2";"depende da validação";"nenhuma";"04039000-200034-VII-2: 200/200034 (Anexo VII, item 2; redução 60%; Art. 135; vigência desde 2026-01-01)";"";"";"0,00";"0,00";"0,00";"";"Enquadramento possível em 200034 (Anexo VII, item 2), sujeito à conferência da descrição legal. O documento já usa 200034: falta confirmar que o produto atende à descrição legal e às vedações do Anexo VII."
"245";"IOGURTE DIVERSOS";"04039000";"4";"26,28";"200/200034: 4";"REQUER_VALIDACAO: 4";"depende da validação";"nenhuma";"04039000-200034-VII-2: 200/200034 (Anexo VII, item 2; redução 60%; Art. 135; vigência desde 2026-01-01)";"";"";"0,00";"0,00";"0,00";"";"Enquadramento possível em 200034 (Anexo VII, item 2), sujeito à conferência da descrição legal. O documento já usa 200034: falta confirmar que o produto atende à descrição legal e às vedações do Anexo VII."
"57";"LEITE FERMENTADO CHAMYTO - 170G";"04039000";"1";"4,10";"200/200034: 1";"REQUER_VALIDACAO: 1";"depende da validação";"nenhuma";"04039000-200034-VII-2: 200/200034 (Anexo VII, item 2; redução 60%; Art. 135; vigência desde 2026-01-01)";"";"";"0,00";"0,00";"0,00";"";"Enquadramento possível em 200034 (Anexo VII, item 2), sujeito à conferência da descrição legal. O documento já usa 200034: falta confirmar que o produto atende à descrição legal e às vedações do Anexo VII."
"19710003";"NESCAFÉ BEBIDA DIVERSOS 270ML";"04039000";"2";"41,73";"200/200034: 2";"REQUER_VALIDACAO: 2";"depende da validação";"nenhuma";"04039000-200034-VII-2: 200/200034 (Anexo VII, item 2; redução 60%; Art. 135; vigência desde 2026-01-01)";"";"";"0,00";"0,00";"0,00";"";"Enquadramento possível em 200034 (Anexo VII, item 2), sujeito à conferência da descrição legal. O documento já usa 200034: falta confirmar que o produto atende à descrição legal e às vedações do Anexo VII."
"19700003";"NESQUIK SABOR MORANGO 180ML";"04039000";"1";"6,95";"200/200034: 1";"REQUER_VALIDACAO: 1";"depende da validação";"nenhuma";"04039000-200034-VII-2: 200/200034 (Anexo VII, item 2; redução 60%; Art. 135; vigência desde 2026-01-01)";"";"";"0,00";"0,00";"0,00";"";"Enquadramento possível em 200034 (Anexo VII, item 2), sujeito à conferência da descrição legal. O documento já usa 200034: falta confirmar que o produto atende à descrição legal e às vedações do Anexo VII."
"16460003";"QUEIJO MUSSARELA - SADIA - 200G";"04061010";"1";"14,90";"200/200003: 1";"REQUER_VALIDACAO: 1";"depende da validação";"nenhuma";"04061010-200003-I-21: 200/200003 (Anexo I, item 21; redução 100%; Art. 125; vigência desde 2026-01-01)";"";"";"0,00";"0,00";"0,00";"";"Enquadramento possível em 200003 (Anexo I, item 21), sujeito à conferência da descrição legal. O documento já usa 200003: falta confirmar que o produto atende à descrição legal e às vedações do Anexo I."
"22330003";"QUEIJO MUSSARELA GALBANI 150G";"04061010";"2";"29,80";"200/200003: 2";"REQUER_VALIDACAO: 2";"depende da validação";"nenhuma";"04061010-200003-I-21: 200/200003 (Anexo I, item 21; redução 100%; Art. 125; vigência desde 2026-01-01)";"";"";"0,00";"0,00";"0,00";"";"Enquadramento possível em 200003 (Anexo I, item 21), sujeito à conferência da descrição legal. O documento já usa 200003: falta confirmar que o produto atende à descrição legal e às vedações do Anexo I."
"19760003";"QUEIJO PRATO SADIA 150G";"04063000";"2";"29,80";"000/000001: 2";"CORRETO: 2";"000/000001";"nenhuma";"";"";"";"0,00";"0,00";"0,00";"";"Nenhuma regra de benefício cadastrada para este NCM nesta data."
"494";"ADC CHEDDAR";"04069090";"2";"15,90";"000/000001: 2";"CORRETO: 2";"000/000001";"nenhuma";"";"";"";"0,00";"0,00";"0,00";"";"Nenhuma regra de benefício cadastrada para este NCM nesta data."
"489";"ADC QUEIJO";"04069090";"7";"43,68";"000/000001: 7";"CORRETO: 7";"000/000001";"nenhuma";"";"";"";"0,00";"0,00";"0,00";"";"Nenhuma regra de benefício cadastrada para este NCM nesta data."
"493";"ADC REQUEIJAO";"04069090";"1";"3,97";"000/000001: 1";"CORRETO: 1";"000/000001";"nenhuma";"";"";"";"0,00";"0,00";"0,00";"";"Nenhuma regra de benefício cadastrada para este NCM nesta data."
"495";"ADC TOMATE";"07020000";"2";"3,98";"200/200014: 2";"REQUER_VALIDACAO: 2";"depende da validação";"nenhuma";"07020000-200014-XV-2: 200/200014 (Anexo XV, item 2; redução 100%; Art. 148; vigência desde 2026-01-01) | 07020000-200038-IX-10: 200/200038 (Anexo IX, item 10; redução 60%; Art. 138; vigência desde 2026-01-01)";"";"";"0,00";"0,00";"0,00";"";"NCM com 2 enquadramentos possíveis: 200014 (Anexo XV, item 2), 200038 (Anexo IX, item 10). A composição do produto decide qual vale. O documento já usa 200014: falta confirmar que o produto atende à descrição legal e às vedações do Anexo XV."
"496";"ADC ALFACE";"07051900";"1";"1,99";"200/200014: 1";"REQUER_VALIDACAO: 1";"depende da validação";"nenhuma";"07051900-200014-XV-2: 200/200014 (Anexo XV, item 2; redução 100%; Art. 148; vigência desde 2026-01-01) | 07051900-200038-IX-10: 200/200038 (Anexo IX, item 10; redução 60%; Art. 138; vigência desde 2026-01-01)";"";"";"0,00";"0,00";"0,00";"";"NCM com 2 enquadramentos possíveis: 200014 (Anexo XV, item 2), 200038 (Anexo IX, item 10). A composição do produto decide qual vale. O documento já usa 200014: falta confirmar que o produto atende à descrição legal e às vedações do Anexo XV."
"205";"SALADA DE FRUTA 350 ML";"08109090";"4";"83,76";"200/200014: 4";"REQUER_VALIDACAO: 4";"depende da validação";"nenhuma";"08109090-200014-XV-3: 200/200014 (Anexo XV, item 3; redução 100%; Art. 148; vigência desde 2026-01-01)";"";"";"0,00";"0,00";"0,00";"";"Enquadramento possível em 200014 (Anexo XV, item 3), sujeito à conferência da descrição legal. O documento já usa 200014: falta confirmar que o produto atende à descrição legal e às vedações do Anexo XV."
"34420003";"ADC ARROZ";"10061091";"1";"6,95";"200/200034: 1";"REQUER_VALIDACAO: 1";"depende da validação";"nenhuma";"10061091-200034-VII-15: 200/200034 (Anexo VII, item 15; redução 60%; Art. 135; vigência desde 2026-01-01) | 10061091-200038-IX-10: 200/200038 (Anexo IX, item 10; redução 60%; Art. 138; vigência desde 2026-01-01) | 10061091-200038-IX-19: 200/200038 (Anexo IX, item 19; redução 60%; Art. 138; vigência desde 2026-01-01)";"";"";"0,00";"0,00";"0,00";"";"NCM com 3 enquadramentos possíveis: 200034 (Anexo VII, item 15), 200038 (Anexo IX, item 10), 200038 (Anexo IX, item 19). A composição do produto decide qual vale. O documento já usa 200034: falta confirmar que o produto atende à descrição legal e às vedações do Anexo VII."
"488";"ADC SALAME ITALIANO";"16010000";"4";"15,88";"000/000001: 4";"CORRETO: 4";"000/000001";"nenhuma";"";"";"";"0,00";"0,00";"0,00";"";"Nenhuma regra de benefício cadastrada para este NCM nesta data."
"10780003";"MORTADELA DEFUMADA GOURMET SEARA - 180G";"16010000";"1";"12,92";"000/000001: 1";"CORRETO: 1";"000/000001";"nenhuma";"";"";"";"0,00";"0,00";"0,00";"";"Nenhuma regra de benefício cadastrada para este NCM nesta data."
"10346";"MORTADELA FATIADA JCW 150G";"16010000";"1";"5,99";"ausente/ausente: 1";"INCORRETO_RISCO: 1";"000/000001";"nenhuma";"";"";"";"0,00";"0,00";"0,00";"";"Grupo IBS/CBS exigido e não informado no documento."
"10160";"PATE DE FRANGO C/ ERVAS FINAS EXCELSIOR 100GR";"16010000";"1";"5,00";"ausente/ausente: 1";"INCORRETO_RISCO: 1";"000/000001";"nenhuma";"";"";"";"0,00";"0,00";"0,00";"";"Grupo IBS/CBS exigido e não informado no documento."
"355";"PEITO DE FRANGO DEFUMADO CERATTI";"16010000";"1";"14,75";"000/000001: 1";"CORRETO: 1";"000/000001";"nenhuma";"";"";"";"0,00";"0,00";"0,00";"";"Nenhuma regra de benefício cadastrada para este NCM nesta data."
"597";"SALAME DEFUMADO PERDIGAO FATIADO 100G";"16010000";"3";"33,18";"000/000001: 3";"CORRETO: 3";"000/000001";"nenhuma";"";"";"";"0,00";"0,00";"0,00";"";"Nenhuma regra de benefício cadastrada para este NCM nesta data."
"713";"SALAME ITALIANO FATIADO SADIA 100G";"16010000";"1";"19,87";"000/000001: 1";"CORRETO: 1";"000/000001";"nenhuma";"";"";"";"0,00";"0,00";"0,00";"";"Nenhuma regra de benefício cadastrada para este NCM nesta data."
"130";"BOLINHO DE CARNE";"16025000";"6";"133,08";"000/000001: 6";"CORRETO: 6";"000/000001";"nenhuma";"";"";"";"0,00";"0,00";"0,00";"";"Nenhuma regra de benefício cadastrada para este NCM nesta data."
"131";"ESPETINHO DE FRANGO";"16025000";"11";"220,56";"000/000001: 11";"CORRETO: 11";"000/000001";"nenhuma";"";"";"";"0,00";"0,00";"0,00";"";"Nenhuma regra de benefício cadastrada para este NCM nesta data."
"10287";"DOCILE 90G";"17041000";"1";"9,00";"ausente/ausente: 1";"NAO_OBRIGATORIO: 1";"depende da validação";"nenhuma";"";"";"";"0,00";"0,00";"0,00";"";"Grupo IBS/CBS ainda não exigido nesta data. Ato Conjunto RFB/CGIBS nº 4/2026: cronograma em lotes, NF-e e NFC-e a partir de 03/08/2026"
"10379";"GOLDKO BOMBOM COOKIES E CREAM 13,5G";"17049010";"2";"13,98";"ausente/ausente: 2";"NAO_OBRIGATORIO: 1 | INCORRETO_RISCO: 1";"depende da validação | 000/000001";"nenhuma";"";"";"";"0,00";"0,00";"0,00";"";"Grupo IBS/CBS ainda não exigido nesta data. Ato Conjunto RFB/CGIBS nº 4/2026: cronograma em lotes, NF-e e NFC-e a partir de 03/08/2026"
"18410003";"BALA BUTTER TOFFEES";"17049020";"19";"18,70";"000/000001: 19";"CORRETO: 19";"000/000001";"nenhuma";"";"";"";"0,00";"0,00";"0,00";"";"Nenhuma regra de benefício cadastrada para este NCM nesta data."
"15890003";"BALA FINI TUBES AZEDINHO MIX";"17049020";"4";"11,92";"000/000001: 4";"CORRETO: 4";"000/000001";"nenhuma";"";"";"";"0,00";"0,00";"0,00";"";"Nenhuma regra de benefício cadastrada para este NCM nesta data."
"676";"BALA FRUIT TELLA 41G";"17049020";"1";"4,97";"000/000001: 1";"CORRETO: 1";"000/000001";"nenhuma";"";"";"";"0,00";"0,00";"0,00";"";"Nenhuma regra de benefício cadastrada para este NCM nesta data."
"8800003";"BALA GOMETS FRUTAS 32G";"17049020";"4";"7,96";"000/000001: 4";"CORRETO: 4";"000/000001";"nenhuma";"";"";"";"0,00";"0,00";"0,00";"";"Nenhuma regra de benefício cadastrada para este NCM nesta data."
"708";"BALA HALLS MENTA PRATA 28G";"17049020";"10";"29,80";"000/000001: 10";"CORRETO: 10";"000/000001";"nenhuma";"";"";"";"0,00";"0,00";"0,00";"";"Nenhuma regra de benefício cadastrada para este NCM nesta data."
"706";"BALA MENTOS  37,5G";"17049020";"3";"14,91";"000/000001: 3";"CORRETO: 3";"000/000001";"nenhuma";"";"";"";"0,00";"0,00";"0,00";"";"Nenhuma regra de benefício cadastrada para este NCM nesta data."
"11930003";"BUBBALOO BALA SUPER MACIA 15 GR";"17049020";"1";"2,98";"000/000001: 1";"CORRETO: 1";"000/000001";"nenhuma";"";"";"";"0,00";"0,00";"0,00";"";"Nenhuma regra de benefício cadastrada para este NCM nesta data."
"272";"BUBBALOO UNI";"17049020";"12";"14,02";"000/000001: 12";"CORRETO: 12";"000/000001";"nenhuma";"";"";"";"0,00";"0,00";"0,00";"";"Nenhuma regra de benefício cadastrada para este NCM nesta data."
"25820003";"CONFEITO  DISQUETE ( MM) 35 GR";"17049020";"3";"23,85";"000/000001: 3";"CORRETO: 3";"000/000001";"nenhuma";"";"";"";"0,00";"0,00";"0,00";"";"Nenhuma regra de benefício cadastrada para este NCM nesta data."
"29810003";"FINI TUBES  MORANGO E NATA 40G";"17049020";"1";"4,47";"000/000001: 1";"CORRETO: 1";"000/000001";"nenhuma";"";"";"";"0,00";"0,00";"0,00";"";"Nenhuma regra de benefício cadastrada para este NCM nesta data."
"8820003";"GOMA DE MASCAR MENTOS PURE";"17049020";"8";"143,04";"000/000001: 8";"CORRETO: 8";"000/000001";"nenhuma";"";"";"";"0,00";"0,00";"0,00";"";"Nenhuma regra de benefício cadastrada para este NCM nesta data."
"271";"HALLS 28g";"17049020";"11";"31,13";"000/000001: 11";"CORRETO: 11";"000/000001";"nenhuma";"";"";"";"0,00";"0,00";"0,00";"";"Nenhuma regra de benefício cadastrada para este NCM nesta data."
"10101";"HALLS MORANGO ENVELOPE 28G CX C/21 24,2900";"17049020";"1";"4,00";"ausente/ausente: 1";"INCORRETO_RISCO: 1";"000/000001";"nenhuma";"";"";"";"0,00";"0,00";"0,00";"";"Grupo IBS/CBS exigido e não informado no documento."
"13610001";"LOLLOIPOPS";"17049020";"1";"7,45";"000/000001: 1";"CORRETO: 1";"000/000001";"nenhuma";"";"";"";"0,00";"0,00";"0,00";"";"Nenhuma regra de benefício cadastrada para este NCM nesta data."
"12130001";"PAÇOCA CASEIRAO";"17049020";"1";"3,97";"000/000001: 1";"CORRETO: 1";"000/000001";"nenhuma";"";"";"";"0,00";"0,00";"0,00";"";"Nenhuma regra de benefício cadastrada para este NCM nesta data."
"18430003";"PIRULITO BLONG";"17049020";"6";"9,92";"000/000001: 6";"CORRETO: 6";"000/000001";"nenhuma";"";"";"";"0,00";"0,00";"0,00";"";"Nenhuma regra de benefício cadastrada para este NCM nesta data."
"270";"TRIDENT  MENTA 8G";"17049020";"14";"41,30";"000/000001: 14";"CORRETO: 14";"000/000001";"nenhuma";"";"";"";"0,00";"0,00";"0,00";"";"Nenhuma regra de benefício cadastrada para este NCM nesta data."
"27420003";"TRIDENT MAX";"17049020";"2";"19,88";"000/000001: 2";"CORRETO: 2";"000/000001";"nenhuma";"";"";"";"0,00";"0,00";"0,00";"";"Nenhuma regra de benefício cadastrada para este NCM nesta data."
"619";"CHICLETES 7 BELO";"17049090";"1";"0,19";"000/000001: 1";"CORRETO: 1";"000/000001";"nenhuma";"";"";"";"0,00";"0,00";"0,00";"";"Nenhuma regra de benefício cadastrada para este NCM nesta data."
"12650003";"M&M`S 35G";"17049090";"3";"23,85";"000/000001: 3";"CORRETO: 3";"000/000001";"nenhuma";"";"";"";"0,00";"0,00";"0,00";"";"Nenhuma regra de benefício cadastrada para este NCM nesta data."
"15070003";"MACRON KG";"17049090";"2";"11,66";"000/000001: 2";"CORRETO: 2";"000/000001";"nenhuma";"";"";"";"0,00";"0,00";"0,00";"";"Nenhuma regra de benefício cadastrada para este NCM nesta data."
"618";"PIRULITO GRANDE";"17049090";"1";"1,48";"000/000001: 1";"CORRETO: 1";"000/000001";"nenhuma";"";"";"";"0,00";"0,00";"0,00";"";"Nenhuma regra de benefício cadastrada para este NCM nesta data."
"26170003";"TRIDENT X SENSES DIVERSOS 54GR";"17049090";"3";"53,64";"000/000001: 3";"CORRETO: 3";"000/000001";"nenhuma";"";"";"";"0,00";"0,00";"0,00";"";"Nenhuma regra de benefício cadastrada para este NCM nesta data."
"11820003";"CHOCOLEITE 200ML";"18061000";"1";"4,97";"000/000001: 1";"CORRETO: 1";"000/000001";"nenhuma";"";"";"";"0,00";"0,00";"0,00";"";"Nenhuma regra de benefício cadastrada para este NCM nesta data."
"10380";"BARRA DE CHOCOLATE GOLDKO 20G";"18063210";"1";"12,50";"ausente/ausente: 1";"NAO_OBRIGATORIO: 1";"depende da validação";"nenhuma";"";"";"";"0,00";"0,00";"0,00";"";"Grupo IBS/CBS ainda não exigido nesta data. Ato Conjunto RFB/CGIBS nº 4/2026: cronograma em lotes, NF-e e NFC-e a partir de 03/08/2026"
"10394";"CHOCOLATE VITAO MARCANTE ZERO ACUCAR 22G";"18063210";"1";"9,00";"ausente/ausente: 1";"INCORRETO_RISCO: 1";"000/000001";"nenhuma";"";"";"";"0,00";"0,00";"0,00";"";"Grupo IBS/CBS exigido e não informado no documento."
"25800003";"CHOC TWIX 40 GR TRIPLO";"18063220";"8";"47,68";"000/000001: 8";"CORRETO: 8";"000/000001";"nenhuma";"";"";"";"0,00";"0,00";"0,00";"";"Nenhuma regra de benefício cadastrada para este NCM nesta data."
"19550003";"CHOC. 5STAR 40G";"18063220";"3";"19,88";"000/000001: 3";"CORRETO: 3";"000/000001";"nenhuma";"";"";"";"0,00";"0,00";"0,00";"";"Nenhuma regra de benefício cadastrada para este NCM nesta data."
"23790003";"CHOC. LACTA LAKA 34G";"18063220";"2";"11,92";"000/000001: 2";"CORRETO: 2";"000/000001";"nenhuma";"";"";"";"0,00";"0,00";"0,00";"";"Nenhuma regra de benefício cadastrada para este NCM nesta data."
"23760003";"CHOC. LACTA OURO BRANCO 25G";"18063220";"1";"2,98";"000/000001: 1";"CORRETO: 1";"000/000001";"nenhuma";"";"";"";"0,00";"0,00";"0,00";"";"Nenhuma regra de benefício cadastrada para este NCM nesta data."
"12570001";"CHOCOLATE CHOKITO";"18063220";"1";"3,97";"000/000001: 1";"CORRETO: 1";"000/000001";"nenhuma";"";"";"";"0,00";"0,00";"0,00";"";"Nenhuma regra de benefício cadastrada para este NCM nesta data."
"22780003";"CHOCOLATE TRENTO 32G";"18063220";"2";"9,94";"000/000001: 2";"CORRETO: 2";"000/000001";"nenhuma";"";"";"";"0,00";"0,00";"0,00";"";"Nenhuma regra de benefício cadastrada para este NCM nesta data."
"182";"NESCAU NESTLE 270ML";"18063220";"7";"77,42";"000/000001: 7";"CORRETO: 7";"000/000001";"nenhuma";"";"";"";"0,00";"0,00";"0,00";"";"Nenhuma regra de benefício cadastrada para este NCM nesta data."
"12600003";"SNICKERS - 45G";"18063220";"5";"29,80";"000/000001: 5";"CORRETO: 5";"000/000001";"nenhuma";"";"";"";"0,00";"0,00";"0,00";"";"Nenhuma regra de benefício cadastrada para este NCM nesta data."
"12640003";"TORTUGUITA  - CHOCOVINHOS - 50G";"18063220";"1";"7,95";"000/000001: 1";"CORRETO: 1";"000/000001";"nenhuma";"";"";"";"0,00";"0,00";"0,00";"";"Nenhuma regra de benefício cadastrada para este NCM nesta data."
"284";"5STAR 40G";"18069000";"2";"6,64";"000/000001: 2";"CORRETO: 2";"000/000001";"nenhuma";"";"";"";"0,00";"0,00";"0,00";"";"Nenhuma regra de benefício cadastrada para este NCM nesta data."
"10220001";"ADC DE NUTELLA";"18069000";"1";"7,95";"000/000001: 1";"CORRETO: 1";"000/000001";"nenhuma";"";"";"";"0,00";"0,00";"0,00";"";"Nenhuma regra de benefício cadastrada para este NCM nesta data."
"285";"BIS XTRA BRANCO 45G";"18069000";"1";"4,05";"000/000001: 1";"CORRETO: 1";"000/000001";"nenhuma";"";"";"";"0,00";"0,00";"0,00";"";"Nenhuma regra de benefício cadastrada para este NCM nesta data."
"315";"CHOCO LEITE VIDRO 208ML";"18069000";"13";"100,30";"000/000001: 13";"CORRETO: 13";"000/000001";"nenhuma";"";"";"";"0,00";"0,00";"0,00";"";"Nenhuma regra de benefício cadastrada para este NCM nesta data."
"544";"CHOCOLATE CHARGE 40G";"18069000";"2";"7,38";"000/000001: 2";"CORRETO: 2";"000/000001";"nenhuma";"";"";"";"0,00";"0,00";"0,00";"";"Nenhuma regra de benefício cadastrada para este NCM nesta data."
"607";"CHOCOLATE LAKA 20G";"18069000";"3";"8,85";"000/000001: 3";"CORRETO: 3";"000/000001";"nenhuma";"";"";"";"0,00";"0,00";"0,00";"";"Nenhuma regra de benefício cadastrada para este NCM nesta data."
"82";"CHOCOLATE QUENTE JURERE BUFFET";"18069000";"1";"10,33";"000/000001: 1";"CORRETO: 1";"000/000001";"nenhuma";"";"";"";"0,00";"0,00";"0,00";"";"Nenhuma regra de benefício cadastrada para este NCM nesta data."
"30240003";"CHOCOLATE QUENTE MÉDIO";"18069000";"105";"2002,94";"000/000001: 105";"CORRETO: 105";"000/000001";"nenhuma";"";"";"";"0,00";"0,00";"0,00";"";"Nenhuma regra de benefício cadastrada para este NCM nesta data."
"30460003";"ICED CHOCOLATE";"18069000";"8";"163,72";"000/000001: 8";"CORRETO: 8";"000/000001";"nenhuma";"";"";"";"0,00";"0,00";"0,00";"";"Nenhuma regra de benefício cadastrada para este NCM nesta data."
"10830003";"NESCAU PÓ LATA 200G";"18069000";"1";"9,94";"000/000001: 1";"CORRETO: 1";"000/000001";"nenhuma";"";"";"";"0,00";"0,00";"0,00";"";"Nenhuma regra de benefício cadastrada para este NCM nesta data."
"11880003";"SONHO DE VALSA 25G";"18069000";"1";"2,98";"000/000001: 1";"CORRETO: 1";"000/000001";"nenhuma";"";"";"";"0,00";"0,00";"0,00";"";"Nenhuma regra de benefício cadastrada para este NCM nesta data."
"37190003";"SURPRESA NESTLE 20G";"18069000";"1";"4,00";"ausente/ausente: 1";"INCORRETO_RISCO: 1";"000/000001";"nenhuma";"";"";"";"0,00";"0,00";"0,00";"";"Grupo IBS/CBS exigido e não informado no documento."
"31570003";"ADC LEITE NINHO";"19011010";"1";"2,98";"200/200003: 1";"REQUER_VALIDACAO: 1";"depende da validação";"nenhuma";"19011010-200003-I-4: 200/200003 (Anexo I, item 4; redução 100%; Art. 125; vigência desde 2026-01-01)";"";"";"0,00";"0,00";"0,00";"";"Enquadramento possível em 200003 (Anexo I, item 4), sujeito à conferência da descrição legal. O documento já usa 200003: falta confirmar que o produto atende à descrição legal e às vedações do Anexo I."
"9340003";"CATAVENTO DE MORANGO C/ CREME";"19012010";"13";"183,82";"200/200003: 13";"REQUER_VALIDACAO: 13";"depende da validação";"nenhuma";"19012010-200003-I-16: 200/200003 (Anexo I, item 16; redução 100%; Art. 125; vigência desde 2026-01-01)";"";"";"0,00";"0,00";"0,00";"";"Enquadramento possível em 200003 (Anexo I, item 16), sujeito à conferência da descrição legal. O documento já usa 200003: falta confirmar que o produto atende à descrição legal e às vedações do Anexo I."
"31540003";"ADC BANANA AÇAI";"19012090";"4";"11,92";"200/200003: 4";"REQUER_VALIDACAO: 4";"depende da validação";"nenhuma";"19012090-200003-I-16: 200/200003 (Anexo I, item 16; redução 100%; Art. 125; vigência desde 2026-01-01)";"";"";"0,00";"0,00";"0,00";"";"Enquadramento possível em 200003 (Anexo I, item 16), sujeito à conferência da descrição legal. O documento já usa 200003: falta confirmar que o produto atende à descrição legal e às vedações do Anexo I."
"10381";"MADRILENHO";"19019090";"3";"88,00";"ausente/ausente: 3";"NAO_OBRIGATORIO: 3";"depende da validação";"nenhuma";"";"";"";"0,00";"0,00";"0,00";"";"Grupo IBS/CBS ainda não exigido nesta data. Ato Conjunto RFB/CGIBS nº 4/2026: cronograma em lotes, NF-e e NFC-e a partir de 03/08/2026"
"13610003";"COXINHA DE COSTELA";"19022000";"16";"309,73";"200/200034: 16";"REQUER_VALIDACAO: 16";"depende da validação";"nenhuma";"19022000-200034-VII-9: 200/200034 (Anexo VII, item 9; redução 60%; Art. 135; vigência desde 2026-01-01)";"";"";"0,00";"0,00";"0,00";"";"Enquadramento possível em 200034 (Anexo VII, item 9), sujeito à conferência da descrição legal. O documento já usa 200034: falta confirmar que o produto atende à descrição legal e às vedações do Anexo VII."
"12760003";"COXINHA FRA/REQ";"19022000";"41";"776,33";"200/200034: 41";"CORRETO: 41";"200/200034";"200/200034 (Anexo VII, item 9; redução 60%; Art. 135; vigência desde 2026-01-01)";"19022000-200034-VII-9: 200/200034 (Anexo VII, item 9; redução 60%; Art. 135; vigência desde 2026-01-01)";"";"SIM 19022000-200034-VII-9 (Sistema, 2026-09-27)";"0,00";"0,00";"0,00";"";"Benefício confirmado na validação: Alimentos para consumo humano - Anexo VII (Art. 135)."
"9150003";"EMPADA DE FRANGO";"19022000";"18";"289,55";"200/200034: 18";"REQUER_VALIDACAO: 18";"depende da validação";"nenhuma";"19022000-200034-VII-9: 200/200034 (Anexo VII, item 9; redução 60%; Art. 135; vigência desde 2026-01-01)";"";"";"0,00";"0,00";"0,00";"";"Enquadramento possível em 200034 (Anexo VII, item 9), sujeito à conferência da descrição legal. O documento já usa 200034: falta confirmar que o produto atende à descrição legal e às vedações do Anexo VII."
"292";"EMPADAO FRANGO FATIA";"19022000";"23";"551,31";"200/200034: 23";"CORRETO: 23";"200/200034";"200/200034 (Anexo VII, item 9; redução 60%; Art. 135; vigência desde 2026-01-01)";"19022000-200034-VII-9: 200/200034 (Anexo VII, item 9; redução 60%; Art. 135; vigência desde 2026-01-01)";"";"SIM 19022000-200034-VII-9 (Sistema, 2026-09-27)";"0,00";"0,00";"0,00";"";"Benefício confirmado na validação: Alimentos para consumo humano - Anexo VII (Art. 135)."
"10135";"EMPANADA DE FRANGO";"19022000";"1";"18,00";"ausente/ausente: 1";"INCORRETO_RISCO: 1";"000/000001";"nenhuma";"19022000-200034-VII-9: 200/200034 (Anexo VII, item 9; redução 60%; Art. 135; vigência desde 2026-01-01)";"";"";"0,00";"0,00";"0,00";"";"Grupo IBS/CBS exigido e não informado no documento."
"133";"EMPANADO BROCOLIS";"19022000";"1";"15,34";"200/200034: 1";"REQUER_VALIDACAO: 1";"depende da validação";"nenhuma";"19022000-200034-VII-9: 200/200034 (Anexo VII, item 9; redução 60%; Art. 135; vigência desde 2026-01-01)";"";"";"0,00";"0,00";"0,00";"";"Enquadramento possível em 200034 (Anexo VII, item 9), sujeito à conferência da descrição legal. O documento já usa 200034: falta confirmar que o produto atende à descrição legal e às vedações do Anexo VII."
"134";"EMPANADO CALABRESA";"19022000";"3";"46,02";"200/200034: 3";"REQUER_VALIDACAO: 3";"depende da validação";"nenhuma";"19022000-200034-VII-9: 200/200034 (Anexo VII, item 9; redução 60%; Art. 135; vigência desde 2026-01-01)";"";"";"0,00";"0,00";"0,00";"";"Enquadramento possível em 200034 (Anexo VII, item 9), sujeito à conferência da descrição legal. O documento já usa 200034: falta confirmar que o produto atende à descrição legal e às vedações do Anexo VII."
"11720001";"MINI COXINHA FRANGO";"19022000";"1";"6,91";"200/200034: 1";"REQUER_VALIDACAO: 1";"depende da validação";"nenhuma";"19022000-200034-VII-9: 200/200034 (Anexo VII, item 9; redução 60%; Art. 135; vigência desde 2026-01-01)";"";"";"0,00";"0,00";"0,00";"";"Enquadramento possível em 200034 (Anexo VII, item 9), sujeito à conferência da descrição legal. O documento já usa 200034: falta confirmar que o produto atende à descrição legal e às vedações do Anexo VII."
"11760001";"MINI PASTEL CARNE";"19022000";"61";"753,20";"200/200034: 61";"CORRETO: 61";"200/200034";"200/200034 (Anexo VII, item 9; redução 60%; Art. 135; vigência desde 2026-01-01)";"19022000-200034-VII-9: 200/200034 (Anexo VII, item 9; redução 60%; Art. 135; vigência desde 2026-01-01)";"";"SIM 19022000-200034-VII-9 (Sistema, 2026-09-27)";"0,00";"0,00";"0,00";"";"Benefício confirmado na validação: Alimentos para consumo humano - Anexo VII (Art. 135)."
"11730001";"MINI SALGADOS SORTIDOS";"19022000";"13";"159,02";"200/200034: 13";"REQUER_VALIDACAO: 13";"depende da validação";"nenhuma";"19022000-200034-VII-9: 200/200034 (Anexo VII, item 9; redução 60%; Art. 135; vigência desde 2026-01-01)";"";"";"0,00";"0,00";"0,00";"";"Enquadramento possível em 200034 (Anexo VII, item 9), sujeito à conferência da descrição legal. O documento já usa 200034: falta confirmar que o produto atende à descrição legal e às vedações do Anexo VII."
"10180003";"PASTEL DE CARNE";"19022000";"41";"741,06";"200/200034: 41";"CORRETO: 41";"200/200034";"200/200034 (Anexo VII, item 9; redução 60%; Art. 135; vigência desde 2026-01-01)";"19022000-200034-VII-9: 200/200034 (Anexo VII, item 9; redução 60%; Art. 135; vigência desde 2026-01-01)";"";"SIM 19022000-200034-VII-9 (Sistema, 2026-09-27)";"0,00";"0,00";"0,00";"";"Benefício confirmado na validação: Alimentos para consumo humano - Anexo VII (Art. 135)."
"124";"SALSICHA";"19022000";"11";"156,85";"200/200034: 11";"REQUER_VALIDACAO: 11";"depende da validação";"nenhuma";"19022000-200034-VII-9: 200/200034 (Anexo VII, item 9; redução 60%; Art. 135; vigência desde 2026-01-01)";"";"";"0,00";"0,00";"0,00";"";"Enquadramento possível em 200034 (Anexo VII, item 9), sujeito à conferência da descrição legal. O documento já usa 200034: falta confirmar que o produto atende à descrição legal e às vedações do Anexo VII."
"11790001";"SALTENHA CARNE";"19022000";"32";"655,88";"200/200034: 32";"CORRETO: 32";"200/200034";"200/200034 (Anexo VII, item 9; redução 60%; Art. 135; vigência desde 2026-01-01)";"19022000-200034-VII-9: 200/200034 (Anexo VII, item 9; redução 60%; Art. 135; vigência desde 2026-01-01)";"";"SIM 19022000-200034-VII-9 (Sistema, 2026-09-27)";"0,00";"0,00";"0,00";"";"Benefício confirmado na validação: Alimentos para consumo humano - Anexo VII (Art. 135)."
"32420003";"SALTENHA FILÉ";"19022000";"6";"109,32";"200/200034: 6";"REQUER_VALIDACAO: 6";"depende da validação";"nenhuma";"19022000-200034-VII-9: 200/200034 (Anexo VII, item 9; redução 60%; Art. 135; vigência desde 2026-01-01)";"";"";"0,00";"0,00";"0,00";"";"Enquadramento possível em 200034 (Anexo VII, item 9), sujeito à conferência da descrição legal. O documento já usa 200034: falta confirmar que o produto atende à descrição legal e às vedações do Anexo VII."
"32220003";"SALTENHA FRANGO";"19022000";"27";"619,42";"200/200034: 27";"CORRETO: 27";"200/200034";"200/200034 (Anexo VII, item 9; redução 60%; Art. 135; vigência desde 2026-01-01)";"19022000-200034-VII-9: 200/200034 (Anexo VII, item 9; redução 60%; Art. 135; vigência desde 2026-01-01)";"";"SIM 19022000-200034-VII-9 (Sistema, 2026-09-27)";"0,00";"0,00";"0,00";"";"Benefício confirmado na validação: Alimentos para consumo humano - Anexo VII (Art. 135)."
"32410003";"SALTENHA LINGUICA BLUMENAL";"19022000";"9";"163,98";"200/200034: 9";"REQUER_VALIDACAO: 9";"depende da validação";"nenhuma";"19022000-200034-VII-9: 200/200034 (Anexo VII, item 9; redução 60%; Art. 135; vigência desde 2026-01-01)";"";"";"0,00";"0,00";"0,00";"";"Enquadramento possível em 200034 (Anexo VII, item 9), sujeito à conferência da descrição legal. O documento já usa 200034: falta confirmar que o produto atende à descrição legal e às vedações do Anexo VII."
"31560003";"ADC GRANOLA";"19041000";"2";"5,96";"000/000001: 2";"CORRETO: 2";"000/000001";"nenhuma";"";"";"";"0,00";"0,00";"0,00";"";"Nenhuma regra de benefício cadastrada para este NCM nesta data."
"553";"PAÇOCA PACOQUITA 45G";"19041000";"2";"6,63";"000/000001: 2";"CORRETO: 2";"000/000001";"nenhuma";"";"";"";"0,00";"0,00";"0,00";"";"Nenhuma regra de benefício cadastrada para este NCM nesta data."
"10313";"TAKIS INTENSE NACHO 120G";"19041000";"1";"16,00";"ausente/ausente: 1";"NAO_OBRIGATORIO: 1";"depende da validação";"nenhuma";"";"";"";"0,00";"0,00";"0,00";"";"Grupo IBS/CBS ainda não exigido nesta data. Ato Conjunto RFB/CGIBS nº 4/2026: cronograma em lotes, NF-e e NFC-e a partir de 03/08/2026"
"8500003";"LAYS 70G";"19042000";"1";"9,94";"000/000001: 1";"CORRETO: 1";"000/000001";"nenhuma";"";"";"";"0,00";"0,00";"0,00";"";"Nenhuma regra de benefício cadastrada para este NCM nesta data."
"20700003";"SALGADINHO SLICE ORIGINAL 90G";"19042000";"1";"9,94";"000/000001: 1";"CORRETO: 1";"000/000001";"nenhuma";"";"";"";"0,00";"0,00";"0,00";"";"Nenhuma regra de benefício cadastrada para este NCM nesta data."
"30790003";"TAPIOCA NUTELLA COM MORANGO";"19042000";"1";"34,15";"000/000001: 1";"CORRETO: 1";"000/000001";"nenhuma";"";"";"";"0,00";"0,00";"0,00";"";"Nenhuma regra de benefício cadastrada para este NCM nesta data."
"112";"TAPIOCA OVO E MANTEIGA";"19042000";"2";"42,02";"000/000001: 2";"CORRETO: 2";"000/000001";"nenhuma";"";"";"";"0,00";"0,00";"0,00";"";"Nenhuma regra de benefício cadastrada para este NCM nesta data."
"30720003";"TAPIOCA QUEIJO E PRESUNTO";"19042000";"4";"112,08";"000/000001: 4";"CORRETO: 4";"000/000001";"nenhuma";"";"";"";"0,00";"0,00";"0,00";"";"Nenhuma regra de benefício cadastrada para este NCM nesta data."
"20760003";"BISCOITO MAIZENA BAUDUCCO 170G";"19053100";"1";"6,95";"000/000001: 1";"CORRETO: 1";"000/000001";"nenhuma";"";"";"";"0,00";"0,00";"0,00";"";"Nenhuma regra de benefício cadastrada para este NCM nesta data."
"772";"COOKIES BAUDUCCO FINI 96G";"19053100";"1";"9,94";"000/000001: 1";"CORRETO: 1";"000/000001";"nenhuma";"";"";"";"0,00";"0,00";"0,00";"";"Nenhuma regra de benefício cadastrada para este NCM nesta data."
"8450001";"COOKIES NESTLE 60G";"19053100";"1";"7,95";"000/000001: 1";"CORRETO: 1";"000/000001";"nenhuma";"";"";"";"0,00";"0,00";"0,00";"";"Nenhuma regra de benefício cadastrada para este NCM nesta data."
"33950003";"WAFFER PRESTIGIO 110G";"19053100";"1";"6,95";"000/000001: 1";"CORRETO: 1";"000/000001";"nenhuma";"";"";"";"0,00";"0,00";"0,00";"";"Nenhuma regra de benefício cadastrada para este NCM nesta data."
"10308";"MARSHMALLOW GOLDKO VEGANO 30G";"19053200";"1";"20,15";"ausente/ausente: 1";"NAO_OBRIGATORIO: 1";"depende da validação";"nenhuma";"";"";"";"0,00";"0,00";"0,00";"";"Grupo IBS/CBS ainda não exigido nesta data. Ato Conjunto RFB/CGIBS nº 4/2026: cronograma em lotes, NF-e e NFC-e a partir de 03/08/2026"
"8380001";"TRENTO TRUFA";"19053200";"1";"5,96";"000/000001: 1";"CORRETO: 1";"000/000001";"nenhuma";"";"";"";"0,00";"0,00";"0,00";"";"Nenhuma regra de benefício cadastrada para este NCM nesta data."
"8360001";"WAFER SABOR MORANGO VISCONTI 120G";"19053200";"2";"13,90";"000/000001: 2";"CORRETO: 2";"000/000001";"nenhuma";"";"";"";"0,00";"0,00";"0,00";"";"Nenhuma regra de benefício cadastrada para este NCM nesta data."
"683";"CEREALE TOAST INTEGRAL BAUDUCCO MULTI CEREAIS 128G";"19054000";"2";"23,84";"000/000001: 2";"CORRETO: 2";"000/000001";"nenhuma";"";"";"";"0,00";"0,00";"0,00";"";"Nenhuma regra de benefício cadastrada para este NCM nesta data."
"203";"PAO INTEGRAL VISCONTI - 400 G";"19059010";"1";"8,85";"200/200034: 1";"REQUER_VALIDACAO: 1";"depende da validação";"nenhuma";"19059010-200034-VII-12: 200/200034 (Anexo VII, item 12; redução 60%; Art. 135; vigência desde 2026-01-01)";"";"";"0,00";"0,00";"0,00";"";"Enquadramento possível em 200034 (Anexo VII, item 12), sujeito à conferência da descrição legal. O documento já usa 200034: falta confirmar que o produto atende à descrição legal e às vedações do Anexo VII."
"204";"PAO TRADICIONAL VISCONTI - 400 G";"19059010";"2";"14,76";"200/200034: 2";"REQUER_VALIDACAO: 2";"depende da validação";"nenhuma";"19059010-200034-VII-12: 200/200034 (Anexo VII, item 12; redução 60%; Art. 135; vigência desde 2026-01-01)";"";"";"0,00";"0,00";"0,00";"";"Enquadramento possível em 200034 (Anexo VII, item 12), sujeito à conferência da descrição legal. O documento já usa 200034: falta confirmar que o produto atende à descrição legal e às vedações do Anexo VII."
"13160001";"PULLMAN PAO DE FORMA 480G";"19059010";"2";"22,74";"200/200034: 2";"REQUER_VALIDACAO: 2";"depende da validação";"nenhuma";"19059010-200034-VII-12: 200/200034 (Anexo VII, item 12; redução 60%; Art. 135; vigência desde 2026-01-01)";"";"";"0,00";"0,00";"0,00";"";"Enquadramento possível em 200034 (Anexo VII, item 12), sujeito à conferência da descrição legal. O documento já usa 200034: falta confirmar que o produto atende à descrição legal e às vedações do Anexo VII."
"26350003";"ALFAJOR GRANDE VITRINE";"19059090";"2";"26,26";"000/000001: 2";"REQUER_VALIDACAO: 2";"depende da validação";"nenhuma";"19059090-200003-I-16: 200/200003 (Anexo I, item 16; redução 100%; Art. 125; vigência desde 2026-01-01)";"";"";"0,00";"0,00";"0,00";"";"Enquadramento possível em 200003 (Anexo I, item 16), sujeito à conferência da descrição legal."
"31310003";"AMERICANO BAGUETE";"19059090";"2";"56,04";"000/000001: 2";"REQUER_VALIDACAO: 2";"depende da validação";"nenhuma";"19059090-200003-I-16: 200/200003 (Anexo I, item 16; redução 100%; Art. 125; vigência desde 2026-01-01)";"";"";"0,00";"0,00";"0,00";"";"Enquadramento possível em 200003 (Anexo I, item 16), sujeito à conferência da descrição legal."
"31300003";"AMERICANO CIABATTA";"19059090";"1";"28,02";"000/000001: 1";"REQUER_VALIDACAO: 1";"depende da validação";"nenhuma";"19059090-200003-I-16: 200/200003 (Anexo I, item 16; redução 100%; Art. 125; vigência desde 2026-01-01)";"";"";"0,00";"0,00";"0,00";"";"Enquadramento possível em 200003 (Anexo I, item 16), sujeito à conferência da descrição legal."
"33470003";"AMERICANO CROISSANT";"19059090";"3";"84,06";"000/000001: 3";"REQUER_VALIDACAO: 3";"depende da validação";"nenhuma";"19059090-200003-I-16: 200/200003 (Anexo I, item 16; redução 100%; Art. 125; vigência desde 2026-01-01)";"";"";"0,00";"0,00";"0,00";"";"Enquadramento possível em 200003 (Anexo I, item 16), sujeito à conferência da descrição legal."
"31280003";"AMERICANO PÃO FRANCÊS";"19059090";"5";"109,45";"000/000001: 5";"REQUER_VALIDACAO: 5";"depende da validação";"nenhuma";"19059090-200003-I-16: 200/200003 (Anexo I, item 16; redução 100%; Art. 125; vigência desde 2026-01-01)";"";"";"0,00";"0,00";"0,00";"";"Enquadramento possível em 200003 (Anexo I, item 16), sujeito à conferência da descrição legal."
"23800003";"BAGUETE KG";"19059090";"17";"85,79";"000/000001: 17";"REQUER_VALIDACAO: 17";"depende da validação";"nenhuma";"19059090-200003-I-16: 200/200003 (Anexo I, item 16; redução 100%; Art. 125; vigência desde 2026-01-01)";"";"";"0,00";"0,00";"0,00";"";"Enquadramento possível em 200003 (Anexo I, item 16), sujeito à conferência da descrição legal."
"534";"BAGUETE NA CHAPA";"19059090";"2";"36,76";"000/000001: 2";"REQUER_VALIDACAO: 2";"depende da validação";"nenhuma";"19059090-200003-I-16: 200/200003 (Anexo I, item 16; redução 100%; Art. 125; vigência desde 2026-01-01)";"";"";"0,00";"0,00";"0,00";"";"Enquadramento possível em 200003 (Anexo I, item 16), sujeito à conferência da descrição legal."
"31240003";"BAURU  NO PÃO INTEGRAL";"19059090";"1";"20,13";"000/000001: 1";"REQUER_VALIDACAO: 1";"depende da validação";"nenhuma";"19059090-200003-I-16: 200/200003 (Anexo I, item 16; redução 100%; Art. 125; vigência desde 2026-01-01)";"";"";"0,00";"0,00";"0,00";"";"Enquadramento possível em 200003 (Anexo I, item 16), sujeito à conferência da descrição legal."
"31270003";"BAURU BAGUETE";"19059090";"2";"52,52";"000/000001: 2";"REQUER_VALIDACAO: 2";"depende da validação";"nenhuma";"19059090-200003-I-16: 200/200003 (Anexo I, item 16; redução 100%; Art. 125; vigência desde 2026-01-01)";"";"";"0,00";"0,00";"0,00";"";"Enquadramento possível em 200003 (Anexo I, item 16), sujeito à conferência da descrição legal."
"31250003";"BAURU CROISSANT";"19059090";"4";"105,04";"000/000001: 4";"REQUER_VALIDACAO: 4";"depende da validação";"nenhuma";"19059090-200003-I-16: 200/200003 (Anexo I, item 16; redução 100%; Art. 125; vigência desde 2026-01-01)";"";"";"0,00";"0,00";"0,00";"";"Enquadramento possível em 200003 (Anexo I, item 16), sujeito à conferência da descrição legal."
"35180003";"BAURU FORMA";"19059090";"2";"40,26";"000/000001: 2";"REQUER_VALIDACAO: 2";"depende da validação";"nenhuma";"19059090-200003-I-16: 200/200003 (Anexo I, item 16; redução 100%; Art. 125; vigência desde 2026-01-01)";"";"";"0,00";"0,00";"0,00";"";"Enquadramento possível em 200003 (Anexo I, item 16), sujeito à conferência da descrição legal."
"31230003";"BAURU PÃO FRANCÊS";"19059090";"11";"241,57";"000/000001: 11";"REQUER_VALIDACAO: 11";"depende da validação";"nenhuma";"19059090-200003-I-16: 200/200003 (Anexo I, item 16; redução 100%; Art. 125; vigência desde 2026-01-01)";"";"";"0,00";"0,00";"0,00";"";"Enquadramento possível em 200003 (Anexo I, item 16), sujeito à conferência da descrição legal."
"34550003";"BITES SNACKS 38G";"19059090";"1";"4,97";"000/000001: 1";"REQUER_VALIDACAO: 1";"depende da validação";"nenhuma";"19059090-200003-I-16: 200/200003 (Anexo I, item 16; redução 100%; Art. 125; vigência desde 2026-01-01)";"";"";"0,00";"0,00";"0,00";"";"Enquadramento possível em 200003 (Anexo I, item 16), sujeito à conferência da descrição legal."
"14820003";"BOLINHO CHOCOLATE E BAUNILHA - BAUDUCCO - 40G";"19059090";"2";"7,38";"000/000001: 2";"REQUER_VALIDACAO: 2";"depende da validação";"nenhuma";"19059090-200003-I-16: 200/200003 (Anexo I, item 16; redução 100%; Art. 125; vigência desde 2026-01-01)";"";"";"0,00";"0,00";"0,00";"";"Enquadramento possível em 200003 (Anexo I, item 16), sujeito à conferência da descrição legal."
"19750003";"BOLO AIPIM COM COCO";"19059090";"2";"26,26";"000/000001: 2";"REQUER_VALIDACAO: 2";"depende da validação";"nenhuma";"19059090-200003-I-16: 200/200003 (Anexo I, item 16; redução 100%; Art. 125; vigência desde 2026-01-01)";"";"";"0,00";"0,00";"0,00";"";"Enquadramento possível em 200003 (Anexo I, item 16), sujeito à conferência da descrição legal."
"20500003";"BOLO BANDEJA";"19059090";"9";"157,59";"000/000001: 9";"REQUER_VALIDACAO: 9";"depende da validação";"nenhuma";"19059090-200003-I-16: 200/200003 (Anexo I, item 16; redução 100%; Art. 125; vigência desde 2026-01-01)";"";"";"0,00";"0,00";"0,00";"";"Enquadramento possível em 200003 (Anexo I, item 16), sujeito à conferência da descrição legal."
"88";"BOLO CENOURA VULCÃO";"19059090";"33";"504,06";"000/000001: 33";"INCORRETO_ECONOMIA: 33";"200/200003";"200/200003 (Anexo I, item 16; redução 100%; Art. 125; vigência desde 2026-01-01)";"19059090-200003-I-16: 200/200003 (Anexo I, item 16; redução 100%; Art. 125; vigência desde 2026-01-01)";"";"SIM 19059090-200003-I-16 (Sistema, 2026-09-27)";"5,04";"0,00";"0,00";"";"Benefício confirmado na validação: Cesta Básica Nacional de Alimentos (Art. 125)."
"25410003";"BOLO DE BANANA INTEGRAL";"19059090";"7";"91,91";"000/000001: 7";"REQUER_VALIDACAO: 7";"depende da validação";"nenhuma";"19059090-200003-I-16: 200/200003 (Anexo I, item 16; redução 100%; Art. 125; vigência desde 2026-01-01)";"";"";"0,00";"0,00";"0,00";"";"Enquadramento possível em 200003 (Anexo I, item 16), sujeito à conferência da descrição legal."
"17620003";"BOLO DE CENOURA RECHEADO";"19059090";"21";"322,23";"000/000001: 21";"REQUER_VALIDACAO: 21";"depende da validação";"nenhuma";"19059090-200003-I-16: 200/200003 (Anexo I, item 16; redução 100%; Art. 125; vigência desde 2026-01-01)";"";"";"0,00";"0,00";"0,00";"";"Enquadramento possível em 200003 (Anexo I, item 16), sujeito à conferência da descrição legal."
"17630003";"BOLO DE CHOCOLATE RECHEADO";"19059090";"21";"275,73";"000/000001: 21";"REQUER_VALIDACAO: 21";"depende da validação";"nenhuma";"19059090-200003-I-16: 200/200003 (Anexo I, item 16; redução 100%; Art. 125; vigência desde 2026-01-01)";"";"";"0,00";"0,00";"0,00";"";"Enquadramento possível em 200003 (Anexo I, item 16), sujeito à conferência da descrição legal."
"606";"BOLO DE MILHO";"19059090";"2";"32,00";"ausente/ausente: 2";"NAO_OBRIGATORIO: 2";"depende da validação";"nenhuma";"";"";"";"0,00";"0,00";"0,00";"";"Grupo IBS/CBS ainda não exigido nesta data. Ato Conjunto RFB/CGIBS nº 4/2026: cronograma em lotes, NF-e e NFC-e a partir de 03/08/2026"
"9860003";"BOLO PISCININHA";"19059090";"1";"35,02";"000/000001: 1";"REQUER_VALIDACAO: 1";"depende da validação";"nenhuma";"19059090-200003-I-16: 200/200003 (Anexo I, item 16; redução 100%; Art. 125; vigência desde 2026-01-01)";"";"";"0,00";"0,00";"0,00";"";"Enquadramento possível em 200003 (Anexo I, item 16), sujeito à conferência da descrição legal."
"19990003";"BOLO RED VELVET";"19059090";"25";"402,01";"000/000001: 25";"INCORRETO_ECONOMIA: 25";"200/200003";"200/200003 (Anexo I, item 16; redução 100%; Art. 125; vigência desde 2026-01-01)";"19059090-200003-I-16: 200/200003 (Anexo I, item 16; redução 100%; Art. 125; vigência desde 2026-01-01)";"";"SIM 19059090-200003-I-16 (Sistema, 2026-09-27)";"4,02";"0,00";"0,00";"";"Benefício confirmado na validação: Cesta Básica Nacional de Alimentos (Art. 125)."
"32320003";"BOLO REDONDO MESA";"19059090";"9";"259,99";"000/000001: 9";"REQUER_VALIDACAO: 9";"depende da validação";"nenhuma";"19059090-200003-I-16: 200/200003 (Anexo I, item 16; redução 100%; Art. 125; vigência desde 2026-01-01)";"";"";"0,00";"0,00";"0,00";"";"Enquadramento possível em 200003 (Anexo I, item 16), sujeito à conferência da descrição legal."
"609";"BOMBOM DE MORANGO";"19059090";"2";"17,52";"000/000001: 2";"REQUER_VALIDACAO: 2";"depende da validação";"nenhuma";"19059090-200003-I-16: 200/200003 (Anexo I, item 16; redução 100%; Art. 125; vigência desde 2026-01-01)";"";"";"0,00";"0,00";"0,00";"";"Enquadramento possível em 200003 (Anexo I, item 16), sujeito à conferência da descrição legal."
"17590003";"BRIGADEIRO";"19059090";"31";"398,27";"000/000001: 31";"REQUER_VALIDACAO: 31";"depende da validação";"nenhuma";"19059090-200003-I-16: 200/200003 (Anexo I, item 16; redução 100%; Art. 125; vigência desde 2026-01-01)";"";"";"0,00";"0,00";"0,00";"";"Enquadramento possível em 200003 (Anexo I, item 16), sujeito à conferência da descrição legal."
"17610003";"BRIGADEIRO PISTACHE";"19059090";"18";"231,19";"000/000001: 18";"REQUER_VALIDACAO: 18";"depende da validação";"nenhuma";"19059090-200003-I-16: 200/200003 (Anexo I, item 16; redução 100%; Art. 125; vigência desde 2026-01-01)";"";"";"0,00";"0,00";"0,00";"";"Enquadramento possível em 200003 (Anexo I, item 16), sujeito à conferência da descrição legal."
"87";"BROA DE MILHO KG";"19059090";"14";"103,69";"000/000001: 14";"REQUER_VALIDACAO: 14";"depende da validação";"nenhuma";"19059090-200003-I-16: 200/200003 (Anexo I, item 16; redução 100%; Art. 125; vigência desde 2026-01-01)";"";"";"0,00";"0,00";"0,00";"";"Enquadramento possível em 200003 (Anexo I, item 16), sujeito à conferência da descrição legal."
"89";"BROWNIE";"19059090";"28";"380,77";"000/000001: 28";"REQUER_VALIDACAO: 28";"depende da validação";"nenhuma";"19059090-200003-I-16: 200/200003 (Anexo I, item 16; redução 100%; Art. 125; vigência desde 2026-01-01)";"";"";"0,00";"0,00";"0,00";"";"Enquadramento possível em 200003 (Anexo I, item 16), sujeito à conferência da descrição legal."
"31510003";"BROWNIE JURERE";"19059090";"1";"28,02";"000/000001: 1";"REQUER_VALIDACAO: 1";"depende da validação";"nenhuma";"19059090-200003-I-16: 200/200003 (Anexo I, item 16; redução 100%; Art. 125; vigência desde 2026-01-01)";"";"";"0,00";"0,00";"0,00";"";"Enquadramento possível em 200003 (Anexo I, item 16), sujeito à conferência da descrição legal."
"698";"BRUSQUETA ESPECIAL KG";"19059090";"94";"2235,58";"000/000001: 94";"INCORRETO_ECONOMIA: 94";"200/200003";"200/200003 (Anexo I, item 16; redução 100%; Art. 125; vigência desde 2026-01-01)";"19059090-200003-I-16: 200/200003 (Anexo I, item 16; redução 100%; Art. 125; vigência desde 2026-01-01)";"";"SIM 19059090-200003-I-16 (Sistema, 2026-09-26)";"22,36";"0,00";"0,00";"";"Benefício confirmado na validação: Cesta Básica Nacional de Alimentos (Art. 125)."
"12770001";"CALZONE CALABRESA E CHEDDAR GRANDE";"19059090";"1";"15,90";"000/000001: 1";"REQUER_VALIDACAO: 1";"depende da validação";"nenhuma";"19059090-200003-I-16: 200/200003 (Anexo I, item 16; redução 100%; Art. 125; vigência desde 2026-01-01)";"";"";"0,00";"0,00";"0,00";"";"Enquadramento possível em 200003 (Anexo I, item 16), sujeito à conferência da descrição legal."
"17650003";"CANNOLI CREME";"19059090";"31";"271,56";"000/000001: 31";"REQUER_VALIDACAO: 31";"depende da validação";"nenhuma";"19059090-200003-I-16: 200/200003 (Anexo I, item 16; redução 100%; Art. 125; vigência desde 2026-01-01)";"";"";"0,00";"0,00";"0,00";"";"Enquadramento possível em 200003 (Anexo I, item 16), sujeito à conferência da descrição legal."
"17370003";"CANNOLI DOCE DE LEITE";"19059090";"18";"175,18";"000/000001: 18";"REQUER_VALIDACAO: 18";"depende da validação";"nenhuma";"19059090-200003-I-16: 200/200003 (Anexo I, item 16; redução 100%; Art. 125; vigência desde 2026-01-01)";"";"";"0,00";"0,00";"0,00";"";"Enquadramento possível em 200003 (Anexo I, item 16), sujeito à conferência da descrição legal."
"20550003";"CANNOLI PISTACHE";"19059090";"25";"314,20";"000/000001: 25";"REQUER_VALIDACAO: 25";"depende da validação";"nenhuma";"19059090-200003-I-16: 200/200003 (Anexo I, item 16; redução 100%; Art. 125; vigência desde 2026-01-01)";"";"";"0,00";"0,00";"0,00";"";"Enquadramento possível em 200003 (Anexo I, item 16), sujeito à conferência da descrição legal."
"26360003";"CATARINA";"19059090";"10";"240,79";"000/000001: 10";"REQUER_VALIDACAO: 10";"depende da validação";"nenhuma";"19059090-200003-I-16: 200/200003 (Anexo I, item 16; redução 100%; Art. 125; vigência desde 2026-01-01)";"";"";"0,00";"0,00";"0,00";"";"Enquadramento possível em 200003 (Anexo I, item 16), sujeito à conferência da descrição legal."
"20800003";"CHEESECAKE";"19059090";"63";"1737,83";"000/000001: 63";"INCORRETO_ECONOMIA: 63";"200/200003";"200/200003 (Anexo I, item 16; redução 100%; Art. 125; vigência desde 2026-01-01)";"19059090-200003-I-16: 200/200003 (Anexo I, item 16; redução 100%; Art. 125; vigência desde 2026-01-01)";"";"SIM 19059090-200003-I-16 (Sistema, 2026-09-26)";"17,38";"0,00";"0,00";"";"Benefício confirmado na validação: Cesta Básica Nacional de Alimentos (Art. 125)."
"11770001";"CHIPA KG";"19059090";"44";"161,73";"000/000001: 44";"REQUER_VALIDACAO: 44";"depende da validação";"nenhuma";"19059090-200003-I-16: 200/200003 (Anexo I, item 16; redução 100%; Art. 125; vigência desde 2026-01-01)";"";"";"0,00";"0,00";"0,00";"";"Enquadramento possível em 200003 (Anexo I, item 16), sujeito à conferência da descrição legal."
"28870003";"CHOUX CREAM";"19059090";"7";"128,66";"000/000001: 7";"REQUER_VALIDACAO: 7";"depende da validação";"nenhuma";"19059090-200003-I-16: 200/200003 (Anexo I, item 16; redução 100%; Art. 125; vigência desde 2026-01-01)";"";"";"0,00";"0,00";"0,00";"";"Enquadramento possível em 200003 (Anexo I, item 16), sujeito à conferência da descrição legal."
"31440003";"CIABATTA DE COSTELA";"19059090";"11";"661,89";"000/000001: 11";"INCORRETO_ECONOMIA: 11";"200/200003";"200/200003 (Anexo I, item 16; redução 100%; Art. 125; vigência desde 2026-01-01)";"19059090-200003-I-16: 200/200003 (Anexo I, item 16; redução 100%; Art. 125; vigência desde 2026-01-01)";"";"SIM 19059090-200003-I-16 (Sistema, 2026-09-27)";"6,62";"0,00";"0,00";"";"Benefício confirmado na validação: Cesta Básica Nacional de Alimentos (Art. 125)."
"31460003";"CIABATTA DE FILÉ MIGNON";"19059090";"11";"623,56";"000/000001: 11";"INCORRETO_ECONOMIA: 11";"200/200003";"200/200003 (Anexo I, item 16; redução 100%; Art. 125; vigência desde 2026-01-01)";"19059090-200003-I-16: 200/200003 (Anexo I, item 16; redução 100%; Art. 125; vigência desde 2026-01-01)";"";"SIM 19059090-200003-I-16 (Sistema, 2026-09-27)";"6,24";"0,00";"0,00";"";"Benefício confirmado na validação: Cesta Básica Nacional de Alimentos (Art. 125)."
"31450003";"CIABATTA DE FRANGO";"19059090";"7";"338,90";"000/000001: 7";"REQUER_VALIDACAO: 7";"depende da validação";"nenhuma";"19059090-200003-I-16: 200/200003 (Anexo I, item 16; redução 100%; Art. 125; vigência desde 2026-01-01)";"";"";"0,00";"0,00";"0,00";"";"Enquadramento possível em 200003 (Anexo I, item 16), sujeito à conferência da descrição legal."
"31360003";"CIABATTA NA CHAPA";"19059090";"1";"18,38";"000/000001: 1";"REQUER_VALIDACAO: 1";"depende da validação";"nenhuma";"19059090-200003-I-16: 200/200003 (Anexo I, item 16; redução 100%; Art. 125; vigência desde 2026-01-01)";"";"";"0,00";"0,00";"0,00";"";"Enquadramento possível em 200003 (Anexo I, item 16), sujeito à conferência da descrição legal."
"538";"CIABATTA NA CHAPA REQUEIJÃO";"19059090";"1";"21,89";"000/000001: 1";"REQUER_VALIDACAO: 1";"depende da validação";"nenhuma";"19059090-200003-I-16: 200/200003 (Anexo I, item 16; redução 100%; Art. 125; vigência desde 2026-01-01)";"";"";"0,00";"0,00";"0,00";"";"Enquadramento possível em 200003 (Anexo I, item 16), sujeito à conferência da descrição legal."
"20440003";"CINNAMON PISTACHE";"19059090";"4";"115,59";"000/000001: 4";"REQUER_VALIDACAO: 4";"depende da validação";"nenhuma";"19059090-200003-I-16: 200/200003 (Anexo I, item 16; redução 100%; Art. 125; vigência desde 2026-01-01)";"";"";"0,00";"0,00";"0,00";"";"Enquadramento possível em 200003 (Anexo I, item 16), sujeito à conferência da descrição legal."
"144";"CINNAMON ROLL TRADICIONAL";"19059090";"10";"157,50";"000/000001: 10";"REQUER_VALIDACAO: 10";"depende da validação";"nenhuma";"19059090-200003-I-16: 200/200003 (Anexo I, item 16; redução 100%; Art. 125; vigência desde 2026-01-01)";"";"";"0,00";"0,00";"0,00";"";"Enquadramento possível em 200003 (Anexo I, item 16), sujeito à conferência da descrição legal."
"10290";"COOKIE DE NUTELLA";"19059090";"16";"418,00";"ausente/ausente: 16";"NAO_OBRIGATORIO: 2 | INCORRETO_RISCO: 14";"depende da validação | 000/000001";"nenhuma";"19059090-200003-I-16: 200/200003 (Anexo I, item 16; redução 100%; Art. 125; vigência desde 2026-01-01)";"";"";"0,00";"0,00";"0,00";"";"Grupo IBS/CBS ainda não exigido nesta data. Ato Conjunto RFB/CGIBS nº 4/2026: cronograma em lotes, NF-e e NFC-e a partir de 03/08/2026"
"28450003";"COOKIES RECHEADO";"19059090";"39";"655,65";"000/000001: 39";"INCORRETO_ECONOMIA: 39";"200/200003";"200/200003 (Anexo I, item 16; redução 100%; Art. 125; vigência desde 2026-01-01)";"19059090-200003-I-16: 200/200003 (Anexo I, item 16; redução 100%; Art. 125; vigência desde 2026-01-01)";"";"SIM 19059090-200003-I-16 (Sistema, 2026-09-27)";"6,56";"0,00";"0,00";"";"Benefício confirmado na validação: Cesta Básica Nacional de Alimentos (Art. 125)."
"16620003";"COOKIES TRADICIONAL";"19059090";"45";"600,70";"000/000001: 45";"INCORRETO_ECONOMIA: 45";"200/200003";"200/200003 (Anexo I, item 16; redução 100%; Art. 125; vigência desde 2026-01-01)";"19059090-200003-I-16: 200/200003 (Anexo I, item 16; redução 100%; Art. 125; vigência desde 2026-01-01)";"";"SIM 19059090-200003-I-16 (Sistema, 2026-09-27)";"6,01";"0,00";"0,00";"";"Benefício confirmado na validação: Cesta Básica Nacional de Alimentos (Art. 125)."
"105";"COXINHA DE MORANGO";"19059090";"1";"26,26";"000/000001: 1";"REQUER_VALIDACAO: 1";"depende da validação";"nenhuma";"19059090-200003-I-16: 200/200003 (Anexo I, item 16; redução 100%; Art. 125; vigência desde 2026-01-01)";"";"";"0,00";"0,00";"0,00";"";"Enquadramento possível em 200003 (Anexo I, item 16), sujeito à conferência da descrição legal."
"30730003";"CREPIOCA QUEIJO E  PRESUNTO";"19059090";"2";"84,05";"000/000001: 2";"REQUER_VALIDACAO: 2";"depende da validação";"nenhuma";"19059090-200003-I-16: 200/200003 (Anexo I, item 16; redução 100%; Art. 125; vigência desde 2026-01-01)";"";"";"0,00";"0,00";"0,00";"";"Enquadramento possível em 200003 (Anexo I, item 16), sujeito à conferência da descrição legal."
"34580003";"CROISSANT BRIOCHE";"19059090";"6";"84,06";"000/000001: 6";"REQUER_VALIDACAO: 6";"depende da validação";"nenhuma";"19059090-200003-I-16: 200/200003 (Anexo I, item 16; redução 100%; Art. 125; vigência desde 2026-01-01)";"";"";"0,00";"0,00";"0,00";"";"Enquadramento possível em 200003 (Anexo I, item 16), sujeito à conferência da descrição legal."
"107";"CROISSANT FOLHADO";"19059090";"54";"1030,35";"000/000001: 54";"CORRETO: 54";"000/000001";"nenhuma";"19059090-200003-I-16: 200/200003 (Anexo I, item 16; redução 100%; Art. 125; vigência desde 2026-01-01)";"";"NAO 19059090-200003-I-16 (Sistema, 2026-09-27)";"0,00";"0,00";"0,00";"";"Todas as regras do NCM foram descartadas na validação: o produto não se enquadra na descrição legal."
"31350003";"CROISSANT NA CHAPA";"19059090";"2";"55,16";"000/000001: 2";"REQUER_VALIDACAO: 2";"depende da validação";"nenhuma";"19059090-200003-I-16: 200/200003 (Anexo I, item 16; redução 100%; Art. 125; vigência desde 2026-01-01)";"";"";"0,00";"0,00";"0,00";"";"Enquadramento possível em 200003 (Anexo I, item 16), sujeito à conferência da descrição legal."
"259";"CROISSANT RECHEADO G";"19059090";"12";"231,24";"000/000001: 12";"REQUER_VALIDACAO: 12";"depende da validação";"nenhuma";"19059090-200003-I-16: 200/200003 (Anexo I, item 16; redução 100%; Art. 125; vigência desde 2026-01-01)";"";"";"0,00";"0,00";"0,00";"";"Enquadramento possível em 200003 (Anexo I, item 16), sujeito à conferência da descrição legal."
"34350003";"CROQUE MADAME";"19059090";"13";"702,71";"000/000001: 13";"INCORRETO_ECONOMIA: 13";"200/200003";"200/200003 (Anexo I, item 16; redução 100%; Art. 125; vigência desde 2026-01-01)";"19059090-200003-I-16: 200/200003 (Anexo I, item 16; redução 100%; Art. 125; vigência desde 2026-01-01)";"";"SIM 19059090-200003-I-16 (Sistema, 2026-09-27)";"7,03";"0,00";"0,00";"";"Benefício confirmado na validação: Cesta Básica Nacional de Alimentos (Art. 125)."
"30020003";"CROQUE MONSIEUR";"19059090";"43";"1409,24";"000/000001: 43";"INCORRETO_ECONOMIA: 43";"200/200003";"200/200003 (Anexo I, item 16; redução 100%; Art. 125; vigência desde 2026-01-01)";"19059090-200003-I-16: 200/200003 (Anexo I, item 16; redução 100%; Art. 125; vigência desde 2026-01-01)";"";"SIM 19059090-200003-I-16 (Sistema, 2026-09-27)";"14,09";"0,00";"0,00";"";"Benefício confirmado na validação: Cesta Básica Nacional de Alimentos (Art. 125)."
"147852";"CUCA BANDEJA";"19059090";"1";"39,74";"000/000001: 1";"REQUER_VALIDACAO: 1";"depende da validação";"nenhuma";"19059090-200003-I-16: 200/200003 (Anexo I, item 16; redução 100%; Art. 125; vigência desde 2026-01-01)";"";"";"0,00";"0,00";"0,00";"";"Enquadramento possível em 200003 (Anexo I, item 16), sujeito à conferência da descrição legal."
"37310003";"DELÍCIA DE PARIS";"19059090";"8";"189,60";"ausente/ausente: 8";"NAO_OBRIGATORIO: 1 | INCORRETO_RISCO: 7";"depende da validação | 000/000001";"nenhuma";"19059090-200003-I-16: 200/200003 (Anexo I, item 16; redução 100%; Art. 125; vigência desde 2026-01-01)";"";"";"0,00";"0,00";"0,00";"";"Grupo IBS/CBS ainda não exigido nesta data. Ato Conjunto RFB/CGIBS nº 4/2026: cronograma em lotes, NF-e e NFC-e a partir de 03/08/2026"
"137";"DOGUINHO";"19059090";"14";"247,33";"000/000001: 14";"REQUER_VALIDACAO: 14";"depende da validação";"nenhuma";"19059090-200003-I-16: 200/200003 (Anexo I, item 16; redução 100%; Art. 125; vigência desde 2026-01-01)";"";"";"0,00";"0,00";"0,00";"";"Enquadramento possível em 200003 (Anexo I, item 16), sujeito à conferência da descrição legal."
"26110003";"ENTREMET JURERE";"19059090";"1";"63,04";"000/000001: 1";"REQUER_VALIDACAO: 1";"depende da validação";"nenhuma";"19059090-200003-I-16: 200/200003 (Anexo I, item 16; redução 100%; Art. 125; vigência desde 2026-01-01)";"";"";"0,00";"0,00";"0,00";"";"Enquadramento possível em 200003 (Anexo I, item 16), sujeito à conferência da descrição legal."
"26120003";"ENTREMET PERSONAGEM";"19059090";"42";"1481,42";"000/000001: 42";"INCORRETO_ECONOMIA: 42";"200/200003";"200/200003 (Anexo I, item 16; redução 100%; Art. 125; vigência desde 2026-01-01)";"19059090-200003-I-16: 200/200003 (Anexo I, item 16; redução 100%; Art. 125; vigência desde 2026-01-01)";"";"SIM 19059090-200003-I-16 (Sistema, 2026-09-26)";"14,81";"0,00";"0,00";"";"Benefício confirmado na validação: Cesta Básica Nacional de Alimentos (Art. 125)."
"11350001";"FATIA TORTA";"19059090";"99";"2546,63";"000/000001: 99";"INCORRETO_ECONOMIA: 99";"200/200003";"200/200003 (Anexo I, item 16; redução 100%; Art. 125; vigência desde 2026-01-01)";"19059090-200003-I-16: 200/200003 (Anexo I, item 16; redução 100%; Art. 125; vigência desde 2026-01-01)";"";"SIM 19059090-200003-I-16 (Sistema, 2026-09-26)";"25,47";"0,00";"0,00";"";"Benefício confirmado na validação: Cesta Básica Nacional de Alimentos (Art. 125)."
"21440003";"FATIA UNGRA";"19059090";"4";"44,05";"000/000001: 4";"REQUER_VALIDACAO: 4";"depende da validação";"nenhuma";"19059090-200003-I-16: 200/200003 (Anexo I, item 16; redução 100%; Art. 125; vigência desde 2026-01-01)";"";"";"0,00";"0,00";"0,00";"";"Enquadramento possível em 200003 (Anexo I, item 16), sujeito à conferência da descrição legal."
"19890003";"FOLHADO DE FRUTAS VERMELHAS";"19059090";"7";"91,91";"000/000001: 7";"REQUER_VALIDACAO: 7";"depende da validação";"nenhuma";"19059090-200003-I-16: 200/200003 (Anexo I, item 16; redução 100%; Art. 125; vigência desde 2026-01-01)";"";"";"0,00";"0,00";"0,00";"";"Enquadramento possível em 200003 (Anexo I, item 16), sujeito à conferência da descrição legal."
"209";"FOLHADO DE PRESUNTO E QUEIJO";"19059090";"6";"131,75";"000/000001: 6";"REQUER_VALIDACAO: 6";"depende da validação";"nenhuma";"19059090-200003-I-16: 200/200003 (Anexo I, item 16; redução 100%; Art. 125; vigência desde 2026-01-01)";"";"";"0,00";"0,00";"0,00";"";"Enquadramento possível em 200003 (Anexo I, item 16), sujeito à conferência da descrição legal."
"24680003";"FOLHADO DOCE ABACAXI";"19059090";"9";"118,17";"000/000001: 9";"REQUER_VALIDACAO: 9";"depende da validação";"nenhuma";"19059090-200003-I-16: 200/200003 (Anexo I, item 16; redução 100%; Art. 125; vigência desde 2026-01-01)";"";"";"0,00";"0,00";"0,00";"";"Enquadramento possível em 200003 (Anexo I, item 16), sujeito à conferência da descrição legal."
"818";"FOLHADO DOCE BANANA";"19059090";"18";"251,79";"000/000001: 18";"REQUER_VALIDACAO: 18";"depende da validação";"nenhuma";"19059090-200003-I-16: 200/200003 (Anexo I, item 16; redução 100%; Art. 125; vigência desde 2026-01-01)";"";"";"0,00";"0,00";"0,00";"";"Enquadramento possível em 200003 (Anexo I, item 16), sujeito à conferência da descrição legal."
"741";"FOLHADO DOCE MAÇA";"19059090";"20";"280,20";"000/000001: 20";"REQUER_VALIDACAO: 20";"depende da validação";"nenhuma";"19059090-200003-I-16: 200/200003 (Anexo I, item 16; redução 100%; Art. 125; vigência desde 2026-01-01)";"";"";"0,00";"0,00";"0,00";"";"Enquadramento possível em 200003 (Anexo I, item 16), sujeito à conferência da descrição legal."
"37300003";"FOLHADO DOCE MORANGOS";"19059090";"1";"15,00";"ausente/ausente: 1";"NAO_OBRIGATORIO: 1";"depende da validação";"nenhuma";"";"";"";"0,00";"0,00";"0,00";"";"Grupo IBS/CBS ainda não exigido nesta data. Ato Conjunto RFB/CGIBS nº 4/2026: cronograma em lotes, NF-e e NFC-e a partir de 03/08/2026"
"37290003";"FOLHADO DOCE UVA";"19059090";"1";"15,00";"ausente/ausente: 1";"NAO_OBRIGATORIO: 1";"depende da validação";"nenhuma";"";"";"";"0,00";"0,00";"0,00";"";"Grupo IBS/CBS ainda não exigido nesta data. Ato Conjunto RFB/CGIBS nº 4/2026: cronograma em lotes, NF-e e NFC-e a partir de 03/08/2026"
"529";"FRANCES INTEGRAL NA CHAPA REQUEIJAO";"19059090";"1";"12,26";"000/000001: 1";"REQUER_VALIDACAO: 1";"depende da validação";"nenhuma";"19059090-200003-I-16: 200/200003 (Anexo I, item 16; redução 100%; Art. 125; vigência desde 2026-01-01)";"";"";"0,00";"0,00";"0,00";"";"Enquadramento possível em 200003 (Anexo I, item 16), sujeito à conferência da descrição legal."
"31330003";"FRANCES NA CHAPA";"19059090";"15";"232,90";"000/000001: 15";"REQUER_VALIDACAO: 15";"depende da validação";"nenhuma";"19059090-200003-I-16: 200/200003 (Anexo I, item 16; redução 100%; Art. 125; vigência desde 2026-01-01)";"";"";"0,00";"0,00";"0,00";"";"Enquadramento possível em 200003 (Anexo I, item 16), sujeito à conferência da descrição legal."
"9870001";"FRANCES NA CHAPA REQUEIJÃO";"19059090";"14";"236,24";"000/000001: 14";"REQUER_VALIDACAO: 14";"depende da validação";"nenhuma";"19059090-200003-I-16: 200/200003 (Anexo I, item 16; redução 100%; Art. 125; vigência desde 2026-01-01)";"";"";"0,00";"0,00";"0,00";"";"Enquadramento possível em 200003 (Anexo I, item 16), sujeito à conferência da descrição legal."
"37280003";"JALOUISE BANANA";"19059090";"2";"30,00";"ausente/ausente: 2";"NAO_OBRIGATORIO: 1 | INCORRETO_RISCO: 1";"depende da validação | 000/000001";"nenhuma";"19059090-200003-I-16: 200/200003 (Anexo I, item 16; redução 100%; Art. 125; vigência desde 2026-01-01)";"";"";"0,00";"0,00";"0,00";"";"Grupo IBS/CBS ainda não exigido nesta data. Ato Conjunto RFB/CGIBS nº 4/2026: cronograma em lotes, NF-e e NFC-e a partir de 03/08/2026"
"33740003";"JALOUISE GOIABA";"19059090";"7";"91,91";"000/000001: 7";"REQUER_VALIDACAO: 7";"depende da validação";"nenhuma";"19059090-200003-I-16: 200/200003 (Anexo I, item 16; redução 100%; Art. 125; vigência desde 2026-01-01)";"";"";"0,00";"0,00";"0,00";"";"Enquadramento possível em 200003 (Anexo I, item 16), sujeito à conferência da descrição legal."
"33730003";"JALOUISE MAÇA";"19059090";"18";"236,34";"000/000001: 18";"REQUER_VALIDACAO: 18";"depende da validação";"nenhuma";"19059090-200003-I-16: 200/200003 (Anexo I, item 16; redução 100%; Art. 125; vigência desde 2026-01-01)";"";"";"0,00";"0,00";"0,00";"";"Enquadramento possível em 200003 (Anexo I, item 16), sujeito à conferência da descrição legal."
"123";"KIBE";"19059090";"9";"163,77";"000/000001: 9";"REQUER_VALIDACAO: 9";"depende da validação";"nenhuma";"19059090-200003-I-16: 200/200003 (Anexo I, item 16; redução 100%; Art. 125; vigência desde 2026-01-01)";"";"";"0,00";"0,00";"0,00";"";"Enquadramento possível em 200003 (Anexo I, item 16), sujeito à conferência da descrição legal."
"9330003";"MEDIALUNA";"19059090";"27";"186,01";"000/000001: 27";"REQUER_VALIDACAO: 27";"depende da validação";"nenhuma";"19059090-200003-I-16: 200/200003 (Anexo I, item 16; redução 100%; Art. 125; vigência desde 2026-01-01)";"";"";"0,00";"0,00";"0,00";"";"Enquadramento possível em 200003 (Anexo I, item 16), sujeito à conferência da descrição legal."
"31600003";"MEDIALUNA GRANDE";"19059090";"4";"42,04";"000/000001: 4";"REQUER_VALIDACAO: 4";"depende da validação";"nenhuma";"19059090-200003-I-16: 200/200003 (Anexo I, item 16; redução 100%; Art. 125; vigência desde 2026-01-01)";"";"";"0,00";"0,00";"0,00";"";"Enquadramento possível em 200003 (Anexo I, item 16), sujeito à conferência da descrição legal."
"9230003";"MIL FOLHAS CREME";"19059090";"1";"19,27";"000/000001: 1";"REQUER_VALIDACAO: 1";"depende da validação";"nenhuma";"19059090-200003-I-16: 200/200003 (Anexo I, item 16; redução 100%; Art. 125; vigência desde 2026-01-01)";"";"";"0,00";"0,00";"0,00";"";"Enquadramento possível em 200003 (Anexo I, item 16), sujeito à conferência da descrição legal."
"32870003";"MINI MACARON POTE";"19059090";"29";"980,49";"000/000001: 29";"INCORRETO_ECONOMIA: 29";"200/200003";"200/200003 (Anexo I, item 16; redução 100%; Art. 125; vigência desde 2026-01-01)";"19059090-200003-I-16: 200/200003 (Anexo I, item 16; redução 100%; Art. 125; vigência desde 2026-01-01)";"";"SIM 19059090-200003-I-16 (Sistema, 2026-09-27)";"9,80";"0,00";"0,00";"";"Benefício confirmado na validação: Cesta Básica Nacional de Alimentos (Art. 125)."
"35310003";"MISTO FRIO NO FRANCÊS";"19059090";"1";"38,52";"000/000001: 1";"REQUER_VALIDACAO: 1";"depende da validação";"nenhuma";"19059090-200003-I-16: 200/200003 (Anexo I, item 16; redução 100%; Art. 125; vigência desde 2026-01-01)";"";"";"0,00";"0,00";"0,00";"";"Enquadramento possível em 200003 (Anexo I, item 16), sujeito à conferência da descrição legal."
"31120003";"MISTO QUENTE BAGUETE";"19059090";"6";"177,72";"000/000001: 6";"REQUER_VALIDACAO: 6";"depende da validação";"nenhuma";"19059090-200003-I-16: 200/200003 (Anexo I, item 16; redução 100%; Art. 125; vigência desde 2026-01-01)";"";"";"0,00";"0,00";"0,00";"";"Enquadramento possível em 200003 (Anexo I, item 16), sujeito à conferência da descrição legal."
"31110003";"MISTO QUENTE CIABATTA";"19059090";"2";"50,78";"000/000001: 2";"REQUER_VALIDACAO: 2";"depende da validação";"nenhuma";"19059090-200003-I-16: 200/200003 (Anexo I, item 16; redução 100%; Art. 125; vigência desde 2026-01-01)";"";"";"0,00";"0,00";"0,00";"";"Enquadramento possível em 200003 (Anexo I, item 16), sujeito à conferência da descrição legal."
"483";"MISTO QUENTE CROISSANT";"19059090";"20";"583,86";"000/000001: 20";"INCORRETO_ECONOMIA: 20";"200/200003";"200/200003 (Anexo I, item 16; redução 100%; Art. 125; vigência desde 2026-01-01)";"19059090-200003-I-16: 200/200003 (Anexo I, item 16; redução 100%; Art. 125; vigência desde 2026-01-01)";"";"SIM 19059090-200003-I-16 (Sistema, 2026-09-27)";"5,84";"0,00";"0,00";"";"Benefício confirmado na validação: Cesta Básica Nacional de Alimentos (Art. 125)."
"17670003";"MISTO QUENTE FORMA";"19059090";"7";"134,89";"000/000001: 7";"REQUER_VALIDACAO: 7";"depende da validação";"nenhuma";"19059090-200003-I-16: 200/200003 (Anexo I, item 16; redução 100%; Art. 125; vigência desde 2026-01-01)";"";"";"0,00";"0,00";"0,00";"";"Enquadramento possível em 200003 (Anexo I, item 16), sujeito à conferência da descrição legal."
"31080003";"MISTO QUENTE FRANCÊS";"19059090";"48";"1117,47";"000/000001: 48";"INCORRETO_ECONOMIA: 48";"200/200003";"200/200003 (Anexo I, item 16; redução 100%; Art. 125; vigência desde 2026-01-01)";"19059090-200003-I-16: 200/200003 (Anexo I, item 16; redução 100%; Art. 125; vigência desde 2026-01-01)";"";"SIM 19059090-200003-I-16 (Sistema, 2026-09-27)";"11,17";"0,00";"0,00";"";"Benefício confirmado na validação: Cesta Básica Nacional de Alimentos (Art. 125)."
"31090003";"MISTO QUENTE INTEGRAL";"19059090";"1";"19,27";"000/000001: 1";"REQUER_VALIDACAO: 1";"depende da validação";"nenhuma";"19059090-200003-I-16: 200/200003 (Anexo I, item 16; redução 100%; Art. 125; vigência desde 2026-01-01)";"";"";"0,00";"0,00";"0,00";"";"Enquadramento possível em 200003 (Anexo I, item 16), sujeito à conferência da descrição legal."
"17690003";"MUFFIN DE BAUNILHA";"19059090";"8";"98,08";"000/000001: 8";"REQUER_VALIDACAO: 8";"depende da validação";"nenhuma";"19059090-200003-I-16: 200/200003 (Anexo I, item 16; redução 100%; Art. 125; vigência desde 2026-01-01)";"";"";"0,00";"0,00";"0,00";"";"Enquadramento possível em 200003 (Anexo I, item 16), sujeito à conferência da descrição legal."
"17680003";"MUFFIN DE CHOCOLATE";"19059090";"4";"49,04";"000/000001: 4";"REQUER_VALIDACAO: 4";"depende da validação";"nenhuma";"19059090-200003-I-16: 200/200003 (Anexo I, item 16; redução 100%; Art. 125; vigência desde 2026-01-01)";"";"";"0,00";"0,00";"0,00";"";"Enquadramento possível em 200003 (Anexo I, item 16), sujeito à conferência da descrição legal."
"32340003";"NEW YORK ROLL";"19059090";"4";"77,08";"000/000001: 4";"REQUER_VALIDACAO: 4";"depende da validação";"nenhuma";"19059090-200003-I-16: 200/200003 (Anexo I, item 16; redução 100%; Art. 125; vigência desde 2026-01-01)";"";"";"0,00";"0,00";"0,00";"";"Enquadramento possível em 200003 (Anexo I, item 16), sujeito à conferência da descrição legal."
"149";"ORELHA DE GATO";"19059090";"27";"125,30";"000/000001: 27";"REQUER_VALIDACAO: 27";"depende da validação";"nenhuma";"19059090-200003-I-16: 200/200003 (Anexo I, item 16; redução 100%; Art. 125; vigência desde 2026-01-01)";"";"";"0,00";"0,00";"0,00";"";"Enquadramento possível em 200003 (Anexo I, item 16), sujeito à conferência da descrição legal."
"11320003";"PALITO DE PARMESAO KG";"19059090";"27";"173,59";"000/000001: 27";"REQUER_VALIDACAO: 27";"depende da validação";"nenhuma";"19059090-200003-I-16: 200/200003 (Anexo I, item 16; redução 100%; Art. 125; vigência desde 2026-01-01)";"";"";"0,00";"0,00";"0,00";"";"Enquadramento possível em 200003 (Anexo I, item 16), sujeito à conferência da descrição legal."
"91";"PALMIER 50 KG";"19059090";"20";"69,07";"000/000001: 20";"REQUER_VALIDACAO: 20";"depende da validação";"nenhuma";"19059090-200003-I-16: 200/200003 (Anexo I, item 16; redução 100%; Art. 125; vigência desde 2026-01-01)";"";"";"0,00";"0,00";"0,00";"";"Enquadramento possível em 200003 (Anexo I, item 16), sujeito à conferência da descrição legal."
"139";"PAO CIABATTA KG";"19059090";"10";"72,57";"000/000001: 10";"REQUER_VALIDACAO: 10";"depende da validação";"nenhuma";"19059090-200003-I-16: 200/200003 (Anexo I, item 16; redução 100%; Art. 125; vigência desde 2026-01-01)";"";"";"0,00";"0,00";"0,00";"";"Enquadramento possível em 200003 (Anexo I, item 16), sujeito à conferência da descrição legal."
"30030003";"PÃO COM OVO FRANCES";"19059090";"19";"336,20";"000/000001: 19";"REQUER_VALIDACAO: 19";"depende da validação";"nenhuma";"19059090-200003-I-16: 200/200003 (Anexo I, item 16; redução 100%; Art. 125; vigência desde 2026-01-01)";"";"";"0,00";"0,00";"0,00";"";"Enquadramento possível em 200003 (Anexo I, item 16), sujeito à conferência da descrição legal."
"30040003";"PAO COM OVO OUTROS PAES";"19059090";"3";"80,40";"000/000001: 3";"REQUER_VALIDACAO: 3";"depende da validação";"nenhuma";"19059090-200003-I-16: 200/200003 (Anexo I, item 16; redução 100%; Art. 125; vigência desde 2026-01-01)";"";"";"0,00";"0,00";"0,00";"";"Enquadramento possível em 200003 (Anexo I, item 16), sujeito à conferência da descrição legal."
"152";"PAO DE QUEIJO GRANDE";"19059090";"113";"1586,67";"000/000001: 113";"INCORRETO_ECONOMIA: 113";"200/200003";"200/200003 (Anexo I, item 16; redução 100%; Art. 125; vigência desde 2026-01-01)";"19059090-200003-I-16: 200/200003 (Anexo I, item 16; redução 100%; Art. 125; vigência desde 2026-01-01)";"";"SIM 19059090-200003-I-16 (Sistema, 2026-09-26)";"15,87";"0,00";"0,00";"";"Benefício confirmado na validação: Cesta Básica Nacional de Alimentos (Art. 125)."
"151";"PAO DE QUEIJO PEQUENO";"19059090";"119";"716,90";"000/000001: 119";"INCORRETO_ECONOMIA: 119";"200/200003";"200/200003 (Anexo I, item 16; redução 100%; Art. 125; vigência desde 2026-01-01)";"19059090-200003-I-16: 200/200003 (Anexo I, item 16; redução 100%; Art. 125; vigência desde 2026-01-01)";"";"SIM 19059090-200003-I-16 (Sistema, 2026-09-27)";"7,17";"0,00";"0,00";"";"Benefício confirmado na validação: Cesta Básica Nacional de Alimentos (Art. 125)."
"13280003";"PAO DE QUEIJO RECHEADO";"19059090";"2";"26,26";"000/000001: 2";"REQUER_VALIDACAO: 2";"depende da validação";"nenhuma";"19059090-200003-I-16: 200/200003 (Anexo I, item 16; redução 100%; Art. 125; vigência desde 2026-01-01)";"";"";"0,00";"0,00";"0,00";"";"Enquadramento possível em 200003 (Anexo I, item 16), sujeito à conferência da descrição legal."
"261";"PAO DOCE ESPECIAL KG";"19059090";"3";"21,04";"000/000001: 3";"REQUER_VALIDACAO: 3";"depende da validação";"nenhuma";"19059090-200003-I-16: 200/200003 (Anexo I, item 16; redução 100%; Art. 125; vigência desde 2026-01-01)";"";"";"0,00";"0,00";"0,00";"";"Enquadramento possível em 200003 (Anexo I, item 16), sujeito à conferência da descrição legal."
"141";"PÃO DOCE KG";"19059090";"16";"80,70";"000/000001: 16";"REQUER_VALIDACAO: 16";"depende da validação";"nenhuma";"19059090-200003-I-16: 200/200003 (Anexo I, item 16; redução 100%; Art. 125; vigência desde 2026-01-01)";"";"";"0,00";"0,00";"0,00";"";"Enquadramento possível em 200003 (Anexo I, item 16), sujeito à conferência da descrição legal."
"76";"PAO FRANCES  KG";"19059090";"159";"897,16";"000/000001: 159";"INCORRETO_ECONOMIA: 159";"200/200003";"200/200003 (Anexo I, item 16; redução 100%; Art. 125; vigência desde 2026-01-01)";"19059090-200003-I-16: 200/200003 (Anexo I, item 16; redução 100%; Art. 125; vigência desde 2026-01-01)";"";"SIM 19059090-200003-I-16 (Sistema, 2026-09-26)";"8,97";"0,00";"0,00";"";"Benefício confirmado na validação: Cesta Básica Nacional de Alimentos (Art. 125)."
"31320003";"PÃO FRANCÊS COM BOLINHO";"19059090";"6";"168,09";"000/000001: 6";"REQUER_VALIDACAO: 6";"depende da validação";"nenhuma";"19059090-200003-I-16: 200/200003 (Anexo I, item 16; redução 100%; Art. 125; vigência desde 2026-01-01)";"";"";"0,00";"0,00";"0,00";"";"Enquadramento possível em 200003 (Anexo I, item 16), sujeito à conferência da descrição legal."
"10190003";"PAO FRANCES INTEGRAL KG";"19059090";"6";"20,40";"000/000001: 6";"REQUER_VALIDACAO: 6";"depende da validação";"nenhuma";"19059090-200003-I-16: 200/200003 (Anexo I, item 16; redução 100%; Art. 125; vigência desde 2026-01-01)";"";"";"0,00";"0,00";"0,00";"";"Enquadramento possível em 200003 (Anexo I, item 16), sujeito à conferência da descrição legal."
"10170001";"PÃO ITALIANO DE FERMENTAÇÃO NATURAL- ALECRIM E AZEITE";"19059090";"4";"97,81";"000/000001: 4";"REQUER_VALIDACAO: 4";"depende da validação";"nenhuma";"19059090-200003-I-16: 200/200003 (Anexo I, item 16; redução 100%; Art. 125; vigência desde 2026-01-01)";"";"";"0,00";"0,00";"0,00";"";"Enquadramento possível em 200003 (Anexo I, item 16), sujeito à conferência da descrição legal."
"803";"PÃO ITALIANO DE FERMENTAÇÃO NATURAL- CÚRCUMA E LINGUICA";"19059090";"1";"24,74";"000/000001: 1";"REQUER_VALIDACAO: 1";"depende da validação";"nenhuma";"19059090-200003-I-16: 200/200003 (Anexo I, item 16; redução 100%; Art. 125; vigência desde 2026-01-01)";"";"";"0,00";"0,00";"0,00";"";"Enquadramento possível em 200003 (Anexo I, item 16), sujeito à conferência da descrição legal."
"23330003";"PÃO ITALIANO DE FERMENTAÇÃO NATURAL- ITALIANO";"19059090";"2";"49,48";"000/000001: 2";"REQUER_VALIDACAO: 2";"depende da validação";"nenhuma";"19059090-200003-I-16: 200/200003 (Anexo I, item 16; redução 100%; Art. 125; vigência desde 2026-01-01)";"";"";"0,00";"0,00";"0,00";"";"Enquadramento possível em 200003 (Anexo I, item 16), sujeito à conferência da descrição legal."
"699";"PÃO ITALIANO DE FERMENTAÇÃO NATURAL- MULTIGRAOS";"19059090";"5";"123,70";"000/000001: 5";"REQUER_VALIDACAO: 5";"depende da validação";"nenhuma";"19059090-200003-I-16: 200/200003 (Anexo I, item 16; redução 100%; Art. 125; vigência desde 2026-01-01)";"";"";"0,00";"0,00";"0,00";"";"Enquadramento possível em 200003 (Anexo I, item 16), sujeito à conferência da descrição legal."
"10120003";"PÃO ITALIANO DE FERMENTAÇÃO NATURAL- PROVOLONE";"19059090";"4";"96,48";"000/000001: 4";"REQUER_VALIDACAO: 4";"depende da validação";"nenhuma";"19059090-200003-I-16: 200/200003 (Anexo I, item 16; redução 100%; Art. 125; vigência desde 2026-01-01)";"";"";"0,00";"0,00";"0,00";"";"Enquadramento possível em 200003 (Anexo I, item 16), sujeito à conferência da descrição legal."
"246";"PASTEL DE BELEM";"19059090";"54";"966,50";"000/000001: 54";"INCORRETO_ECONOMIA: 54";"200/200003";"200/200003 (Anexo I, item 16; redução 100%; Art. 125; vigência desde 2026-01-01)";"19059090-200003-I-16: 200/200003 (Anexo I, item 16; redução 100%; Art. 125; vigência desde 2026-01-01)";"";"SIM 19059090-200003-I-16 (Sistema, 2026-09-27)";"9,67";"0,00";"0,00";"";"Benefício confirmado na validação: Cesta Básica Nacional de Alimentos (Art. 125)."
"824";"PAULISTA OUTROS PÃES";"19059090";"4";"122,56";"000/000001: 4";"REQUER_VALIDACAO: 4";"depende da validação";"nenhuma";"19059090-200003-I-16: 200/200003 (Anexo I, item 16; redução 100%; Art. 125; vigência desde 2026-01-01)";"";"";"0,00";"0,00";"0,00";"";"Enquadramento possível em 200003 (Anexo I, item 16), sujeito à conferência da descrição legal."
"33610003";"PAVLOVA";"19059090";"2";"45,52";"000/000001: 2";"REQUER_VALIDACAO: 2";"depende da validação";"nenhuma";"19059090-200003-I-16: 200/200003 (Anexo I, item 16; redução 100%; Art. 125; vigência desde 2026-01-01)";"";"";"0,00";"0,00";"0,00";"";"Enquadramento possível em 200003 (Anexo I, item 16), sujeito à conferência da descrição legal."
"11480001";"PIRULITO PSICOLELICO";"19059090";"2";"11,92";"000/000001: 2";"REQUER_VALIDACAO: 2";"depende da validação";"nenhuma";"19059090-200003-I-16: 200/200003 (Anexo I, item 16; redução 100%; Art. 125; vigência desde 2026-01-01)";"";"";"0,00";"0,00";"0,00";"";"Enquadramento possível em 200003 (Anexo I, item 16), sujeito à conferência da descrição legal."
"21420003";"QUEIJADINHA";"19059090";"18";"283,70";"000/000001: 18";"REQUER_VALIDACAO: 18";"depende da validação";"nenhuma";"19059090-200003-I-16: 200/200003 (Anexo I, item 16; redução 100%; Art. 125; vigência desde 2026-01-01)";"";"";"0,00";"0,00";"0,00";"";"Enquadramento possível em 200003 (Anexo I, item 16), sujeito à conferência da descrição legal."
"31210003";"QUEIJO QUENTE BAGUETE";"19059090";"2";"47,28";"000/000001: 2";"REQUER_VALIDACAO: 2";"depende da validação";"nenhuma";"19059090-200003-I-16: 200/200003 (Anexo I, item 16; redução 100%; Art. 125; vigência desde 2026-01-01)";"";"";"0,00";"0,00";"0,00";"";"Enquadramento possível em 200003 (Anexo I, item 16), sujeito à conferência da descrição legal."
"31200003";"QUEIJO QUENTE CIABATTA";"19059090";"2";"47,28";"000/000001: 2";"REQUER_VALIDACAO: 2";"depende da validação";"nenhuma";"19059090-200003-I-16: 200/200003 (Anexo I, item 16; redução 100%; Art. 125; vigência desde 2026-01-01)";"";"";"0,00";"0,00";"0,00";"";"Enquadramento possível em 200003 (Anexo I, item 16), sujeito à conferência da descrição legal."
"31190003";"QUEIJO QUENTE CROISSANT";"19059090";"10";"236,40";"000/000001: 10";"REQUER_VALIDACAO: 10";"depende da validação";"nenhuma";"19059090-200003-I-16: 200/200003 (Anexo I, item 16; redução 100%; Art. 125; vigência desde 2026-01-01)";"";"";"0,00";"0,00";"0,00";"";"Enquadramento possível em 200003 (Anexo I, item 16), sujeito à conferência da descrição legal."
"31170003";"QUEIJO QUENTE FRANCÊS";"19059090";"34";"647,87";"000/000001: 34";"INCORRETO_ECONOMIA: 34";"200/200003";"200/200003 (Anexo I, item 16; redução 100%; Art. 125; vigência desde 2026-01-01)";"19059090-200003-I-16: 200/200003 (Anexo I, item 16; redução 100%; Art. 125; vigência desde 2026-01-01)";"";"SIM 19059090-200003-I-16 (Sistema, 2026-09-27)";"6,48";"0,00";"0,00";"";"Benefício confirmado na validação: Cesta Básica Nacional de Alimentos (Art. 125)."
"31180003";"QUEIJO QUENTE INTEGRAL";"19059090";"1";"17,51";"000/000001: 1";"REQUER_VALIDACAO: 1";"depende da validação";"nenhuma";"19059090-200003-I-16: 200/200003 (Anexo I, item 16; redução 100%; Art. 125; vigência desde 2026-01-01)";"";"";"0,00";"0,00";"0,00";"";"Enquadramento possível em 200003 (Anexo I, item 16), sujeito à conferência da descrição legal."
"33720003";"QUEIJO QUENTE PÃO DE FORMA";"19059090";"1";"17,51";"000/000001: 1";"REQUER_VALIDACAO: 1";"depende da validação";"nenhuma";"19059090-200003-I-16: 200/200003 (Anexo I, item 16; redução 100%; Art. 125; vigência desde 2026-01-01)";"";"";"0,00";"0,00";"0,00";"";"Enquadramento possível em 200003 (Anexo I, item 16), sujeito à conferência da descrição legal."
"11590001";"QUICHE FATIA";"19059090";"9";"149,76";"000/000001: 9";"REQUER_VALIDACAO: 9";"depende da validação";"nenhuma";"19059090-200003-I-16: 200/200003 (Anexo I, item 16; redução 100%; Art. 125; vigência desde 2026-01-01)";"";"";"0,00";"0,00";"0,00";"";"Enquadramento possível em 200003 (Anexo I, item 16), sujeito à conferência da descrição legal."
"241";"QUINDIM";"19059090";"1";"10,25";"000/000001: 1";"REQUER_VALIDACAO: 1";"depende da validação";"nenhuma";"19059090-200003-I-16: 200/200003 (Anexo I, item 16; redução 100%; Art. 125; vigência desde 2026-01-01)";"";"";"0,00";"0,00";"0,00";"";"Enquadramento possível em 200003 (Anexo I, item 16), sujeito à conferência da descrição legal."
"423";"SANDUICHE BAGUETE DE FRANGO";"19059090";"15";"532,18";"000/000001: 15";"INCORRETO_ECONOMIA: 15";"200/200003";"200/200003 (Anexo I, item 16; redução 100%; Art. 125; vigência desde 2026-01-01)";"19059090-200003-I-16: 200/200003 (Anexo I, item 16; redução 100%; Art. 125; vigência desde 2026-01-01)";"";"SIM 19059090-200003-I-16 (Sistema, 2026-09-27)";"5,32";"0,00";"0,00";"";"Benefício confirmado na validação: Cesta Básica Nacional de Alimentos (Art. 125)."
"31470003";"SANDUICHE BAGUETE DE PRESUNTO";"19059090";"3";"84,06";"000/000001: 3";"REQUER_VALIDACAO: 3";"depende da validação";"nenhuma";"19059090-200003-I-16: 200/200003 (Anexo I, item 16; redução 100%; Art. 125; vigência desde 2026-01-01)";"";"";"0,00";"0,00";"0,00";"";"Enquadramento possível em 200003 (Anexo I, item 16), sujeito à conferência da descrição legal."
"31480003";"SANDUICHE BAGUETE DE SALAME ITALIANO";"19059090";"14";"503,95";"000/000001: 14";"INCORRETO_ECONOMIA: 14";"200/200003";"200/200003 (Anexo I, item 16; redução 100%; Art. 125; vigência desde 2026-01-01)";"19059090-200003-I-16: 200/200003 (Anexo I, item 16; redução 100%; Art. 125; vigência desde 2026-01-01)";"";"SIM 19059090-200003-I-16 (Sistema, 2026-09-27)";"5,04";"0,00";"0,00";"";"Benefício confirmado na validação: Cesta Básica Nacional de Alimentos (Art. 125)."
"31380003";"SANDUICHE PAULISTA NO PÃO FRANCÊS";"19059090";"4";"98,04";"000/000001: 4";"REQUER_VALIDACAO: 4";"depende da validação";"nenhuma";"19059090-200003-I-16: 200/200003 (Anexo I, item 16; redução 100%; Art. 125; vigência desde 2026-01-01)";"";"";"0,00";"0,00";"0,00";"";"Enquadramento possível em 200003 (Anexo I, item 16), sujeito à conferência da descrição legal."
"17810003";"SONHO DE CREME";"19059090";"2";"20,90";"000/000001: 2";"REQUER_VALIDACAO: 2";"depende da validação";"nenhuma";"19059090-200003-I-16: 200/200003 (Anexo I, item 16; redução 100%; Art. 125; vigência desde 2026-01-01)";"";"";"0,00";"0,00";"0,00";"";"Enquadramento possível em 200003 (Anexo I, item 16), sujeito à conferência da descrição legal."
"19930003";"STRUDEL BANANA";"19059090";"17";"294,20";"000/000001: 17";"REQUER_VALIDACAO: 17";"depende da validação";"nenhuma";"19059090-200003-I-16: 200/200003 (Anexo I, item 16; redução 100%; Art. 125; vigência desde 2026-01-01)";"";"";"0,00";"0,00";"0,00";"";"Enquadramento possível em 200003 (Anexo I, item 16), sujeito à conferência da descrição legal."
"19940003";"STRUDEL MAÇÃ";"19059090";"27";"420,29";"000/000001: 27";"INCORRETO_ECONOMIA: 27";"200/200003";"200/200003 (Anexo I, item 16; redução 100%; Art. 125; vigência desde 2026-01-01)";"19059090-200003-I-16: 200/200003 (Anexo I, item 16; redução 100%; Art. 125; vigência desde 2026-01-01)";"";"SIM 19059090-200003-I-16 (Sistema, 2026-09-27)";"4,20";"0,00";"0,00";"";"Benefício confirmado na validação: Cesta Básica Nacional de Alimentos (Art. 125)."
"30760003";"TAPIOCA FRANGO";"19059090";"5";"199,58";"000/000001: 5";"REQUER_VALIDACAO: 5";"depende da validação";"nenhuma";"19059090-200003-I-16: 200/200003 (Anexo I, item 16; redução 100%; Art. 125; vigência desde 2026-01-01)";"";"";"0,00";"0,00";"0,00";"";"Enquadramento possível em 200003 (Anexo I, item 16), sujeito à conferência da descrição legal."
"30740003";"TAPIOCA PEITO DE PERU";"19059090";"7";"214,48";"000/000001: 7";"REQUER_VALIDACAO: 7";"depende da validação";"nenhuma";"19059090-200003-I-16: 200/200003 (Anexo I, item 16; redução 100%; Art. 125; vigência desde 2026-01-01)";"";"";"0,00";"0,00";"0,00";"";"Enquadramento possível em 200003 (Anexo I, item 16), sujeito à conferência da descrição legal."
"17060003";"TORTA 5 LEITES";"19059090";"4";"98,04";"000/000001: 4";"REQUER_VALIDACAO: 4";"depende da validação";"nenhuma";"19059090-200003-I-16: 200/200003 (Anexo I, item 16; redução 100%; Art. 125; vigência desde 2026-01-01)";"";"";"0,00";"0,00";"0,00";"";"Enquadramento possível em 200003 (Anexo I, item 16), sujeito à conferência da descrição legal."
"11310003";"TORTA ALEMA";"19059090";"1";"24,51";"000/000001: 1";"REQUER_VALIDACAO: 1";"depende da validação";"nenhuma";"19059090-200003-I-16: 200/200003 (Anexo I, item 16; redução 100%; Art. 125; vigência desde 2026-01-01)";"";"";"0,00";"0,00";"0,00";"";"Enquadramento possível em 200003 (Anexo I, item 16), sujeito à conferência da descrição legal."
"24410003";"TORTA BABA DE MOÇA";"19059090";"1";"24,51";"000/000001: 1";"REQUER_VALIDACAO: 1";"depende da validação";"nenhuma";"19059090-200003-I-16: 200/200003 (Anexo I, item 16; redução 100%; Art. 125; vigência desde 2026-01-01)";"";"";"0,00";"0,00";"0,00";"";"Enquadramento possível em 200003 (Anexo I, item 16), sujeito à conferência da descrição legal."
"24670003";"TORTA BOMBOM DE MORANGO";"19059090";"1";"24,51";"000/000001: 1";"REQUER_VALIDACAO: 1";"depende da validação";"nenhuma";"19059090-200003-I-16: 200/200003 (Anexo I, item 16; redução 100%; Art. 125; vigência desde 2026-01-01)";"";"";"0,00";"0,00";"0,00";"";"Enquadramento possível em 200003 (Anexo I, item 16), sujeito à conferência da descrição legal."
"24650003";"TORTA BOMBOM PISTACHE";"19059090";"8";"220,60";"000/000001: 8";"REQUER_VALIDACAO: 8";"depende da validação";"nenhuma";"19059090-200003-I-16: 200/200003 (Anexo I, item 16; redução 100%; Art. 125; vigência desde 2026-01-01)";"";"";"0,00";"0,00";"0,00";"";"Enquadramento possível em 200003 (Anexo I, item 16), sujeito à conferência da descrição legal."
"21390003";"TORTA BRIGADEIRO";"19059090";"24";"634,65";"000/000001: 24";"INCORRETO_ECONOMIA: 24";"200/200003";"200/200003 (Anexo I, item 16; redução 100%; Art. 125; vigência desde 2026-01-01)";"19059090-200003-I-16: 200/200003 (Anexo I, item 16; redução 100%; Art. 125; vigência desde 2026-01-01)";"";"SIM 19059090-200003-I-16 (Sistema, 2026-09-27)";"6,35";"0,00";"0,00";"";"Benefício confirmado na validação: Cesta Básica Nacional de Alimentos (Art. 125)."
"34180003";"TORTA BROWNIE LIMÃO";"19059090";"1";"24,51";"000/000001: 1";"REQUER_VALIDACAO: 1";"depende da validação";"nenhuma";"19059090-200003-I-16: 200/200003 (Anexo I, item 16; redução 100%; Art. 125; vigência desde 2026-01-01)";"";"";"0,00";"0,00";"0,00";"";"Enquadramento possível em 200003 (Anexo I, item 16), sujeito à conferência da descrição legal."
"20830003";"TORTA DE CAFÉ";"19059090";"1";"24,51";"000/000001: 1";"REQUER_VALIDACAO: 1";"depende da validação";"nenhuma";"19059090-200003-I-16: 200/200003 (Anexo I, item 16; redução 100%; Art. 125; vigência desde 2026-01-01)";"";"";"0,00";"0,00";"0,00";"";"Enquadramento possível em 200003 (Anexo I, item 16), sujeito à conferência da descrição legal."
"11660001";"TORTA DE RAFAELLO";"19059090";"6";"147,06";"000/000001: 6";"REQUER_VALIDACAO: 6";"depende da validação";"nenhuma";"19059090-200003-I-16: 200/200003 (Anexo I, item 16; redução 100%; Art. 125; vigência desde 2026-01-01)";"";"";"0,00";"0,00";"0,00";"";"Enquadramento possível em 200003 (Anexo I, item 16), sujeito à conferência da descrição legal."
"11800001";"TORTA DOIS AMORES";"19059090";"9";"220,59";"000/000001: 9";"REQUER_VALIDACAO: 9";"depende da validação";"nenhuma";"19059090-200003-I-16: 200/200003 (Anexo I, item 16; redução 100%; Art. 125; vigência desde 2026-01-01)";"";"";"0,00";"0,00";"0,00";"";"Enquadramento possível em 200003 (Anexo I, item 16), sujeito à conferência da descrição legal."
"11360001";"TORTA DUETO";"19059090";"2";"49,02";"000/000001: 2";"REQUER_VALIDACAO: 2";"depende da validação";"nenhuma";"19059090-200003-I-16: 200/200003 (Anexo I, item 16; redução 100%; Art. 125; vigência desde 2026-01-01)";"";"";"0,00";"0,00";"0,00";"";"Enquadramento possível em 200003 (Anexo I, item 16), sujeito à conferência da descrição legal."
"9910003";"TORTA FERRERO";"19059090";"3";"98,05";"000/000001: 3";"REQUER_VALIDACAO: 3";"depende da validação";"nenhuma";"19059090-200003-I-16: 200/200003 (Anexo I, item 16; redução 100%; Art. 125; vigência desde 2026-01-01)";"";"";"0,00";"0,00";"0,00";"";"Enquadramento possível em 200003 (Anexo I, item 16), sujeito à conferência da descrição legal."
"20380003";"TORTA FLORESTA NEGRA";"19059090";"5";"122,55";"000/000001: 5";"REQUER_VALIDACAO: 5";"depende da validação";"nenhuma";"19059090-200003-I-16: 200/200003 (Anexo I, item 16; redução 100%; Art. 125; vigência desde 2026-01-01)";"";"";"0,00";"0,00";"0,00";"";"Enquadramento possível em 200003 (Anexo I, item 16), sujeito à conferência da descrição legal."
"20210003";"TORTA MORANGO E NATA";"19059090";"35";"879,70";"000/000001: 35";"INCORRETO_ECONOMIA: 35";"200/200003";"200/200003 (Anexo I, item 16; redução 100%; Art. 125; vigência desde 2026-01-01)";"19059090-200003-I-16: 200/200003 (Anexo I, item 16; redução 100%; Art. 125; vigência desde 2026-01-01)";"";"SIM 19059090-200003-I-16 (Sistema, 2026-09-27)";"8,80";"0,00";"0,00";"";"Benefício confirmado na validação: Cesta Básica Nacional de Alimentos (Art. 125)."
"21400003";"TORTA RED VELVET";"19059090";"13";"340,47";"000/000001: 13";"REQUER_VALIDACAO: 13";"depende da validação";"nenhuma";"19059090-200003-I-16: 200/200003 (Anexo I, item 16; redução 100%; Art. 125; vigência desde 2026-01-01)";"";"";"0,00";"0,00";"0,00";"";"Enquadramento possível em 200003 (Anexo I, item 16), sujeito à conferência da descrição legal."
"34060003";"TORTA ZERO GLUTEN";"19059090";"16";"476,33";"000/000001: 16";"INCORRETO_ECONOMIA: 16";"200/200003";"200/200003 (Anexo I, item 16; redução 100%; Art. 125; vigência desde 2026-01-01)";"19059090-200003-I-16: 200/200003 (Anexo I, item 16; redução 100%; Art. 125; vigência desde 2026-01-01)";"";"SIM 19059090-200003-I-16 (Sistema, 2026-09-27)";"4,76";"0,00";"0,00";"";"Benefício confirmado na validação: Cesta Básica Nacional de Alimentos (Art. 125)."
"615";"TORTAS KG";"19059090";"1";"204,64";"000/000001: 1";"REQUER_VALIDACAO: 1";"depende da validação";"nenhuma";"19059090-200003-I-16: 200/200003 (Anexo I, item 16; redução 100%; Art. 125; vigência desde 2026-01-01)";"";"";"0,00";"0,00";"0,00";"";"Enquadramento possível em 200003 (Anexo I, item 16), sujeito à conferência da descrição legal."
"240";"TORTELETES";"19059090";"38";"847,63";"000/000001: 38";"INCORRETO_ECONOMIA: 38";"200/200003";"200/200003 (Anexo I, item 16; redução 100%; Art. 125; vigência desde 2026-01-01)";"19059090-200003-I-16: 200/200003 (Anexo I, item 16; redução 100%; Art. 125; vigência desde 2026-01-01)";"";"SIM 19059090-200003-I-16 (Sistema, 2026-09-27)";"8,48";"0,00";"0,00";"";"Benefício confirmado na validação: Cesta Básica Nacional de Alimentos (Art. 125)."
"31650003";"BATATA FRITA 400GR";"20041000";"1";"36,78";"200/200034: 1";"REQUER_VALIDACAO: 1";"depende da validação";"nenhuma";"20041000-200034-VII-16: 200/200034 (Anexo VII, item 16; redução 60%; Art. 135; vigência desde 2026-01-01)";"";"";"0,00";"0,00";"0,00";"";"Enquadramento possível em 200034 (Anexo VII, item 16), sujeito à conferência da descrição legal. O documento já usa 200034: falta confirmar que o produto atende à descrição legal e às vedações do Anexo VII."
"30710003";"SUCO AÇAÍ ESPECIAL";"20079921";"3";"68,37";"000/000001: 3";"CORRETO: 3";"000/000001";"nenhuma";"";"";"";"0,00";"0,00";"0,00";"";"Nenhuma regra de benefício cadastrada para este NCM nesta data."
"504";"SUCO DE ACAI";"20079921";"4";"87,16";"000/000001: 4";"CORRETO: 4";"000/000001";"nenhuma";"";"";"";"0,00";"0,00";"0,00";"";"Nenhuma regra de benefício cadastrada para este NCM nesta data."
"502";"SUCO POLPA MARACUJA 350ML";"20089900";"9";"158,51";"200/200034: 9";"REQUER_VALIDACAO: 9";"depende da validação";"nenhuma";"20089900-200034-VII-11: 200/200034 (Anexo VII, item 11; redução 60%; Art. 135; vigência desde 2026-01-01)";"";"";"0,00";"0,00";"0,00";"";"Enquadramento possível em 200034 (Anexo VII, item 11), sujeito à conferência da descrição legal. O documento já usa 200034: falta confirmar que o produto atende à descrição legal e às vedações do Anexo VII."
"17";"SUCO MACROVITA LARANJA - 300ML";"20091900";"35";"371,87";"000/000001: 35";"REQUER_VALIDACAO: 35";"depende da validação";"nenhuma";"20091900-200034-VII-10: 200/200034 (Anexo VII, item 10; redução 60%; Art. 135; vigência desde 2026-01-01)";"";"";"0,00";"0,00";"0,00";"";"Enquadramento possível em 200034 (Anexo VII, item 10), sujeito à conferência da descrição legal."
"500";"SUCO NATURAL DE ABACAXI";"20091900";"14";"267,46";"000/000001: 14";"REQUER_VALIDACAO: 14";"depende da validação";"nenhuma";"20091900-200034-VII-10: 200/200034 (Anexo VII, item 10; redução 60%; Art. 135; vigência desde 2026-01-01)";"";"";"0,00";"0,00";"0,00";"";"Enquadramento possível em 200034 (Anexo VII, item 10), sujeito à conferência da descrição legal."
"499";"SUCO NATURAL DE MORANGO";"20091900";"20";"372,47";"000/000001: 20";"REQUER_VALIDACAO: 20";"depende da validação";"nenhuma";"20091900-200034-VII-10: 200/200034 (Anexo VII, item 10; redução 60%; Art. 135; vigência desde 2026-01-01)";"";"";"0,00";"0,00";"0,00";"";"Enquadramento possível em 200034 (Anexo VII, item 10), sujeito à conferência da descrição legal."
"498";"SUCO NATURAL LARANJA";"20091900";"139";"2298,31";"000/000001: 139";"INCORRETO_ECONOMIA: 139";"200/200034";"200/200034 (Anexo VII, item 10; redução 60%; Art. 135; vigência desde 2026-01-01)";"20091900-200034-VII-10: 200/200034 (Anexo VII, item 10; redução 60%; Art. 135; vigência desde 2026-01-01)";"";"SIM 20091900-200034-VII-10 (Sistema, 2026-09-26)";"13,79";"0,00";"0,00";"";"Benefício confirmado na validação: Alimentos para consumo humano - Anexo VII (Art. 135)."
"8430001";"SUCO PRATS DE LARANJA 900 ML";"20091900";"1";"19,82";"000/000001: 1";"REQUER_VALIDACAO: 1";"depende da validação";"nenhuma";"20091900-200034-VII-10: 200/200034 (Anexo VII, item 10; redução 60%; Art. 135; vigência desde 2026-01-01)";"";"";"0,00";"0,00";"0,00";"";"Enquadramento possível em 200034 (Anexo VII, item 10), sujeito à conferência da descrição legal."
"12170003";"SUCO PRATS LIMONADA 300ML";"20093100";"2";"25,76";"200/200034: 2";"REQUER_VALIDACAO: 2";"depende da validação";"nenhuma";"20093100-200034-VII-10: 200/200034 (Anexo VII, item 10; redução 60%; Art. 135; vigência desde 2026-01-01)";"";"";"0,00";"0,00";"0,00";"";"Enquadramento possível em 200034 (Anexo VII, item 10), sujeito à conferência da descrição legal. O documento já usa 200034: falta confirmar que o produto atende à descrição legal e às vedações do Anexo VII."
"8420001";"SUCO PRATS DE UVA 300ML";"20096100";"11";"154,56";"000/000001: 11";"REQUER_VALIDACAO: 11";"depende da validação";"nenhuma";"20096100-200034-VII-10: 200/200034 (Anexo VII, item 10; redução 60%; Art. 135; vigência desde 2026-01-01)";"";"";"0,00";"0,00";"0,00";"";"Enquadramento possível em 200034 (Anexo VII, item 10), sujeito à conferência da descrição legal."
"12130003";"SUCO PRATS UVA 900ML";"20096100";"2";"39,64";"000/000001: 2";"REQUER_VALIDACAO: 2";"depende da validação";"nenhuma";"20096100-200034-VII-10: 200/200034 (Anexo VII, item 10; redução 60%; Art. 135; vigência desde 2026-01-01)";"";"";"0,00";"0,00";"0,00";"";"Enquadramento possível em 200034 (Anexo VII, item 10), sujeito à conferência da descrição legal."
"37220003";"SUCO DE LARANJA VITASUPRA 300ML";"20097100";"9";"117,00";"ausente/ausente: 9";"NAO_OBRIGATORIO: 6 | INCORRETO_RISCO: 3";"depende da validação | 000/000001";"nenhuma";"20097100-200034-VII-10: 200/200034 (Anexo VII, item 10; redução 60%; Art. 135; vigência desde 2026-01-01)";"";"";"0,00";"0,00";"0,00";"";"Grupo IBS/CBS ainda não exigido nesta data. Ato Conjunto RFB/CGIBS nº 4/2026: cronograma em lotes, NF-e e NFC-e a partir de 03/08/2026"
"17860003";"SUCO COM DUAS FRUTAS";"20098919";"11";"244,66";"200/200034: 11";"REQUER_VALIDACAO: 11";"depende da validação";"nenhuma";"20098919-200034-VII-10: 200/200034 (Anexo VII, item 10; redução 60%; Art. 135; vigência desde 2026-01-01)";"";"";"0,00";"0,00";"0,00";"";"Enquadramento possível em 200034 (Anexo VII, item 10), sujeito à conferência da descrição legal. O documento já usa 200034: falta confirmar que o produto atende à descrição legal e às vedações do Anexo VII."
"25550003";"AGUA DE COCO AUTENTICO 450G";"20098990";"2";"29,80";"200/200034: 2";"REQUER_VALIDACAO: 2";"depende da validação";"nenhuma";"20098990-200034-VII-10: 200/200034 (Anexo VII, item 10; redução 60%; Art. 135; vigência desde 2026-01-01)";"";"";"0,00";"0,00";"0,00";"";"Enquadramento possível em 200034 (Anexo VII, item 10), sujeito à conferência da descrição legal. O documento já usa 200034: falta confirmar que o produto atende à descrição legal e às vedações do Anexo VII."
"428";"AGUA DE COCO DUCOCO 330ML";"20098990";"8";"95,36";"200/200034: 8";"REQUER_VALIDACAO: 8";"depende da validação";"nenhuma";"20098990-200034-VII-10: 200/200034 (Anexo VII, item 10; redução 60%; Art. 135; vigência desde 2026-01-01)";"";"";"0,00";"0,00";"0,00";"";"Enquadramento possível em 200034 (Anexo VII, item 10), sujeito à conferência da descrição legal. O documento já usa 200034: falta confirmar que o produto atende à descrição legal e às vedações do Anexo VII."
"661";"AGUA DE COCO SOCOCO 330ML";"20098990";"7";"79,65";"200/200034: 7";"REQUER_VALIDACAO: 7";"depende da validação";"nenhuma";"20098990-200034-VII-10: 200/200034 (Anexo VII, item 10; redução 60%; Art. 135; vigência desde 2026-01-01)";"";"";"0,00";"0,00";"0,00";"";"Enquadramento possível em 200034 (Anexo VII, item 10), sujeito à conferência da descrição legal. O documento já usa 200034: falta confirmar que o produto atende à descrição legal e às vedações do Anexo VII."
"470";"ADC CHANTILLY";"21011200";"11";"86,21";"200/200003: 11";"REQUER_VALIDACAO: 11";"depende da validação";"nenhuma";"21011200-200003-I-8: 200/200003 (Anexo I, item 8; redução 100%; Art. 125; vigência desde 2026-01-01)";"";"";"0,00";"0,00";"0,00";"";"Enquadramento possível em 200003 (Anexo I, item 8), sujeito à conferência da descrição legal. O documento já usa 200003: falta confirmar que o produto atende à descrição legal e às vedações do Anexo I."
"37270003";"BIG ICE CAPPUCCINO 500ML";"21011200";"1";"30,00";"ausente/ausente: 1";"INCORRETO_RISCO: 1";"000/000001";"nenhuma";"21011200-200003-I-8: 200/200003 (Anexo I, item 8; redução 100%; Art. 125; vigência desde 2026-01-01)";"";"";"0,00";"0,00";"0,00";"";"Grupo IBS/CBS exigido e não informado no documento."
"33460003";"CAFE EXPRESSO C/ LEITE M";"21011200";"234";"4226,15";"200/200003: 234";"CORRETO: 234";"200/200003";"200/200003 (Anexo I, item 8; redução 100%; Art. 125; vigência desde 2026-01-01)";"21011200-200003-I-8: 200/200003 (Anexo I, item 8; redução 100%; Art. 125; vigência desde 2026-01-01)";"";"SIM 21011200-200003-I-8 (Sistema, 2026-09-26)";"0,00";"0,00";"0,00";"";"Benefício confirmado na validação: Cesta Básica Nacional de Alimentos (Art. 125)."
"33450003";"CAFE EXPRESSO C/ LEITE P";"21011200";"34";"437,34";"200/200003: 34";"CORRETO: 34";"200/200003";"200/200003 (Anexo I, item 8; redução 100%; Art. 125; vigência desde 2026-01-01)";"21011200-200003-I-8: 200/200003 (Anexo I, item 8; redução 100%; Art. 125; vigência desde 2026-01-01)";"";"SIM 21011200-200003-I-8 (Sistema, 2026-09-27)";"0,00";"0,00";"0,00";"";"Benefício confirmado na validação: Cesta Básica Nacional de Alimentos (Art. 125)."
"30080003";"CAFE EXPRESSO MEDIO";"21011200";"176";"2670,34";"200/200003: 176";"CORRETO: 176";"200/200003";"200/200003 (Anexo I, item 8; redução 100%; Art. 125; vigência desde 2026-01-01)";"21011200-200003-I-8: 200/200003 (Anexo I, item 8; redução 100%; Art. 125; vigência desde 2026-01-01)";"";"SIM 21011200-200003-I-8 (Sistema, 2026-09-26)";"0,00";"0,00";"0,00";"";"Benefício confirmado na validação: Cesta Básica Nacional de Alimentos (Art. 125)."
"30070003";"CAFE EXPRESSO PEQUENO";"21011200";"140";"2104,24";"200/200003: 140";"CORRETO: 140";"200/200003";"200/200003 (Anexo I, item 8; redução 100%; Art. 125; vigência desde 2026-01-01)";"21011200-200003-I-8: 200/200003 (Anexo I, item 8; redução 100%; Art. 125; vigência desde 2026-01-01)";"";"SIM 21011200-200003-I-8 (Sistema, 2026-09-26)";"0,00";"0,00";"0,00";"";"Benefício confirmado na validação: Cesta Básica Nacional de Alimentos (Art. 125)."
"30390003";"CAFÉ FERRERO";"21011200";"14";"349,02";"200/200003: 14";"REQUER_VALIDACAO: 14";"depende da validação";"nenhuma";"21011200-200003-I-8: 200/200003 (Anexo I, item 8; redução 100%; Art. 125; vigência desde 2026-01-01)";"";"";"0,00";"0,00";"0,00";"";"Enquadramento possível em 200003 (Anexo I, item 8), sujeito à conferência da descrição legal. O documento já usa 200003: falta confirmar que o produto atende à descrição legal e às vedações do Anexo I."
"30370003";"CAFE JURERE";"21011200";"14";"398,87";"200/200003: 14";"REQUER_VALIDACAO: 14";"depende da validação";"nenhuma";"21011200-200003-I-8: 200/200003 (Anexo I, item 8; redução 100%; Art. 125; vigência desde 2026-01-01)";"";"";"0,00";"0,00";"0,00";"";"Enquadramento possível em 200003 (Anexo I, item 8), sujeito à conferência da descrição legal. O documento já usa 200003: falta confirmar que o produto atende à descrição legal e às vedações do Anexo I."
"233";"CAFE PASSADO C/ LEITE M";"21011200";"293";"4183,85";"200/200003: 293";"CORRETO: 293";"200/200003";"200/200003 (Anexo I, item 8; redução 100%; Art. 125; vigência desde 2026-01-01)";"21011200-200003-I-8: 200/200003 (Anexo I, item 8; redução 100%; Art. 125; vigência desde 2026-01-01)";"";"SIM 21011200-200003-I-8 (Sistema, 2026-09-26)";"0,00";"0,00";"0,00";"";"Benefício confirmado na validação: Cesta Básica Nacional de Alimentos (Art. 125)."
"234";"CAFE PASSADO C/LEITE P";"21011200";"24";"277,92";"200/200003: 24";"REQUER_VALIDACAO: 24";"depende da validação";"nenhuma";"21011200-200003-I-8: 200/200003 (Anexo I, item 8; redução 100%; Art. 125; vigência desde 2026-01-01)";"";"";"0,00";"0,00";"0,00";"";"Enquadramento possível em 200003 (Anexo I, item 8), sujeito à conferência da descrição legal. O documento já usa 200003: falta confirmar que o produto atende à descrição legal e às vedações do Anexo I."
"30100003";"CAFE PASSADO MEDIO";"21011200";"343";"4649,14";"200/200003: 343";"CORRETO: 343";"200/200003";"200/200003 (Anexo I, item 8; redução 100%; Art. 125; vigência desde 2026-01-01)";"21011200-200003-I-8: 200/200003 (Anexo I, item 8; redução 100%; Art. 125; vigência desde 2026-01-01)";"";"SIM 21011200-200003-I-8 (Sistema, 2026-09-26)";"0,00";"0,00";"0,00";"";"Benefício confirmado na validação: Cesta Básica Nacional de Alimentos (Art. 125)."
"30090003";"CAFE PASSADO PEQUENO";"21011200";"38";"421,62";"200/200003: 38";"CORRETO: 38";"200/200003";"200/200003 (Anexo I, item 8; redução 100%; Art. 125; vigência desde 2026-01-01)";"21011200-200003-I-8: 200/200003 (Anexo I, item 8; redução 100%; Art. 125; vigência desde 2026-01-01)";"";"SIM 21011200-200003-I-8 (Sistema, 2026-09-27)";"0,00";"0,00";"0,00";"";"Benefício confirmado na validação: Cesta Básica Nacional de Alimentos (Art. 125)."
"30120003";"CAFÉ PISTACHE";"21011200";"14";"321,72";"200/200003: 14";"REQUER_VALIDACAO: 14";"depende da validação";"nenhuma";"21011200-200003-I-8: 200/200003 (Anexo I, item 8; redução 100%; Art. 125; vigência desde 2026-01-01)";"";"";"0,00";"0,00";"0,00";"";"Enquadramento possível em 200003 (Anexo I, item 8), sujeito à conferência da descrição legal. O documento já usa 200003: falta confirmar que o produto atende à descrição legal e às vedações do Anexo I."
"30260003";"CAPPUCCINO GOURMET";"21011200";"63";"1380,73";"200/200003: 63";"CORRETO: 63";"200/200003";"200/200003 (Anexo I, item 8; redução 100%; Art. 125; vigência desde 2026-01-01)";"21011200-200003-I-8: 200/200003 (Anexo I, item 8; redução 100%; Art. 125; vigência desde 2026-01-01)";"";"SIM 21011200-200003-I-8 (Sistema, 2026-09-27)";"0,00";"0,00";"0,00";"";"Benefício confirmado na validação: Cesta Básica Nacional de Alimentos (Art. 125)."
"30280003";"CAPPUCCINO ITALIANO MEDIO";"21011200";"120";"2916,23";"200/200003: 120";"CORRETO: 120";"200/200003";"200/200003 (Anexo I, item 8; redução 100%; Art. 125; vigência desde 2026-01-01)";"21011200-200003-I-8: 200/200003 (Anexo I, item 8; redução 100%; Art. 125; vigência desde 2026-01-01)";"";"SIM 21011200-200003-I-8 (Sistema, 2026-09-26)";"0,00";"0,00";"0,00";"";"Benefício confirmado na validação: Cesta Básica Nacional de Alimentos (Art. 125)."
"79";"CAPPUCCINO TRADICIONAL M";"21011200";"93";"2058,48";"200/200003: 93";"CORRETO: 93";"200/200003";"200/200003 (Anexo I, item 8; redução 100%; Art. 125; vigência desde 2026-01-01)";"21011200-200003-I-8: 200/200003 (Anexo I, item 8; redução 100%; Art. 125; vigência desde 2026-01-01)";"";"SIM 21011200-200003-I-8 (Sistema, 2026-09-26)";"0,00";"0,00";"0,00";"";"Benefício confirmado na validação: Cesta Básica Nacional de Alimentos (Art. 125)."
"30450003";"ICED CAPPUCCINO";"21011200";"14";"309,73";"200/200003: 14";"REQUER_VALIDACAO: 14";"depende da validação";"nenhuma";"21011200-200003-I-8: 200/200003 (Anexo I, item 8; redução 100%; Art. 125; vigência desde 2026-01-01)";"";"";"0,00";"0,00";"0,00";"";"Enquadramento possível em 200003 (Anexo I, item 8), sujeito à conferência da descrição legal. O documento já usa 200003: falta confirmar que o produto atende à descrição legal e às vedações do Anexo I."
"301";"ICED LATTE";"21011200";"3";"54,66";"200/200003: 3";"REQUER_VALIDACAO: 3";"depende da validação";"nenhuma";"21011200-200003-I-8: 200/200003 (Anexo I, item 8; redução 100%; Art. 125; vigência desde 2026-01-01)";"";"";"0,00";"0,00";"0,00";"";"Enquadramento possível em 200003 (Anexo I, item 8), sujeito à conferência da descrição legal. O documento já usa 200003: falta confirmar que o produto atende à descrição legal e às vedações do Anexo I."
"77";"MACHIATTO M";"21011200";"4";"67,10";"200/200003: 4";"REQUER_VALIDACAO: 4";"depende da validação";"nenhuma";"21011200-200003-I-8: 200/200003 (Anexo I, item 8; redução 100%; Art. 125; vigência desde 2026-01-01)";"";"";"0,00";"0,00";"0,00";"";"Enquadramento possível em 200003 (Anexo I, item 8), sujeito à conferência da descrição legal. O documento já usa 200003: falta confirmar que o produto atende à descrição legal e às vedações do Anexo I."
"75";"MACHIATTO P";"21011200";"4";"57,52";"200/200003: 4";"REQUER_VALIDACAO: 4";"depende da validação";"nenhuma";"21011200-200003-I-8: 200/200003 (Anexo I, item 8; redução 100%; Art. 125; vigência desde 2026-01-01)";"";"";"0,00";"0,00";"0,00";"";"Enquadramento possível em 200003 (Anexo I, item 8), sujeito à conferência da descrição legal. O documento já usa 200003: falta confirmar que o produto atende à descrição legal e às vedações do Anexo I."
"299";"MATCHA ICED LATTE";"21011200";"6";"138,06";"200/200003: 6";"REQUER_VALIDACAO: 6";"depende da validação";"nenhuma";"21011200-200003-I-8: 200/200003 (Anexo I, item 8; redução 100%; Art. 125; vigência desde 2026-01-01)";"";"";"0,00";"0,00";"0,00";"";"Enquadramento possível em 200003 (Anexo I, item 8), sujeito à conferência da descrição legal. O documento já usa 200003: falta confirmar que o produto atende à descrição legal e às vedações do Anexo I."
"392";"XICARA DE LEITE MEDIO";"21011200";"1";"6,72";"200/200003: 1";"REQUER_VALIDACAO: 1";"depende da validação";"nenhuma";"21011200-200003-I-8: 200/200003 (Anexo I, item 8; redução 100%; Art. 125; vigência desde 2026-01-01)";"";"";"0,00";"0,00";"0,00";"";"Enquadramento possível em 200003 (Anexo I, item 8), sujeito à conferência da descrição legal. O documento já usa 200003: falta confirmar que o produto atende à descrição legal e às vedações do Anexo I."
"18250003";"PICOLE LA FRUTTA MORANGO";"21050090";"1";"12,92";"000/000001: 1";"CORRETO: 1";"000/000001";"nenhuma";"";"";"";"0,00";"0,00";"0,00";"";"Nenhuma regra de benefício cadastrada para este NCM nesta data."
"30530003";"MILKSHAKES MORANGO";"21069029";"2";"42,78";"000/000001: 2";"CORRETO: 2";"000/000001";"nenhuma";"";"";"";"0,00";"0,00";"0,00";"";"Nenhuma regra de benefício cadastrada para este NCM nesta data."
"30510003";"MILKSHAKES OVOMALTINE";"21069029";"3";"64,17";"000/000001: 3";"CORRETO: 3";"000/000001";"nenhuma";"";"";"";"0,00";"0,00";"0,00";"";"Nenhuma regra de benefício cadastrada para este NCM nesta data."
"10310";"BOLD WHEY MOUSSE DE MORANGO 30G";"21069030";"1";"15,00";"ausente/ausente: 1";"INCORRETO_RISCO: 1";"000/000001";"nenhuma";"21069030-200043-XI-2.10: 200/200043 (Anexo XI, item 2.10; redução 60%; Art. 140; vigência desde 2026-01-01)";"";"";"0,00";"0,00";"0,00";"";"Grupo IBS/CBS exigido e não informado no documento."
"10314";"NUTRATA BARRA PROTEICA YOPRO 55G";"21069030";"1";"14,99";"ausente/ausente: 1";"NAO_OBRIGATORIO: 1";"depende da validação";"nenhuma";"";"";"";"0,00";"0,00";"0,00";"";"Grupo IBS/CBS ainda não exigido nesta data. Ato Conjunto RFB/CGIBS nº 4/2026: cronograma em lotes, NF-e e NFC-e a partir de 03/08/2026"
"31390003";"ADC BACON EM TIRAS";"21069090";"5";"21,90";"000/000001: 5";"REQUER_VALIDACAO: 5";"depende da validação";"nenhuma";"21069090-200033-VI-39: 200/200033 (Anexo VI, item 39; redução 60%; Arts. 133 e 134; vigência desde 2026-01-01) | 21069090-200033-VI-40: 200/200033 (Anexo VI, item 40; redução 60%; Arts. 133 e 134; vigência desde 2026-01-01) | 21069090-200033-VI-41: 200/200033 (Anexo VI, item 41; redução 60%; Arts. 133 e 134; vigência desde 2026-01-01) | 21069090-200033-VI-42: 200/200033 (Anexo VI, item 42; redução 60%; Arts. 133 e 134; vigência desde 2026-01-01) | 21069090-200033-VI-43: 200/200033 (Anexo VI, item 43; redução 60%; Arts. 133 e 134; vigência desde 2026-01-01) | 21069090-200033-VI-44: 200/200033 (Anexo VI, item 44; redução 60%; Arts. 133 e 134; vigência desde 2026-01-01) | 21069090-200033-VI-45: 200/200033 (Anexo VI, item 45; redução 60%; Arts. 133 e 134; vigência desde 2026-01-01) | 21069090-200033-VI-46: 200/200033 (Anexo VI, item 46; redução 60%; Arts. 133 e 134; vigência desde 2026-01-01) | 21069090-200003-I-4: 200/200003 (Anexo I, item 4; redução 100%; Art. 125; vigência desde 2026-01-01)";"";"";"0,00";"0,00";"0,00";"";"NCM com 9 enquadramentos possíveis: 200033 (Anexo VI, item 39), 200033 (Anexo VI, item 40), 200033 (Anexo VI, item 41), 200033 (Anexo VI, item 42), 200033 (Anexo VI, item 43), 200033 (Anexo VI, item 44), 200033 (Anexo VI, item 45), 200033 (Anexo VI, item 46), 200003 (Anexo I, item 4). A composição do produto decide qual vale."
"109";"ADC CARNES";"21069090";"1";"19,87";"000/000001: 1";"REQUER_VALIDACAO: 1";"depende da validação";"nenhuma";"21069090-200033-VI-39: 200/200033 (Anexo VI, item 39; redução 60%; Arts. 133 e 134; vigência desde 2026-01-01) | 21069090-200033-VI-40: 200/200033 (Anexo VI, item 40; redução 60%; Arts. 133 e 134; vigência desde 2026-01-01) | 21069090-200033-VI-41: 200/200033 (Anexo VI, item 41; redução 60%; Arts. 133 e 134; vigência desde 2026-01-01) | 21069090-200033-VI-42: 200/200033 (Anexo VI, item 42; redução 60%; Arts. 133 e 134; vigência desde 2026-01-01) | 21069090-200033-VI-43: 200/200033 (Anexo VI, item 43; redução 60%; Arts. 133 e 134; vigência desde 2026-01-01) | 21069090-200033-VI-44: 200/200033 (Anexo VI, item 44; redução 60%; Arts. 133 e 134; vigência desde 2026-01-01) | 21069090-200033-VI-45: 200/200033 (Anexo VI, item 45; redução 60%; Arts. 133 e 134; vigência desde 2026-01-01) | 21069090-200033-VI-46: 200/200033 (Anexo VI, item 46; redução 60%; Arts. 133 e 134; vigência desde 2026-01-01) | 21069090-200003-I-4: 200/200003 (Anexo I, item 4; redução 100%; Art. 125; vigência desde 2026-01-01)";"";"";"0,00";"0,00";"0,00";"";"NCM com 9 enquadramentos possíveis: 200033 (Anexo VI, item 39), 200033 (Anexo VI, item 40), 200033 (Anexo VI, item 41), 200033 (Anexo VI, item 42), 200033 (Anexo VI, item 43), 200033 (Anexo VI, item 44), 200033 (Anexo VI, item 45), 200033 (Anexo VI, item 46), 200003 (Anexo I, item 4). A composição do produto decide qual vale."
"9930003";"ADC MORANGO AÇAI";"21069090";"2";"7,94";"000/000001: 2";"REQUER_VALIDACAO: 2";"depende da validação";"nenhuma";"21069090-200033-VI-39: 200/200033 (Anexo VI, item 39; redução 60%; Arts. 133 e 134; vigência desde 2026-01-01) | 21069090-200033-VI-40: 200/200033 (Anexo VI, item 40; redução 60%; Arts. 133 e 134; vigência desde 2026-01-01) | 21069090-200033-VI-41: 200/200033 (Anexo VI, item 41; redução 60%; Arts. 133 e 134; vigência desde 2026-01-01) | 21069090-200033-VI-42: 200/200033 (Anexo VI, item 42; redução 60%; Arts. 133 e 134; vigência desde 2026-01-01) | 21069090-200033-VI-43: 200/200033 (Anexo VI, item 43; redução 60%; Arts. 133 e 134; vigência desde 2026-01-01) | 21069090-200033-VI-44: 200/200033 (Anexo VI, item 44; redução 60%; Arts. 133 e 134; vigência desde 2026-01-01) | 21069090-200033-VI-45: 200/200033 (Anexo VI, item 45; redução 60%; Arts. 133 e 134; vigência desde 2026-01-01) | 21069090-200033-VI-46: 200/200033 (Anexo VI, item 46; redução 60%; Arts. 133 e 134; vigência desde 2026-01-01) | 21069090-200003-I-4: 200/200003 (Anexo I, item 4; redução 100%; Art. 125; vigência desde 2026-01-01)";"";"";"0,00";"0,00";"0,00";"";"NCM com 9 enquadramentos possíveis: 200033 (Anexo VI, item 39), 200033 (Anexo VI, item 40), 200033 (Anexo VI, item 41), 200033 (Anexo VI, item 42), 200033 (Anexo VI, item 43), 200033 (Anexo VI, item 44), 200033 (Anexo VI, item 45), 200033 (Anexo VI, item 46), 200003 (Anexo I, item 4). A composição do produto decide qual vale."
"110";"ADC OVO";"21069090";"29";"173,94";"000/000001: 29";"REQUER_VALIDACAO: 29";"depende da validação";"nenhuma";"21069090-200033-VI-39: 200/200033 (Anexo VI, item 39; redução 60%; Arts. 133 e 134; vigência desde 2026-01-01) | 21069090-200033-VI-40: 200/200033 (Anexo VI, item 40; redução 60%; Arts. 133 e 134; vigência desde 2026-01-01) | 21069090-200033-VI-41: 200/200033 (Anexo VI, item 41; redução 60%; Arts. 133 e 134; vigência desde 2026-01-01) | 21069090-200033-VI-42: 200/200033 (Anexo VI, item 42; redução 60%; Arts. 133 e 134; vigência desde 2026-01-01) | 21069090-200033-VI-43: 200/200033 (Anexo VI, item 43; redução 60%; Arts. 133 e 134; vigência desde 2026-01-01) | 21069090-200033-VI-44: 200/200033 (Anexo VI, item 44; redução 60%; Arts. 133 e 134; vigência desde 2026-01-01) | 21069090-200033-VI-45: 200/200033 (Anexo VI, item 45; redução 60%; Arts. 133 e 134; vigência desde 2026-01-01) | 21069090-200033-VI-46: 200/200033 (Anexo VI, item 46; redução 60%; Arts. 133 e 134; vigência desde 2026-01-01) | 21069090-200003-I-4: 200/200003 (Anexo I, item 4; redução 100%; Art. 125; vigência desde 2026-01-01)";"";"";"0,00";"0,00";"0,00";"";"NCM com 9 enquadramentos possíveis: 200033 (Anexo VI, item 39), 200033 (Anexo VI, item 40), 200033 (Anexo VI, item 41), 200033 (Anexo VI, item 42), 200033 (Anexo VI, item 43), 200033 (Anexo VI, item 44), 200033 (Anexo VI, item 45), 200033 (Anexo VI, item 46), 200003 (Anexo I, item 4). A composição do produto decide qual vale."
"10349";"BOLO DE LIMÃO C/ MIRTILO";"21069090";"3";"45,00";"ausente/ausente: 3";"NAO_OBRIGATORIO: 1 | INCORRETO_RISCO: 2";"depende da validação | 000/000001";"nenhuma";"21069090-200033-VI-39: 200/200033 (Anexo VI, item 39; redução 60%; Arts. 133 e 134; vigência desde 2026-01-01) | 21069090-200033-VI-40: 200/200033 (Anexo VI, item 40; redução 60%; Arts. 133 e 134; vigência desde 2026-01-01) | 21069090-200033-VI-41: 200/200033 (Anexo VI, item 41; redução 60%; Arts. 133 e 134; vigência desde 2026-01-01) | 21069090-200033-VI-42: 200/200033 (Anexo VI, item 42; redução 60%; Arts. 133 e 134; vigência desde 2026-01-01) | 21069090-200033-VI-43: 200/200033 (Anexo VI, item 43; redução 60%; Arts. 133 e 134; vigência desde 2026-01-01) | 21069090-200033-VI-44: 200/200033 (Anexo VI, item 44; redução 60%; Arts. 133 e 134; vigência desde 2026-01-01) | 21069090-200033-VI-45: 200/200033 (Anexo VI, item 45; redução 60%; Arts. 133 e 134; vigência desde 2026-01-01) | 21069090-200033-VI-46: 200/200033 (Anexo VI, item 46; redução 60%; Arts. 133 e 134; vigência desde 2026-01-01) | 21069090-200003-I-4: 200/200003 (Anexo I, item 4; redução 100%; Art. 125; vigência desde 2026-01-01)";"";"";"0,00";"0,00";"0,00";"";"Grupo IBS/CBS ainda não exigido nesta data. Ato Conjunto RFB/CGIBS nº 4/2026: cronograma em lotes, NF-e e NFC-e a partir de 03/08/2026"
"10348";"BOLO FUBA C/ GOIABADA";"21069090";"13";"209,99";"ausente/ausente: 13";"NAO_OBRIGATORIO: 7 | INCORRETO_RISCO: 6";"depende da validação | 000/000001";"nenhuma";"21069090-200033-VI-39: 200/200033 (Anexo VI, item 39; redução 60%; Arts. 133 e 134; vigência desde 2026-01-01) | 21069090-200033-VI-40: 200/200033 (Anexo VI, item 40; redução 60%; Arts. 133 e 134; vigência desde 2026-01-01) | 21069090-200033-VI-41: 200/200033 (Anexo VI, item 41; redução 60%; Arts. 133 e 134; vigência desde 2026-01-01) | 21069090-200033-VI-42: 200/200033 (Anexo VI, item 42; redução 60%; Arts. 133 e 134; vigência desde 2026-01-01) | 21069090-200033-VI-43: 200/200033 (Anexo VI, item 43; redução 60%; Arts. 133 e 134; vigência desde 2026-01-01) | 21069090-200033-VI-44: 200/200033 (Anexo VI, item 44; redução 60%; Arts. 133 e 134; vigência desde 2026-01-01) | 21069090-200033-VI-45: 200/200033 (Anexo VI, item 45; redução 60%; Arts. 133 e 134; vigência desde 2026-01-01) | 21069090-200033-VI-46: 200/200033 (Anexo VI, item 46; redução 60%; Arts. 133 e 134; vigência desde 2026-01-01) | 21069090-200003-I-4: 200/200003 (Anexo I, item 4; redução 100%; Art. 125; vigência desde 2026-01-01)";"";"";"0,00";"0,00";"0,00";"";"Grupo IBS/CBS ainda não exigido nesta data. Ato Conjunto RFB/CGIBS nº 4/2026: cronograma em lotes, NF-e e NFC-e a partir de 03/08/2026"
"13780001";"BUFFET ALMOÇO";"21069090";"157";"7542,50";"ausente/ausente: 157";"NAO_OBRIGATORIO: 120 | INCORRETO_RISCO: 37";"depende da validação | 000/000001";"nenhuma";"21069090-200033-VI-39: 200/200033 (Anexo VI, item 39; redução 60%; Arts. 133 e 134; vigência desde 2026-01-01) | 21069090-200033-VI-40: 200/200033 (Anexo VI, item 40; redução 60%; Arts. 133 e 134; vigência desde 2026-01-01) | 21069090-200033-VI-41: 200/200033 (Anexo VI, item 41; redução 60%; Arts. 133 e 134; vigência desde 2026-01-01) | 21069090-200033-VI-42: 200/200033 (Anexo VI, item 42; redução 60%; Arts. 133 e 134; vigência desde 2026-01-01) | 21069090-200033-VI-43: 200/200033 (Anexo VI, item 43; redução 60%; Arts. 133 e 134; vigência desde 2026-01-01) | 21069090-200033-VI-44: 200/200033 (Anexo VI, item 44; redução 60%; Arts. 133 e 134; vigência desde 2026-01-01) | 21069090-200033-VI-45: 200/200033 (Anexo VI, item 45; redução 60%; Arts. 133 e 134; vigência desde 2026-01-01) | 21069090-200033-VI-46: 200/200033 (Anexo VI, item 46; redução 60%; Arts. 133 e 134; vigência desde 2026-01-01) | 21069090-200003-I-4: 200/200003 (Anexo I, item 4; redução 100%; Art. 125; vigência desde 2026-01-01)";"";"";"0,00";"0,00";"0,00";"";"Grupo IBS/CBS ainda não exigido nesta data. Ato Conjunto RFB/CGIBS nº 4/2026: cronograma em lotes, NF-e e NFC-e a partir de 03/08/2026"
"10172";"BUFFET ALMOÇO DE  SEG A SEX";"21069090";"317";"11873,40";"ausente/ausente: 317";"NAO_OBRIGATORIO: 1 | INCORRETO_RISCO: 316";"depende da validação | 000/000001";"nenhuma";"21069090-200033-VI-39: 200/200033 (Anexo VI, item 39; redução 60%; Arts. 133 e 134; vigência desde 2026-01-01) | 21069090-200033-VI-40: 200/200033 (Anexo VI, item 40; redução 60%; Arts. 133 e 134; vigência desde 2026-01-01) | 21069090-200033-VI-41: 200/200033 (Anexo VI, item 41; redução 60%; Arts. 133 e 134; vigência desde 2026-01-01) | 21069090-200033-VI-42: 200/200033 (Anexo VI, item 42; redução 60%; Arts. 133 e 134; vigência desde 2026-01-01) | 21069090-200033-VI-43: 200/200033 (Anexo VI, item 43; redução 60%; Arts. 133 e 134; vigência desde 2026-01-01) | 21069090-200033-VI-44: 200/200033 (Anexo VI, item 44; redução 60%; Arts. 133 e 134; vigência desde 2026-01-01) | 21069090-200033-VI-45: 200/200033 (Anexo VI, item 45; redução 60%; Arts. 133 e 134; vigência desde 2026-01-01) | 21069090-200033-VI-46: 200/200033 (Anexo VI, item 46; redução 60%; Arts. 133 e 134; vigência desde 2026-01-01) | 21069090-200003-I-4: 200/200003 (Anexo I, item 4; redução 100%; Art. 125; vigência desde 2026-01-01)";"";"";"0,00";"0,00";"0,00";"";"Grupo IBS/CBS ainda não exigido nesta data. Ato Conjunto RFB/CGIBS nº 4/2026: cronograma em lotes, NF-e e NFC-e a partir de 03/08/2026"
"13770001";"BUFFET CAFE DA MANHA";"21069090";"367";"15084,58";"ausente/ausente: 367";"NAO_OBRIGATORIO: 176 | INCORRETO_RISCO: 191";"depende da validação | 000/000001";"nenhuma";"21069090-200033-VI-39: 200/200033 (Anexo VI, item 39; redução 60%; Arts. 133 e 134; vigência desde 2026-01-01) | 21069090-200033-VI-40: 200/200033 (Anexo VI, item 40; redução 60%; Arts. 133 e 134; vigência desde 2026-01-01) | 21069090-200033-VI-41: 200/200033 (Anexo VI, item 41; redução 60%; Arts. 133 e 134; vigência desde 2026-01-01) | 21069090-200033-VI-42: 200/200033 (Anexo VI, item 42; redução 60%; Arts. 133 e 134; vigência desde 2026-01-01) | 21069090-200033-VI-43: 200/200033 (Anexo VI, item 43; redução 60%; Arts. 133 e 134; vigência desde 2026-01-01) | 21069090-200033-VI-44: 200/200033 (Anexo VI, item 44; redução 60%; Arts. 133 e 134; vigência desde 2026-01-01) | 21069090-200033-VI-45: 200/200033 (Anexo VI, item 45; redução 60%; Arts. 133 e 134; vigência desde 2026-01-01) | 21069090-200033-VI-46: 200/200033 (Anexo VI, item 46; redução 60%; Arts. 133 e 134; vigência desde 2026-01-01) | 21069090-200003-I-4: 200/200003 (Anexo I, item 4; redução 100%; Art. 125; vigência desde 2026-01-01)";"";"";"0,00";"0,00";"0,00";"";"Grupo IBS/CBS ainda não exigido nesta data. Ato Conjunto RFB/CGIBS nº 4/2026: cronograma em lotes, NF-e e NFC-e a partir de 03/08/2026"
"36690003";"BUFFET CAFE DA MANHA SEG A SEX";"21069090";"134";"3602,02";"000/000001: 134";"INCORRETO_ECONOMIA: 134";"200/200033";"200/200033 (Anexo VI, item 39; redução 60%; Arts. 133 e 134; vigência desde 2026-01-01)";"21069090-200033-VI-39: 200/200033 (Anexo VI, item 39; redução 60%; Arts. 133 e 134; vigência desde 2026-01-01) | 21069090-200033-VI-40: 200/200033 (Anexo VI, item 40; redução 60%; Arts. 133 e 134; vigência desde 2026-01-01) | 21069090-200033-VI-41: 200/200033 (Anexo VI, item 41; redução 60%; Arts. 133 e 134; vigência desde 2026-01-01) | 21069090-200033-VI-42: 200/200033 (Anexo VI, item 42; redução 60%; Arts. 133 e 134; vigência desde 2026-01-01) | 21069090-200033-VI-43: 200/200033 (Anexo VI, item 43; redução 60%; Arts. 133 e 134; vigência desde 2026-01-01) | 21069090-200033-VI-44: 200/200033 (Anexo VI, item 44; redução 60%; Arts. 133 e 134; vigência desde 2026-01-01) | 21069090-200033-VI-45: 200/200033 (Anexo VI, item 45; redução 60%; Arts. 133 e 134; vigência desde 2026-01-01) | 21069090-200033-VI-46: 200/200033 (Anexo VI, item 46; redução 60%; Arts. 133 e 134; vigência desde 2026-01-01) | 21069090-200003-I-4: 200/200003 (Anexo I, item 4; redução 100%; Art. 125; vigência desde 2026-01-01)";"";"SIM 21069090-200033-VI-39 (Sistema, 2026-09-26)";"21,61";"0,00";"0,00";"";"Benefício confirmado na validação: Composições nutricionais - Anexo VI (Arts. 133 e 134)."
"10282";"BUFFET DE SOPAS E CALDOS LIVRE";"21069090";"136";"7046,19";"ausente/ausente: 136";"NAO_OBRIGATORIO: 33 | INCORRETO_RISCO: 103";"depende da validação | 000/000001";"nenhuma";"21069090-200033-VI-39: 200/200033 (Anexo VI, item 39; redução 60%; Arts. 133 e 134; vigência desde 2026-01-01) | 21069090-200033-VI-40: 200/200033 (Anexo VI, item 40; redução 60%; Arts. 133 e 134; vigência desde 2026-01-01) | 21069090-200033-VI-41: 200/200033 (Anexo VI, item 41; redução 60%; Arts. 133 e 134; vigência desde 2026-01-01) | 21069090-200033-VI-42: 200/200033 (Anexo VI, item 42; redução 60%; Arts. 133 e 134; vigência desde 2026-01-01) | 21069090-200033-VI-43: 200/200033 (Anexo VI, item 43; redução 60%; Arts. 133 e 134; vigência desde 2026-01-01) | 21069090-200033-VI-44: 200/200033 (Anexo VI, item 44; redução 60%; Arts. 133 e 134; vigência desde 2026-01-01) | 21069090-200033-VI-45: 200/200033 (Anexo VI, item 45; redução 60%; Arts. 133 e 134; vigência desde 2026-01-01) | 21069090-200033-VI-46: 200/200033 (Anexo VI, item 46; redução 60%; Arts. 133 e 134; vigência desde 2026-01-01) | 21069090-200003-I-4: 200/200003 (Anexo I, item 4; redução 100%; Art. 125; vigência desde 2026-01-01)";"";"";"0,00";"0,00";"0,00";"";"Grupo IBS/CBS ainda não exigido nesta data. Ato Conjunto RFB/CGIBS nº 4/2026: cronograma em lotes, NF-e e NFC-e a partir de 03/08/2026"
"30330003";"CHÁ ABACAXI COM HORTELÃ";"21069090";"1";"11,51";"000/000001: 1";"REQUER_VALIDACAO: 1";"depende da validação";"nenhuma";"21069090-200033-VI-39: 200/200033 (Anexo VI, item 39; redução 60%; Arts. 133 e 134; vigência desde 2026-01-01) | 21069090-200033-VI-40: 200/200033 (Anexo VI, item 40; redução 60%; Arts. 133 e 134; vigência desde 2026-01-01) | 21069090-200033-VI-41: 200/200033 (Anexo VI, item 41; redução 60%; Arts. 133 e 134; vigência desde 2026-01-01) | 21069090-200033-VI-42: 200/200033 (Anexo VI, item 42; redução 60%; Arts. 133 e 134; vigência desde 2026-01-01) | 21069090-200033-VI-43: 200/200033 (Anexo VI, item 43; redução 60%; Arts. 133 e 134; vigência desde 2026-01-01) | 21069090-200033-VI-44: 200/200033 (Anexo VI, item 44; redução 60%; Arts. 133 e 134; vigência desde 2026-01-01) | 21069090-200033-VI-45: 200/200033 (Anexo VI, item 45; redução 60%; Arts. 133 e 134; vigência desde 2026-01-01) | 21069090-200033-VI-46: 200/200033 (Anexo VI, item 46; redução 60%; Arts. 133 e 134; vigência desde 2026-01-01) | 21069090-200003-I-4: 200/200003 (Anexo I, item 4; redução 100%; Art. 125; vigência desde 2026-01-01)";"";"";"0,00";"0,00";"0,00";"";"NCM com 9 enquadramentos possíveis: 200033 (Anexo VI, item 39), 200033 (Anexo VI, item 40), 200033 (Anexo VI, item 41), 200033 (Anexo VI, item 42), 200033 (Anexo VI, item 43), 200033 (Anexo VI, item 44), 200033 (Anexo VI, item 45), 200033 (Anexo VI, item 46), 200003 (Anexo I, item 4). A composição do produto decide qual vale."
"22240003";"CHA BOLDO";"21069090";"1";"11,51";"000/000001: 1";"REQUER_VALIDACAO: 1";"depende da validação";"nenhuma";"21069090-200033-VI-39: 200/200033 (Anexo VI, item 39; redução 60%; Arts. 133 e 134; vigência desde 2026-01-01) | 21069090-200033-VI-40: 200/200033 (Anexo VI, item 40; redução 60%; Arts. 133 e 134; vigência desde 2026-01-01) | 21069090-200033-VI-41: 200/200033 (Anexo VI, item 41; redução 60%; Arts. 133 e 134; vigência desde 2026-01-01) | 21069090-200033-VI-42: 200/200033 (Anexo VI, item 42; redução 60%; Arts. 133 e 134; vigência desde 2026-01-01) | 21069090-200033-VI-43: 200/200033 (Anexo VI, item 43; redução 60%; Arts. 133 e 134; vigência desde 2026-01-01) | 21069090-200033-VI-44: 200/200033 (Anexo VI, item 44; redução 60%; Arts. 133 e 134; vigência desde 2026-01-01) | 21069090-200033-VI-45: 200/200033 (Anexo VI, item 45; redução 60%; Arts. 133 e 134; vigência desde 2026-01-01) | 21069090-200033-VI-46: 200/200033 (Anexo VI, item 46; redução 60%; Arts. 133 e 134; vigência desde 2026-01-01) | 21069090-200003-I-4: 200/200003 (Anexo I, item 4; redução 100%; Art. 125; vigência desde 2026-01-01)";"";"";"0,00";"0,00";"0,00";"";"NCM com 9 enquadramentos possíveis: 200033 (Anexo VI, item 39), 200033 (Anexo VI, item 40), 200033 (Anexo VI, item 41), 200033 (Anexo VI, item 42), 200033 (Anexo VI, item 43), 200033 (Anexo VI, item 44), 200033 (Anexo VI, item 45), 200033 (Anexo VI, item 46), 200003 (Anexo I, item 4). A composição do produto decide qual vale."
"30300003";"CHÁ DE CAMOMILA";"21069090";"9";"126,59";"000/000001: 9";"REQUER_VALIDACAO: 9";"depende da validação";"nenhuma";"21069090-200033-VI-39: 200/200033 (Anexo VI, item 39; redução 60%; Arts. 133 e 134; vigência desde 2026-01-01) | 21069090-200033-VI-40: 200/200033 (Anexo VI, item 40; redução 60%; Arts. 133 e 134; vigência desde 2026-01-01) | 21069090-200033-VI-41: 200/200033 (Anexo VI, item 41; redução 60%; Arts. 133 e 134; vigência desde 2026-01-01) | 21069090-200033-VI-42: 200/200033 (Anexo VI, item 42; redução 60%; Arts. 133 e 134; vigência desde 2026-01-01) | 21069090-200033-VI-43: 200/200033 (Anexo VI, item 43; redução 60%; Arts. 133 e 134; vigência desde 2026-01-01) | 21069090-200033-VI-44: 200/200033 (Anexo VI, item 44; redução 60%; Arts. 133 e 134; vigência desde 2026-01-01) | 21069090-200033-VI-45: 200/200033 (Anexo VI, item 45; redução 60%; Arts. 133 e 134; vigência desde 2026-01-01) | 21069090-200033-VI-46: 200/200033 (Anexo VI, item 46; redução 60%; Arts. 133 e 134; vigência desde 2026-01-01) | 21069090-200003-I-4: 200/200003 (Anexo I, item 4; redução 100%; Art. 125; vigência desde 2026-01-01)";"";"";"0,00";"0,00";"0,00";"";"NCM com 9 enquadramentos possíveis: 200033 (Anexo VI, item 39), 200033 (Anexo VI, item 40), 200033 (Anexo VI, item 41), 200033 (Anexo VI, item 42), 200033 (Anexo VI, item 43), 200033 (Anexo VI, item 44), 200033 (Anexo VI, item 45), 200033 (Anexo VI, item 46), 200003 (Anexo I, item 4). A composição do produto decide qual vale."
"309";"CHA HORTELA";"21069090";"7";"80,57";"000/000001: 7";"REQUER_VALIDACAO: 7";"depende da validação";"nenhuma";"21069090-200033-VI-39: 200/200033 (Anexo VI, item 39; redução 60%; Arts. 133 e 134; vigência desde 2026-01-01) | 21069090-200033-VI-40: 200/200033 (Anexo VI, item 40; redução 60%; Arts. 133 e 134; vigência desde 2026-01-01) | 21069090-200033-VI-41: 200/200033 (Anexo VI, item 41; redução 60%; Arts. 133 e 134; vigência desde 2026-01-01) | 21069090-200033-VI-42: 200/200033 (Anexo VI, item 42; redução 60%; Arts. 133 e 134; vigência desde 2026-01-01) | 21069090-200033-VI-43: 200/200033 (Anexo VI, item 43; redução 60%; Arts. 133 e 134; vigência desde 2026-01-01) | 21069090-200033-VI-44: 200/200033 (Anexo VI, item 44; redução 60%; Arts. 133 e 134; vigência desde 2026-01-01) | 21069090-200033-VI-45: 200/200033 (Anexo VI, item 45; redução 60%; Arts. 133 e 134; vigência desde 2026-01-01) | 21069090-200033-VI-46: 200/200033 (Anexo VI, item 46; redução 60%; Arts. 133 e 134; vigência desde 2026-01-01) | 21069090-200003-I-4: 200/200003 (Anexo I, item 4; redução 100%; Art. 125; vigência desde 2026-01-01)";"";"";"0,00";"0,00";"0,00";"";"NCM com 9 enquadramentos possíveis: 200033 (Anexo VI, item 39), 200033 (Anexo VI, item 40), 200033 (Anexo VI, item 41), 200033 (Anexo VI, item 42), 200033 (Anexo VI, item 43), 200033 (Anexo VI, item 44), 200033 (Anexo VI, item 45), 200033 (Anexo VI, item 46), 200003 (Anexo I, item 4). A composição do produto decide qual vale."
"30320003";"CHÁ PRETO";"21069090";"2";"23,02";"000/000001: 2";"REQUER_VALIDACAO: 2";"depende da validação";"nenhuma";"21069090-200033-VI-39: 200/200033 (Anexo VI, item 39; redução 60%; Arts. 133 e 134; vigência desde 2026-01-01) | 21069090-200033-VI-40: 200/200033 (Anexo VI, item 40; redução 60%; Arts. 133 e 134; vigência desde 2026-01-01) | 21069090-200033-VI-41: 200/200033 (Anexo VI, item 41; redução 60%; Arts. 133 e 134; vigência desde 2026-01-01) | 21069090-200033-VI-42: 200/200033 (Anexo VI, item 42; redução 60%; Arts. 133 e 134; vigência desde 2026-01-01) | 21069090-200033-VI-43: 200/200033 (Anexo VI, item 43; redução 60%; Arts. 133 e 134; vigência desde 2026-01-01) | 21069090-200033-VI-44: 200/200033 (Anexo VI, item 44; redução 60%; Arts. 133 e 134; vigência desde 2026-01-01) | 21069090-200033-VI-45: 200/200033 (Anexo VI, item 45; redução 60%; Arts. 133 e 134; vigência desde 2026-01-01) | 21069090-200033-VI-46: 200/200033 (Anexo VI, item 46; redução 60%; Arts. 133 e 134; vigência desde 2026-01-01) | 21069090-200003-I-4: 200/200003 (Anexo I, item 4; redução 100%; Art. 125; vigência desde 2026-01-01)";"";"";"0,00";"0,00";"0,00";"";"NCM com 9 enquadramentos possíveis: 200033 (Anexo VI, item 39), 200033 (Anexo VI, item 40), 200033 (Anexo VI, item 41), 200033 (Anexo VI, item 42), 200033 (Anexo VI, item 43), 200033 (Anexo VI, item 44), 200033 (Anexo VI, item 45), 200033 (Anexo VI, item 46), 200003 (Anexo I, item 4). A composição do produto decide qual vale."
"30290003";"CHÁ VERDE";"21069090";"3";"34,53";"000/000001: 3";"REQUER_VALIDACAO: 3";"depende da validação";"nenhuma";"21069090-200033-VI-39: 200/200033 (Anexo VI, item 39; redução 60%; Arts. 133 e 134; vigência desde 2026-01-01) | 21069090-200033-VI-40: 200/200033 (Anexo VI, item 40; redução 60%; Arts. 133 e 134; vigência desde 2026-01-01) | 21069090-200033-VI-41: 200/200033 (Anexo VI, item 41; redução 60%; Arts. 133 e 134; vigência desde 2026-01-01) | 21069090-200033-VI-42: 200/200033 (Anexo VI, item 42; redução 60%; Arts. 133 e 134; vigência desde 2026-01-01) | 21069090-200033-VI-43: 200/200033 (Anexo VI, item 43; redução 60%; Arts. 133 e 134; vigência desde 2026-01-01) | 21069090-200033-VI-44: 200/200033 (Anexo VI, item 44; redução 60%; Arts. 133 e 134; vigência desde 2026-01-01) | 21069090-200033-VI-45: 200/200033 (Anexo VI, item 45; redução 60%; Arts. 133 e 134; vigência desde 2026-01-01) | 21069090-200033-VI-46: 200/200033 (Anexo VI, item 46; redução 60%; Arts. 133 e 134; vigência desde 2026-01-01) | 21069090-200003-I-4: 200/200003 (Anexo I, item 4; redução 100%; Art. 125; vigência desde 2026-01-01)";"";"";"0,00";"0,00";"0,00";"";"NCM com 9 enquadramentos possíveis: 200033 (Anexo VI, item 39), 200033 (Anexo VI, item 40), 200033 (Anexo VI, item 41), 200033 (Anexo VI, item 42), 200033 (Anexo VI, item 43), 200033 (Anexo VI, item 44), 200033 (Anexo VI, item 45), 200033 (Anexo VI, item 46), 200003 (Anexo I, item 4). A composição do produto decide qual vale."
"10296";"CINNAMON COM GANACHE";"21069090";"2";"32,00";"ausente/ausente: 2";"INCORRETO_RISCO: 2";"000/000001";"nenhuma";"21069090-200033-VI-39: 200/200033 (Anexo VI, item 39; redução 60%; Arts. 133 e 134; vigência desde 2026-01-01) | 21069090-200033-VI-40: 200/200033 (Anexo VI, item 40; redução 60%; Arts. 133 e 134; vigência desde 2026-01-01) | 21069090-200033-VI-41: 200/200033 (Anexo VI, item 41; redução 60%; Arts. 133 e 134; vigência desde 2026-01-01) | 21069090-200033-VI-42: 200/200033 (Anexo VI, item 42; redução 60%; Arts. 133 e 134; vigência desde 2026-01-01) | 21069090-200033-VI-43: 200/200033 (Anexo VI, item 43; redução 60%; Arts. 133 e 134; vigência desde 2026-01-01) | 21069090-200033-VI-44: 200/200033 (Anexo VI, item 44; redução 60%; Arts. 133 e 134; vigência desde 2026-01-01) | 21069090-200033-VI-45: 200/200033 (Anexo VI, item 45; redução 60%; Arts. 133 e 134; vigência desde 2026-01-01) | 21069090-200033-VI-46: 200/200033 (Anexo VI, item 46; redução 60%; Arts. 133 e 134; vigência desde 2026-01-01) | 21069090-200003-I-4: 200/200003 (Anexo I, item 4; redução 100%; Art. 125; vigência desde 2026-01-01)";"";"";"0,00";"0,00";"0,00";"";"Grupo IBS/CBS exigido e não informado no documento."
"16770003";"Coca cola expresso 220ml";"21069090";"2";"20,00";"ausente/ausente: 2";"INCORRETO_RISCO: 2";"000/000001";"nenhuma";"21069090-200033-VI-39: 200/200033 (Anexo VI, item 39; redução 60%; Arts. 133 e 134; vigência desde 2026-01-01) | 21069090-200033-VI-40: 200/200033 (Anexo VI, item 40; redução 60%; Arts. 133 e 134; vigência desde 2026-01-01) | 21069090-200033-VI-41: 200/200033 (Anexo VI, item 41; redução 60%; Arts. 133 e 134; vigência desde 2026-01-01) | 21069090-200033-VI-42: 200/200033 (Anexo VI, item 42; redução 60%; Arts. 133 e 134; vigência desde 2026-01-01) | 21069090-200033-VI-43: 200/200033 (Anexo VI, item 43; redução 60%; Arts. 133 e 134; vigência desde 2026-01-01) | 21069090-200033-VI-44: 200/200033 (Anexo VI, item 44; redução 60%; Arts. 133 e 134; vigência desde 2026-01-01) | 21069090-200033-VI-45: 200/200033 (Anexo VI, item 45; redução 60%; Arts. 133 e 134; vigência desde 2026-01-01) | 21069090-200033-VI-46: 200/200033 (Anexo VI, item 46; redução 60%; Arts. 133 e 134; vigência desde 2026-01-01) | 21069090-200003-I-4: 200/200003 (Anexo I, item 4; redução 100%; Art. 125; vigência desde 2026-01-01)";"";"";"0,00";"0,00";"0,00";"";"Grupo IBS/CBS exigido e não informado no documento."
"30770003";"CREPIOCA FRANGO";"21069090";"2";"66,52";"000/000001: 2";"REQUER_VALIDACAO: 2";"depende da validação";"nenhuma";"21069090-200033-VI-39: 200/200033 (Anexo VI, item 39; redução 60%; Arts. 133 e 134; vigência desde 2026-01-01) | 21069090-200033-VI-40: 200/200033 (Anexo VI, item 40; redução 60%; Arts. 133 e 134; vigência desde 2026-01-01) | 21069090-200033-VI-41: 200/200033 (Anexo VI, item 41; redução 60%; Arts. 133 e 134; vigência desde 2026-01-01) | 21069090-200033-VI-42: 200/200033 (Anexo VI, item 42; redução 60%; Arts. 133 e 134; vigência desde 2026-01-01) | 21069090-200033-VI-43: 200/200033 (Anexo VI, item 43; redução 60%; Arts. 133 e 134; vigência desde 2026-01-01) | 21069090-200033-VI-44: 200/200033 (Anexo VI, item 44; redução 60%; Arts. 133 e 134; vigência desde 2026-01-01) | 21069090-200033-VI-45: 200/200033 (Anexo VI, item 45; redução 60%; Arts. 133 e 134; vigência desde 2026-01-01) | 21069090-200033-VI-46: 200/200033 (Anexo VI, item 46; redução 60%; Arts. 133 e 134; vigência desde 2026-01-01) | 21069090-200003-I-4: 200/200003 (Anexo I, item 4; redução 100%; Art. 125; vigência desde 2026-01-01)";"";"";"0,00";"0,00";"0,00";"";"NCM com 9 enquadramentos possíveis: 200033 (Anexo VI, item 39), 200033 (Anexo VI, item 40), 200033 (Anexo VI, item 41), 200033 (Anexo VI, item 42), 200033 (Anexo VI, item 43), 200033 (Anexo VI, item 44), 200033 (Anexo VI, item 45), 200033 (Anexo VI, item 46), 200003 (Anexo I, item 4). A composição do produto decide qual vale."
"35010003";"DEL VALLE 1LT";"21069090";"1";"11,51";"000/000001: 1";"REQUER_VALIDACAO: 1";"depende da validação";"nenhuma";"21069090-200033-VI-39: 200/200033 (Anexo VI, item 39; redução 60%; Arts. 133 e 134; vigência desde 2026-01-01) | 21069090-200033-VI-40: 200/200033 (Anexo VI, item 40; redução 60%; Arts. 133 e 134; vigência desde 2026-01-01) | 21069090-200033-VI-41: 200/200033 (Anexo VI, item 41; redução 60%; Arts. 133 e 134; vigência desde 2026-01-01) | 21069090-200033-VI-42: 200/200033 (Anexo VI, item 42; redução 60%; Arts. 133 e 134; vigência desde 2026-01-01) | 21069090-200033-VI-43: 200/200033 (Anexo VI, item 43; redução 60%; Arts. 133 e 134; vigência desde 2026-01-01) | 21069090-200033-VI-44: 200/200033 (Anexo VI, item 44; redução 60%; Arts. 133 e 134; vigência desde 2026-01-01) | 21069090-200033-VI-45: 200/200033 (Anexo VI, item 45; redução 60%; Arts. 133 e 134; vigência desde 2026-01-01) | 21069090-200033-VI-46: 200/200033 (Anexo VI, item 46; redução 60%; Arts. 133 e 134; vigência desde 2026-01-01) | 21069090-200003-I-4: 200/200003 (Anexo I, item 4; redução 100%; Art. 125; vigência desde 2026-01-01)";"";"";"0,00";"0,00";"0,00";"";"NCM com 9 enquadramentos possíveis: 200033 (Anexo VI, item 39), 200033 (Anexo VI, item 40), 200033 (Anexo VI, item 41), 200033 (Anexo VI, item 42), 200033 (Anexo VI, item 43), 200033 (Anexo VI, item 44), 200033 (Anexo VI, item 45), 200033 (Anexo VI, item 46), 200003 (Anexo I, item 4). A composição do produto decide qual vale."
"28540003";"ENERGETICO TUM";"21069090";"2";"54,17";"000/000001: 2";"REQUER_VALIDACAO: 2";"depende da validação";"nenhuma";"21069090-200033-VI-39: 200/200033 (Anexo VI, item 39; redução 60%; Arts. 133 e 134; vigência desde 2026-01-01) | 21069090-200033-VI-40: 200/200033 (Anexo VI, item 40; redução 60%; Arts. 133 e 134; vigência desde 2026-01-01) | 21069090-200033-VI-41: 200/200033 (Anexo VI, item 41; redução 60%; Arts. 133 e 134; vigência desde 2026-01-01) | 21069090-200033-VI-42: 200/200033 (Anexo VI, item 42; redução 60%; Arts. 133 e 134; vigência desde 2026-01-01) | 21069090-200033-VI-43: 200/200033 (Anexo VI, item 43; redução 60%; Arts. 133 e 134; vigência desde 2026-01-01) | 21069090-200033-VI-44: 200/200033 (Anexo VI, item 44; redução 60%; Arts. 133 e 134; vigência desde 2026-01-01) | 21069090-200033-VI-45: 200/200033 (Anexo VI, item 45; redução 60%; Arts. 133 e 134; vigência desde 2026-01-01) | 21069090-200033-VI-46: 200/200033 (Anexo VI, item 46; redução 60%; Arts. 133 e 134; vigência desde 2026-01-01) | 21069090-200003-I-4: 200/200003 (Anexo I, item 4; redução 100%; Art. 125; vigência desde 2026-01-01)";"";"";"0,00";"0,00";"0,00";"";"NCM com 9 enquadramentos possíveis: 200033 (Anexo VI, item 39), 200033 (Anexo VI, item 40), 200033 (Anexo VI, item 41), 200033 (Anexo VI, item 42), 200033 (Anexo VI, item 43), 200033 (Anexo VI, item 44), 200033 (Anexo VI, item 45), 200033 (Anexo VI, item 46), 200003 (Anexo I, item 4). A composição do produto decide qual vale."
"31430003";"HAMBURGUER JURERE BACON";"21069090";"15";"866,70";"000/000001: 15";"INCORRETO_ECONOMIA: 15";"200/200033";"200/200033 (Anexo VI, item 39; redução 60%; Arts. 133 e 134; vigência desde 2026-01-01)";"21069090-200033-VI-39: 200/200033 (Anexo VI, item 39; redução 60%; Arts. 133 e 134; vigência desde 2026-01-01) | 21069090-200033-VI-40: 200/200033 (Anexo VI, item 40; redução 60%; Arts. 133 e 134; vigência desde 2026-01-01) | 21069090-200033-VI-41: 200/200033 (Anexo VI, item 41; redução 60%; Arts. 133 e 134; vigência desde 2026-01-01) | 21069090-200033-VI-42: 200/200033 (Anexo VI, item 42; redução 60%; Arts. 133 e 134; vigência desde 2026-01-01) | 21069090-200033-VI-43: 200/200033 (Anexo VI, item 43; redução 60%; Arts. 133 e 134; vigência desde 2026-01-01) | 21069090-200033-VI-44: 200/200033 (Anexo VI, item 44; redução 60%; Arts. 133 e 134; vigência desde 2026-01-01) | 21069090-200033-VI-45: 200/200033 (Anexo VI, item 45; redução 60%; Arts. 133 e 134; vigência desde 2026-01-01) | 21069090-200033-VI-46: 200/200033 (Anexo VI, item 46; redução 60%; Arts. 133 e 134; vigência desde 2026-01-01) | 21069090-200003-I-4: 200/200003 (Anexo I, item 4; redução 100%; Art. 125; vigência desde 2026-01-01)";"";"SIM 21069090-200033-VI-39 (Sistema, 2026-09-27)";"5,20";"0,00";"0,00";"";"Benefício confirmado na validação: Composições nutricionais - Anexo VI (Arts. 133 e 134)."
"31410003";"HAMBURGUER JURERE BURGUER";"21069090";"7";"300,30";"000/000001: 7";"REQUER_VALIDACAO: 7";"depende da validação";"nenhuma";"21069090-200033-VI-39: 200/200033 (Anexo VI, item 39; redução 60%; Arts. 133 e 134; vigência desde 2026-01-01) | 21069090-200033-VI-40: 200/200033 (Anexo VI, item 40; redução 60%; Arts. 133 e 134; vigência desde 2026-01-01) | 21069090-200033-VI-41: 200/200033 (Anexo VI, item 41; redução 60%; Arts. 133 e 134; vigência desde 2026-01-01) | 21069090-200033-VI-42: 200/200033 (Anexo VI, item 42; redução 60%; Arts. 133 e 134; vigência desde 2026-01-01) | 21069090-200033-VI-43: 200/200033 (Anexo VI, item 43; redução 60%; Arts. 133 e 134; vigência desde 2026-01-01) | 21069090-200033-VI-44: 200/200033 (Anexo VI, item 44; redução 60%; Arts. 133 e 134; vigência desde 2026-01-01) | 21069090-200033-VI-45: 200/200033 (Anexo VI, item 45; redução 60%; Arts. 133 e 134; vigência desde 2026-01-01) | 21069090-200033-VI-46: 200/200033 (Anexo VI, item 46; redução 60%; Arts. 133 e 134; vigência desde 2026-01-01) | 21069090-200003-I-4: 200/200003 (Anexo I, item 4; redução 100%; Art. 125; vigência desde 2026-01-01)";"";"";"0,00";"0,00";"0,00";"";"NCM com 9 enquadramentos possíveis: 200033 (Anexo VI, item 39), 200033 (Anexo VI, item 40), 200033 (Anexo VI, item 41), 200033 (Anexo VI, item 42), 200033 (Anexo VI, item 43), 200033 (Anexo VI, item 44), 200033 (Anexo VI, item 45), 200033 (Anexo VI, item 46), 200003 (Anexo I, item 4). A composição do produto decide qual vale."
"31400003";"HAMBURGUER JURERE SALAD";"21069090";"6";"273,18";"000/000001: 6";"REQUER_VALIDACAO: 6";"depende da validação";"nenhuma";"21069090-200033-VI-39: 200/200033 (Anexo VI, item 39; redução 60%; Arts. 133 e 134; vigência desde 2026-01-01) | 21069090-200033-VI-40: 200/200033 (Anexo VI, item 40; redução 60%; Arts. 133 e 134; vigência desde 2026-01-01) | 21069090-200033-VI-41: 200/200033 (Anexo VI, item 41; redução 60%; Arts. 133 e 134; vigência desde 2026-01-01) | 21069090-200033-VI-42: 200/200033 (Anexo VI, item 42; redução 60%; Arts. 133 e 134; vigência desde 2026-01-01) | 21069090-200033-VI-43: 200/200033 (Anexo VI, item 43; redução 60%; Arts. 133 e 134; vigência desde 2026-01-01) | 21069090-200033-VI-44: 200/200033 (Anexo VI, item 44; redução 60%; Arts. 133 e 134; vigência desde 2026-01-01) | 21069090-200033-VI-45: 200/200033 (Anexo VI, item 45; redução 60%; Arts. 133 e 134; vigência desde 2026-01-01) | 21069090-200033-VI-46: 200/200033 (Anexo VI, item 46; redução 60%; Arts. 133 e 134; vigência desde 2026-01-01) | 21069090-200003-I-4: 200/200003 (Anexo I, item 4; redução 100%; Art. 125; vigência desde 2026-01-01)";"";"";"0,00";"0,00";"0,00";"";"NCM com 9 enquadramentos possíveis: 200033 (Anexo VI, item 39), 200033 (Anexo VI, item 40), 200033 (Anexo VI, item 41), 200033 (Anexo VI, item 42), 200033 (Anexo VI, item 43), 200033 (Anexo VI, item 44), 200033 (Anexo VI, item 45), 200033 (Anexo VI, item 46), 200003 (Anexo I, item 4). A composição do produto decide qual vale."
"740";"MANTEIGA SEM SAL ALTO ALEGRE 200G";"21069090";"1";"17,88";"000/000001: 1";"REQUER_VALIDACAO: 1";"depende da validação";"nenhuma";"21069090-200033-VI-39: 200/200033 (Anexo VI, item 39; redução 60%; Arts. 133 e 134; vigência desde 2026-01-01) | 21069090-200033-VI-40: 200/200033 (Anexo VI, item 40; redução 60%; Arts. 133 e 134; vigência desde 2026-01-01) | 21069090-200033-VI-41: 200/200033 (Anexo VI, item 41; redução 60%; Arts. 133 e 134; vigência desde 2026-01-01) | 21069090-200033-VI-42: 200/200033 (Anexo VI, item 42; redução 60%; Arts. 133 e 134; vigência desde 2026-01-01) | 21069090-200033-VI-43: 200/200033 (Anexo VI, item 43; redução 60%; Arts. 133 e 134; vigência desde 2026-01-01) | 21069090-200033-VI-44: 200/200033 (Anexo VI, item 44; redução 60%; Arts. 133 e 134; vigência desde 2026-01-01) | 21069090-200033-VI-45: 200/200033 (Anexo VI, item 45; redução 60%; Arts. 133 e 134; vigência desde 2026-01-01) | 21069090-200033-VI-46: 200/200033 (Anexo VI, item 46; redução 60%; Arts. 133 e 134; vigência desde 2026-01-01) | 21069090-200003-I-4: 200/200003 (Anexo I, item 4; redução 100%; Art. 125; vigência desde 2026-01-01)";"";"";"0,00";"0,00";"0,00";"";"NCM com 9 enquadramentos possíveis: 200033 (Anexo VI, item 39), 200033 (Anexo VI, item 40), 200033 (Anexo VI, item 41), 200033 (Anexo VI, item 42), 200033 (Anexo VI, item 43), 200033 (Anexo VI, item 44), 200033 (Anexo VI, item 45), 200033 (Anexo VI, item 46), 200003 (Anexo I, item 4). A composição do produto decide qual vale."
"30840003";"OMELETE DE FRANGO";"21069090";"7";"232,52";"000/000001: 7";"REQUER_VALIDACAO: 7";"depende da validação";"nenhuma";"21069090-200033-VI-39: 200/200033 (Anexo VI, item 39; redução 60%; Arts. 133 e 134; vigência desde 2026-01-01) | 21069090-200033-VI-40: 200/200033 (Anexo VI, item 40; redução 60%; Arts. 133 e 134; vigência desde 2026-01-01) | 21069090-200033-VI-41: 200/200033 (Anexo VI, item 41; redução 60%; Arts. 133 e 134; vigência desde 2026-01-01) | 21069090-200033-VI-42: 200/200033 (Anexo VI, item 42; redução 60%; Arts. 133 e 134; vigência desde 2026-01-01) | 21069090-200033-VI-43: 200/200033 (Anexo VI, item 43; redução 60%; Arts. 133 e 134; vigência desde 2026-01-01) | 21069090-200033-VI-44: 200/200033 (Anexo VI, item 44; redução 60%; Arts. 133 e 134; vigência desde 2026-01-01) | 21069090-200033-VI-45: 200/200033 (Anexo VI, item 45; redução 60%; Arts. 133 e 134; vigência desde 2026-01-01) | 21069090-200033-VI-46: 200/200033 (Anexo VI, item 46; redução 60%; Arts. 133 e 134; vigência desde 2026-01-01) | 21069090-200003-I-4: 200/200003 (Anexo I, item 4; redução 100%; Art. 125; vigência desde 2026-01-01)";"";"";"0,00";"0,00";"0,00";"";"NCM com 9 enquadramentos possíveis: 200033 (Anexo VI, item 39), 200033 (Anexo VI, item 40), 200033 (Anexo VI, item 41), 200033 (Anexo VI, item 42), 200033 (Anexo VI, item 43), 200033 (Anexo VI, item 44), 200033 (Anexo VI, item 45), 200033 (Anexo VI, item 46), 200003 (Anexo I, item 4). A composição do produto decide qual vale."
"30830003";"OMELETE JURERE";"21069090";"15";"878,18";"000/000001: 15";"INCORRETO_ECONOMIA: 15";"200/200033";"200/200033 (Anexo VI, item 39; redução 60%; Arts. 133 e 134; vigência desde 2026-01-01)";"21069090-200033-VI-39: 200/200033 (Anexo VI, item 39; redução 60%; Arts. 133 e 134; vigência desde 2026-01-01) | 21069090-200033-VI-40: 200/200033 (Anexo VI, item 40; redução 60%; Arts. 133 e 134; vigência desde 2026-01-01) | 21069090-200033-VI-41: 200/200033 (Anexo VI, item 41; redução 60%; Arts. 133 e 134; vigência desde 2026-01-01) | 21069090-200033-VI-42: 200/200033 (Anexo VI, item 42; redução 60%; Arts. 133 e 134; vigência desde 2026-01-01) | 21069090-200033-VI-43: 200/200033 (Anexo VI, item 43; redução 60%; Arts. 133 e 134; vigência desde 2026-01-01) | 21069090-200033-VI-44: 200/200033 (Anexo VI, item 44; redução 60%; Arts. 133 e 134; vigência desde 2026-01-01) | 21069090-200033-VI-45: 200/200033 (Anexo VI, item 45; redução 60%; Arts. 133 e 134; vigência desde 2026-01-01) | 21069090-200033-VI-46: 200/200033 (Anexo VI, item 46; redução 60%; Arts. 133 e 134; vigência desde 2026-01-01) | 21069090-200003-I-4: 200/200003 (Anexo I, item 4; redução 100%; Art. 125; vigência desde 2026-01-01)";"";"SIM 21069090-200033-VI-39 (Sistema, 2026-09-27)";"5,27";"0,00";"0,00";"";"Benefício confirmado na validação: Composições nutricionais - Anexo VI (Arts. 133 e 134)."
"30850003";"OMELETE PEITO DE PERU";"21069090";"3";"102,45";"000/000001: 3";"REQUER_VALIDACAO: 3";"depende da validação";"nenhuma";"21069090-200033-VI-39: 200/200033 (Anexo VI, item 39; redução 60%; Arts. 133 e 134; vigência desde 2026-01-01) | 21069090-200033-VI-40: 200/200033 (Anexo VI, item 40; redução 60%; Arts. 133 e 134; vigência desde 2026-01-01) | 21069090-200033-VI-41: 200/200033 (Anexo VI, item 41; redução 60%; Arts. 133 e 134; vigência desde 2026-01-01) | 21069090-200033-VI-42: 200/200033 (Anexo VI, item 42; redução 60%; Arts. 133 e 134; vigência desde 2026-01-01) | 21069090-200033-VI-43: 200/200033 (Anexo VI, item 43; redução 60%; Arts. 133 e 134; vigência desde 2026-01-01) | 21069090-200033-VI-44: 200/200033 (Anexo VI, item 44; redução 60%; Arts. 133 e 134; vigência desde 2026-01-01) | 21069090-200033-VI-45: 200/200033 (Anexo VI, item 45; redução 60%; Arts. 133 e 134; vigência desde 2026-01-01) | 21069090-200033-VI-46: 200/200033 (Anexo VI, item 46; redução 60%; Arts. 133 e 134; vigência desde 2026-01-01) | 21069090-200003-I-4: 200/200003 (Anexo I, item 4; redução 100%; Art. 125; vigência desde 2026-01-01)";"";"";"0,00";"0,00";"0,00";"";"NCM com 9 enquadramentos possíveis: 200033 (Anexo VI, item 39), 200033 (Anexo VI, item 40), 200033 (Anexo VI, item 41), 200033 (Anexo VI, item 42), 200033 (Anexo VI, item 43), 200033 (Anexo VI, item 44), 200033 (Anexo VI, item 45), 200033 (Anexo VI, item 46), 200003 (Anexo I, item 4). A composição do produto decide qual vale."
"30820003";"OMELETE PRESUNTO E QUEIJO";"21069090";"13";"416,38";"000/000001: 13";"INCORRETO_ECONOMIA: 13";"200/200033";"200/200033 (Anexo VI, item 39; redução 60%; Arts. 133 e 134; vigência desde 2026-01-01)";"21069090-200033-VI-39: 200/200033 (Anexo VI, item 39; redução 60%; Arts. 133 e 134; vigência desde 2026-01-01) | 21069090-200033-VI-40: 200/200033 (Anexo VI, item 40; redução 60%; Arts. 133 e 134; vigência desde 2026-01-01) | 21069090-200033-VI-41: 200/200033 (Anexo VI, item 41; redução 60%; Arts. 133 e 134; vigência desde 2026-01-01) | 21069090-200033-VI-42: 200/200033 (Anexo VI, item 42; redução 60%; Arts. 133 e 134; vigência desde 2026-01-01) | 21069090-200033-VI-43: 200/200033 (Anexo VI, item 43; redução 60%; Arts. 133 e 134; vigência desde 2026-01-01) | 21069090-200033-VI-44: 200/200033 (Anexo VI, item 44; redução 60%; Arts. 133 e 134; vigência desde 2026-01-01) | 21069090-200033-VI-45: 200/200033 (Anexo VI, item 45; redução 60%; Arts. 133 e 134; vigência desde 2026-01-01) | 21069090-200033-VI-46: 200/200033 (Anexo VI, item 46; redução 60%; Arts. 133 e 134; vigência desde 2026-01-01) | 21069090-200003-I-4: 200/200003 (Anexo I, item 4; redução 100%; Art. 125; vigência desde 2026-01-01)";"";"SIM 21069090-200033-VI-39 (Sistema, 2026-09-27)";"2,50";"0,00";"0,00";"";"Benefício confirmado na validação: Composições nutricionais - Anexo VI (Arts. 133 e 134)."
"207";"OVOS MEXIDOS";"21069090";"5";"126,06";"000/000001: 5";"REQUER_VALIDACAO: 5";"depende da validação";"nenhuma";"21069090-200033-VI-39: 200/200033 (Anexo VI, item 39; redução 60%; Arts. 133 e 134; vigência desde 2026-01-01) | 21069090-200033-VI-40: 200/200033 (Anexo VI, item 40; redução 60%; Arts. 133 e 134; vigência desde 2026-01-01) | 21069090-200033-VI-41: 200/200033 (Anexo VI, item 41; redução 60%; Arts. 133 e 134; vigência desde 2026-01-01) | 21069090-200033-VI-42: 200/200033 (Anexo VI, item 42; redução 60%; Arts. 133 e 134; vigência desde 2026-01-01) | 21069090-200033-VI-43: 200/200033 (Anexo VI, item 43; redução 60%; Arts. 133 e 134; vigência desde 2026-01-01) | 21069090-200033-VI-44: 200/200033 (Anexo VI, item 44; redução 60%; Arts. 133 e 134; vigência desde 2026-01-01) | 21069090-200033-VI-45: 200/200033 (Anexo VI, item 45; redução 60%; Arts. 133 e 134; vigência desde 2026-01-01) | 21069090-200033-VI-46: 200/200033 (Anexo VI, item 46; redução 60%; Arts. 133 e 134; vigência desde 2026-01-01) | 21069090-200003-I-4: 200/200003 (Anexo I, item 4; redução 100%; Art. 125; vigência desde 2026-01-01)";"";"";"0,00";"0,00";"0,00";"";"NCM com 9 enquadramentos possíveis: 200033 (Anexo VI, item 39), 200033 (Anexo VI, item 40), 200033 (Anexo VI, item 41), 200033 (Anexo VI, item 42), 200033 (Anexo VI, item 43), 200033 (Anexo VI, item 44), 200033 (Anexo VI, item 45), 200033 (Anexo VI, item 46), 200003 (Anexo I, item 4). A composição do produto decide qual vale."
"10294";"PAIN AU CHOCOLAT";"21069090";"26";"416,00";"ausente/ausente: 26";"NAO_OBRIGATORIO: 7 | INCORRETO_RISCO: 19";"depende da validação | 000/000001";"nenhuma";"21069090-200033-VI-39: 200/200033 (Anexo VI, item 39; redução 60%; Arts. 133 e 134; vigência desde 2026-01-01) | 21069090-200033-VI-40: 200/200033 (Anexo VI, item 40; redução 60%; Arts. 133 e 134; vigência desde 2026-01-01) | 21069090-200033-VI-41: 200/200033 (Anexo VI, item 41; redução 60%; Arts. 133 e 134; vigência desde 2026-01-01) | 21069090-200033-VI-42: 200/200033 (Anexo VI, item 42; redução 60%; Arts. 133 e 134; vigência desde 2026-01-01) | 21069090-200033-VI-43: 200/200033 (Anexo VI, item 43; redução 60%; Arts. 133 e 134; vigência desde 2026-01-01) | 21069090-200033-VI-44: 200/200033 (Anexo VI, item 44; redução 60%; Arts. 133 e 134; vigência desde 2026-01-01) | 21069090-200033-VI-45: 200/200033 (Anexo VI, item 45; redução 60%; Arts. 133 e 134; vigência desde 2026-01-01) | 21069090-200033-VI-46: 200/200033 (Anexo VI, item 46; redução 60%; Arts. 133 e 134; vigência desde 2026-01-01) | 21069090-200003-I-4: 200/200003 (Anexo I, item 4; redução 100%; Art. 125; vigência desde 2026-01-01)";"";"";"0,00";"0,00";"0,00";"";"Grupo IBS/CBS ainda não exigido nesta data. Ato Conjunto RFB/CGIBS nº 4/2026: cronograma em lotes, NF-e e NFC-e a partir de 03/08/2026"
"36290003";"PIPOCA DOCE GUSMAN 100G";"21069090";"1";"8,74";"000/000001: 1";"REQUER_VALIDACAO: 1";"depende da validação";"nenhuma";"21069090-200033-VI-39: 200/200033 (Anexo VI, item 39; redução 60%; Arts. 133 e 134; vigência desde 2026-01-01) | 21069090-200033-VI-40: 200/200033 (Anexo VI, item 40; redução 60%; Arts. 133 e 134; vigência desde 2026-01-01) | 21069090-200033-VI-41: 200/200033 (Anexo VI, item 41; redução 60%; Arts. 133 e 134; vigência desde 2026-01-01) | 21069090-200033-VI-42: 200/200033 (Anexo VI, item 42; redução 60%; Arts. 133 e 134; vigência desde 2026-01-01) | 21069090-200033-VI-43: 200/200033 (Anexo VI, item 43; redução 60%; Arts. 133 e 134; vigência desde 2026-01-01) | 21069090-200033-VI-44: 200/200033 (Anexo VI, item 44; redução 60%; Arts. 133 e 134; vigência desde 2026-01-01) | 21069090-200033-VI-45: 200/200033 (Anexo VI, item 45; redução 60%; Arts. 133 e 134; vigência desde 2026-01-01) | 21069090-200033-VI-46: 200/200033 (Anexo VI, item 46; redução 60%; Arts. 133 e 134; vigência desde 2026-01-01) | 21069090-200003-I-4: 200/200003 (Anexo I, item 4; redução 100%; Art. 125; vigência desde 2026-01-01)";"";"";"0,00";"0,00";"0,00";"";"NCM com 9 enquadramentos possíveis: 200033 (Anexo VI, item 39), 200033 (Anexo VI, item 40), 200033 (Anexo VI, item 41), 200033 (Anexo VI, item 42), 200033 (Anexo VI, item 43), 200033 (Anexo VI, item 44), 200033 (Anexo VI, item 45), 200033 (Anexo VI, item 46), 200003 (Anexo I, item 4). A composição do produto decide qual vale."
"211";"PRESUNTO PERDIGAO - 200G";"21069090";"2";"22,12";"000/000001: 2";"REQUER_VALIDACAO: 2";"depende da validação";"nenhuma";"21069090-200033-VI-39: 200/200033 (Anexo VI, item 39; redução 60%; Arts. 133 e 134; vigência desde 2026-01-01) | 21069090-200033-VI-40: 200/200033 (Anexo VI, item 40; redução 60%; Arts. 133 e 134; vigência desde 2026-01-01) | 21069090-200033-VI-41: 200/200033 (Anexo VI, item 41; redução 60%; Arts. 133 e 134; vigência desde 2026-01-01) | 21069090-200033-VI-42: 200/200033 (Anexo VI, item 42; redução 60%; Arts. 133 e 134; vigência desde 2026-01-01) | 21069090-200033-VI-43: 200/200033 (Anexo VI, item 43; redução 60%; Arts. 133 e 134; vigência desde 2026-01-01) | 21069090-200033-VI-44: 200/200033 (Anexo VI, item 44; redução 60%; Arts. 133 e 134; vigência desde 2026-01-01) | 21069090-200033-VI-45: 200/200033 (Anexo VI, item 45; redução 60%; Arts. 133 e 134; vigência desde 2026-01-01) | 21069090-200033-VI-46: 200/200033 (Anexo VI, item 46; redução 60%; Arts. 133 e 134; vigência desde 2026-01-01) | 21069090-200003-I-4: 200/200003 (Anexo I, item 4; redução 100%; Art. 125; vigência desde 2026-01-01)";"";"";"0,00";"0,00";"0,00";"";"NCM com 9 enquadramentos possíveis: 200033 (Anexo VI, item 39), 200033 (Anexo VI, item 40), 200033 (Anexo VI, item 41), 200033 (Anexo VI, item 42), 200033 (Anexo VI, item 43), 200033 (Anexo VI, item 44), 200033 (Anexo VI, item 45), 200033 (Anexo VI, item 46), 200003 (Anexo I, item 4). A composição do produto decide qual vale."
"23960003";"PRINGLES 35";"21069090";"1";"9,94";"000/000001: 1";"REQUER_VALIDACAO: 1";"depende da validação";"nenhuma";"21069090-200033-VI-39: 200/200033 (Anexo VI, item 39; redução 60%; Arts. 133 e 134; vigência desde 2026-01-01) | 21069090-200033-VI-40: 200/200033 (Anexo VI, item 40; redução 60%; Arts. 133 e 134; vigência desde 2026-01-01) | 21069090-200033-VI-41: 200/200033 (Anexo VI, item 41; redução 60%; Arts. 133 e 134; vigência desde 2026-01-01) | 21069090-200033-VI-42: 200/200033 (Anexo VI, item 42; redução 60%; Arts. 133 e 134; vigência desde 2026-01-01) | 21069090-200033-VI-43: 200/200033 (Anexo VI, item 43; redução 60%; Arts. 133 e 134; vigência desde 2026-01-01) | 21069090-200033-VI-44: 200/200033 (Anexo VI, item 44; redução 60%; Arts. 133 e 134; vigência desde 2026-01-01) | 21069090-200033-VI-45: 200/200033 (Anexo VI, item 45; redução 60%; Arts. 133 e 134; vigência desde 2026-01-01) | 21069090-200033-VI-46: 200/200033 (Anexo VI, item 46; redução 60%; Arts. 133 e 134; vigência desde 2026-01-01) | 21069090-200003-I-4: 200/200003 (Anexo I, item 4; redução 100%; Art. 125; vigência desde 2026-01-01)";"";"";"0,00";"0,00";"0,00";"";"NCM com 9 enquadramentos possíveis: 200033 (Anexo VI, item 39), 200033 (Anexo VI, item 40), 200033 (Anexo VI, item 41), 200033 (Anexo VI, item 42), 200033 (Anexo VI, item 43), 200033 (Anexo VI, item 44), 200033 (Anexo VI, item 45), 200033 (Anexo VI, item 46), 200003 (Anexo I, item 4). A composição do produto decide qual vale."
"20520003";"QUEIJO MUSSARELA SADIA 150G";"21069090";"2";"29,80";"000/000001: 2";"REQUER_VALIDACAO: 2";"depende da validação";"nenhuma";"21069090-200033-VI-39: 200/200033 (Anexo VI, item 39; redução 60%; Arts. 133 e 134; vigência desde 2026-01-01) | 21069090-200033-VI-40: 200/200033 (Anexo VI, item 40; redução 60%; Arts. 133 e 134; vigência desde 2026-01-01) | 21069090-200033-VI-41: 200/200033 (Anexo VI, item 41; redução 60%; Arts. 133 e 134; vigência desde 2026-01-01) | 21069090-200033-VI-42: 200/200033 (Anexo VI, item 42; redução 60%; Arts. 133 e 134; vigência desde 2026-01-01) | 21069090-200033-VI-43: 200/200033 (Anexo VI, item 43; redução 60%; Arts. 133 e 134; vigência desde 2026-01-01) | 21069090-200033-VI-44: 200/200033 (Anexo VI, item 44; redução 60%; Arts. 133 e 134; vigência desde 2026-01-01) | 21069090-200033-VI-45: 200/200033 (Anexo VI, item 45; redução 60%; Arts. 133 e 134; vigência desde 2026-01-01) | 21069090-200033-VI-46: 200/200033 (Anexo VI, item 46; redução 60%; Arts. 133 e 134; vigência desde 2026-01-01) | 21069090-200003-I-4: 200/200003 (Anexo I, item 4; redução 100%; Art. 125; vigência desde 2026-01-01)";"";"";"0,00";"0,00";"0,00";"";"NCM com 9 enquadramentos possíveis: 200033 (Anexo VI, item 39), 200033 (Anexo VI, item 40), 200033 (Anexo VI, item 41), 200033 (Anexo VI, item 42), 200033 (Anexo VI, item 43), 200033 (Anexo VI, item 44), 200033 (Anexo VI, item 45), 200033 (Anexo VI, item 46), 200003 (Anexo I, item 4). A composição do produto decide qual vale."
"18480003";"REQUEIJAO CREMOSO R. MINAS 200G";"21069090";"1";"11,92";"000/000001: 1";"REQUER_VALIDACAO: 1";"depende da validação";"nenhuma";"21069090-200033-VI-39: 200/200033 (Anexo VI, item 39; redução 60%; Arts. 133 e 134; vigência desde 2026-01-01) | 21069090-200033-VI-40: 200/200033 (Anexo VI, item 40; redução 60%; Arts. 133 e 134; vigência desde 2026-01-01) | 21069090-200033-VI-41: 200/200033 (Anexo VI, item 41; redução 60%; Arts. 133 e 134; vigência desde 2026-01-01) | 21069090-200033-VI-42: 200/200033 (Anexo VI, item 42; redução 60%; Arts. 133 e 134; vigência desde 2026-01-01) | 21069090-200033-VI-43: 200/200033 (Anexo VI, item 43; redução 60%; Arts. 133 e 134; vigência desde 2026-01-01) | 21069090-200033-VI-44: 200/200033 (Anexo VI, item 44; redução 60%; Arts. 133 e 134; vigência desde 2026-01-01) | 21069090-200033-VI-45: 200/200033 (Anexo VI, item 45; redução 60%; Arts. 133 e 134; vigência desde 2026-01-01) | 21069090-200033-VI-46: 200/200033 (Anexo VI, item 46; redução 60%; Arts. 133 e 134; vigência desde 2026-01-01) | 21069090-200003-I-4: 200/200003 (Anexo I, item 4; redução 100%; Art. 125; vigência desde 2026-01-01)";"";"";"0,00";"0,00";"0,00";"";"NCM com 9 enquadramentos possíveis: 200033 (Anexo VI, item 39), 200033 (Anexo VI, item 40), 200033 (Anexo VI, item 41), 200033 (Anexo VI, item 42), 200033 (Anexo VI, item 43), 200033 (Anexo VI, item 44), 200033 (Anexo VI, item 45), 200033 (Anexo VI, item 46), 200003 (Anexo I, item 4). A composição do produto decide qual vale."
"12250001";"REQUEIJAO CRIOULO 180G";"21069090";"1";"15,90";"000/000001: 1";"REQUER_VALIDACAO: 1";"depende da validação";"nenhuma";"21069090-200033-VI-39: 200/200033 (Anexo VI, item 39; redução 60%; Arts. 133 e 134; vigência desde 2026-01-01) | 21069090-200033-VI-40: 200/200033 (Anexo VI, item 40; redução 60%; Arts. 133 e 134; vigência desde 2026-01-01) | 21069090-200033-VI-41: 200/200033 (Anexo VI, item 41; redução 60%; Arts. 133 e 134; vigência desde 2026-01-01) | 21069090-200033-VI-42: 200/200033 (Anexo VI, item 42; redução 60%; Arts. 133 e 134; vigência desde 2026-01-01) | 21069090-200033-VI-43: 200/200033 (Anexo VI, item 43; redução 60%; Arts. 133 e 134; vigência desde 2026-01-01) | 21069090-200033-VI-44: 200/200033 (Anexo VI, item 44; redução 60%; Arts. 133 e 134; vigência desde 2026-01-01) | 21069090-200033-VI-45: 200/200033 (Anexo VI, item 45; redução 60%; Arts. 133 e 134; vigência desde 2026-01-01) | 21069090-200033-VI-46: 200/200033 (Anexo VI, item 46; redução 60%; Arts. 133 e 134; vigência desde 2026-01-01) | 21069090-200003-I-4: 200/200003 (Anexo I, item 4; redução 100%; Art. 125; vigência desde 2026-01-01)";"";"";"0,00";"0,00";"0,00";"";"NCM com 9 enquadramentos possíveis: 200033 (Anexo VI, item 39), 200033 (Anexo VI, item 40), 200033 (Anexo VI, item 41), 200033 (Anexo VI, item 42), 200033 (Anexo VI, item 43), 200033 (Anexo VI, item 44), 200033 (Anexo VI, item 45), 200033 (Anexo VI, item 46), 200003 (Anexo I, item 4). A composição do produto decide qual vale."
"30870003";"SALADA DE CARNE";"21069090";"1";"45,53";"000/000001: 1";"REQUER_VALIDACAO: 1";"depende da validação";"nenhuma";"21069090-200033-VI-39: 200/200033 (Anexo VI, item 39; redução 60%; Arts. 133 e 134; vigência desde 2026-01-01) | 21069090-200033-VI-40: 200/200033 (Anexo VI, item 40; redução 60%; Arts. 133 e 134; vigência desde 2026-01-01) | 21069090-200033-VI-41: 200/200033 (Anexo VI, item 41; redução 60%; Arts. 133 e 134; vigência desde 2026-01-01) | 21069090-200033-VI-42: 200/200033 (Anexo VI, item 42; redução 60%; Arts. 133 e 134; vigência desde 2026-01-01) | 21069090-200033-VI-43: 200/200033 (Anexo VI, item 43; redução 60%; Arts. 133 e 134; vigência desde 2026-01-01) | 21069090-200033-VI-44: 200/200033 (Anexo VI, item 44; redução 60%; Arts. 133 e 134; vigência desde 2026-01-01) | 21069090-200033-VI-45: 200/200033 (Anexo VI, item 45; redução 60%; Arts. 133 e 134; vigência desde 2026-01-01) | 21069090-200033-VI-46: 200/200033 (Anexo VI, item 46; redução 60%; Arts. 133 e 134; vigência desde 2026-01-01) | 21069090-200003-I-4: 200/200003 (Anexo I, item 4; redução 100%; Art. 125; vigência desde 2026-01-01)";"";"";"0,00";"0,00";"0,00";"";"NCM com 9 enquadramentos possíveis: 200033 (Anexo VI, item 39), 200033 (Anexo VI, item 40), 200033 (Anexo VI, item 41), 200033 (Anexo VI, item 42), 200033 (Anexo VI, item 43), 200033 (Anexo VI, item 44), 200033 (Anexo VI, item 45), 200033 (Anexo VI, item 46), 200003 (Anexo I, item 4). A composição do produto decide qual vale."
"30880003";"SALADA DE FRANGO";"21069090";"2";"85,80";"000/000001: 2";"REQUER_VALIDACAO: 2";"depende da validação";"nenhuma";"21069090-200033-VI-39: 200/200033 (Anexo VI, item 39; redução 60%; Arts. 133 e 134; vigência desde 2026-01-01) | 21069090-200033-VI-40: 200/200033 (Anexo VI, item 40; redução 60%; Arts. 133 e 134; vigência desde 2026-01-01) | 21069090-200033-VI-41: 200/200033 (Anexo VI, item 41; redução 60%; Arts. 133 e 134; vigência desde 2026-01-01) | 21069090-200033-VI-42: 200/200033 (Anexo VI, item 42; redução 60%; Arts. 133 e 134; vigência desde 2026-01-01) | 21069090-200033-VI-43: 200/200033 (Anexo VI, item 43; redução 60%; Arts. 133 e 134; vigência desde 2026-01-01) | 21069090-200033-VI-44: 200/200033 (Anexo VI, item 44; redução 60%; Arts. 133 e 134; vigência desde 2026-01-01) | 21069090-200033-VI-45: 200/200033 (Anexo VI, item 45; redução 60%; Arts. 133 e 134; vigência desde 2026-01-01) | 21069090-200033-VI-46: 200/200033 (Anexo VI, item 46; redução 60%; Arts. 133 e 134; vigência desde 2026-01-01) | 21069090-200003-I-4: 200/200003 (Anexo I, item 4; redução 100%; Art. 125; vigência desde 2026-01-01)";"";"";"0,00";"0,00";"0,00";"";"NCM com 9 enquadramentos possíveis: 200033 (Anexo VI, item 39), 200033 (Anexo VI, item 40), 200033 (Anexo VI, item 41), 200033 (Anexo VI, item 42), 200033 (Anexo VI, item 43), 200033 (Anexo VI, item 44), 200033 (Anexo VI, item 45), 200033 (Anexo VI, item 46), 200003 (Anexo I, item 4). A composição do produto decide qual vale."
"30890003";"SALADA DE SALMÃO";"21069090";"1";"49,03";"000/000001: 1";"REQUER_VALIDACAO: 1";"depende da validação";"nenhuma";"21069090-200033-VI-39: 200/200033 (Anexo VI, item 39; redução 60%; Arts. 133 e 134; vigência desde 2026-01-01) | 21069090-200033-VI-40: 200/200033 (Anexo VI, item 40; redução 60%; Arts. 133 e 134; vigência desde 2026-01-01) | 21069090-200033-VI-41: 200/200033 (Anexo VI, item 41; redução 60%; Arts. 133 e 134; vigência desde 2026-01-01) | 21069090-200033-VI-42: 200/200033 (Anexo VI, item 42; redução 60%; Arts. 133 e 134; vigência desde 2026-01-01) | 21069090-200033-VI-43: 200/200033 (Anexo VI, item 43; redução 60%; Arts. 133 e 134; vigência desde 2026-01-01) | 21069090-200033-VI-44: 200/200033 (Anexo VI, item 44; redução 60%; Arts. 133 e 134; vigência desde 2026-01-01) | 21069090-200033-VI-45: 200/200033 (Anexo VI, item 45; redução 60%; Arts. 133 e 134; vigência desde 2026-01-01) | 21069090-200033-VI-46: 200/200033 (Anexo VI, item 46; redução 60%; Arts. 133 e 134; vigência desde 2026-01-01) | 21069090-200003-I-4: 200/200003 (Anexo I, item 4; redução 100%; Art. 125; vigência desde 2026-01-01)";"";"";"0,00";"0,00";"0,00";"";"NCM com 9 enquadramentos possíveis: 200033 (Anexo VI, item 39), 200033 (Anexo VI, item 40), 200033 (Anexo VI, item 41), 200033 (Anexo VI, item 42), 200033 (Anexo VI, item 43), 200033 (Anexo VI, item 44), 200033 (Anexo VI, item 45), 200033 (Anexo VI, item 46), 200003 (Anexo I, item 4). A composição do produto decide qual vale."
"28640003";"SALAME ITALIANO PAMPLONA";"21069090";"2";"30,21";"000/000001: 2";"REQUER_VALIDACAO: 2";"depende da validação";"nenhuma";"21069090-200033-VI-39: 200/200033 (Anexo VI, item 39; redução 60%; Arts. 133 e 134; vigência desde 2026-01-01) | 21069090-200033-VI-40: 200/200033 (Anexo VI, item 40; redução 60%; Arts. 133 e 134; vigência desde 2026-01-01) | 21069090-200033-VI-41: 200/200033 (Anexo VI, item 41; redução 60%; Arts. 133 e 134; vigência desde 2026-01-01) | 21069090-200033-VI-42: 200/200033 (Anexo VI, item 42; redução 60%; Arts. 133 e 134; vigência desde 2026-01-01) | 21069090-200033-VI-43: 200/200033 (Anexo VI, item 43; redução 60%; Arts. 133 e 134; vigência desde 2026-01-01) | 21069090-200033-VI-44: 200/200033 (Anexo VI, item 44; redução 60%; Arts. 133 e 134; vigência desde 2026-01-01) | 21069090-200033-VI-45: 200/200033 (Anexo VI, item 45; redução 60%; Arts. 133 e 134; vigência desde 2026-01-01) | 21069090-200033-VI-46: 200/200033 (Anexo VI, item 46; redução 60%; Arts. 133 e 134; vigência desde 2026-01-01) | 21069090-200003-I-4: 200/200003 (Anexo I, item 4; redução 100%; Art. 125; vigência desde 2026-01-01)";"";"";"0,00";"0,00";"0,00";"";"NCM com 9 enquadramentos possíveis: 200033 (Anexo VI, item 39), 200033 (Anexo VI, item 40), 200033 (Anexo VI, item 41), 200033 (Anexo VI, item 42), 200033 (Anexo VI, item 43), 200033 (Anexo VI, item 44), 200033 (Anexo VI, item 45), 200033 (Anexo VI, item 46), 200003 (Anexo I, item 4). A composição do produto decide qual vale."
"31490003";"SANDUICHE BAGUETE DE PEITO DE PERU";"21069090";"11";"365,86";"000/000001: 11";"REQUER_VALIDACAO: 11";"depende da validação";"nenhuma";"21069090-200033-VI-39: 200/200033 (Anexo VI, item 39; redução 60%; Arts. 133 e 134; vigência desde 2026-01-01) | 21069090-200033-VI-40: 200/200033 (Anexo VI, item 40; redução 60%; Arts. 133 e 134; vigência desde 2026-01-01) | 21069090-200033-VI-41: 200/200033 (Anexo VI, item 41; redução 60%; Arts. 133 e 134; vigência desde 2026-01-01) | 21069090-200033-VI-42: 200/200033 (Anexo VI, item 42; redução 60%; Arts. 133 e 134; vigência desde 2026-01-01) | 21069090-200033-VI-43: 200/200033 (Anexo VI, item 43; redução 60%; Arts. 133 e 134; vigência desde 2026-01-01) | 21069090-200033-VI-44: 200/200033 (Anexo VI, item 44; redução 60%; Arts. 133 e 134; vigência desde 2026-01-01) | 21069090-200033-VI-45: 200/200033 (Anexo VI, item 45; redução 60%; Arts. 133 e 134; vigência desde 2026-01-01) | 21069090-200033-VI-46: 200/200033 (Anexo VI, item 46; redução 60%; Arts. 133 e 134; vigência desde 2026-01-01) | 21069090-200003-I-4: 200/200003 (Anexo I, item 4; redução 100%; Art. 125; vigência desde 2026-01-01)";"";"";"0,00";"0,00";"0,00";"";"NCM com 9 enquadramentos possíveis: 200033 (Anexo VI, item 39), 200033 (Anexo VI, item 40), 200033 (Anexo VI, item 41), 200033 (Anexo VI, item 42), 200033 (Anexo VI, item 43), 200033 (Anexo VI, item 44), 200033 (Anexo VI, item 45), 200033 (Anexo VI, item 46), 200003 (Anexo I, item 4). A composição do produto decide qual vale."
"10283";"SOPAS E CALDOS PARA LEVAR";"21069090";"42";"1147,00";"ausente/ausente: 42";"NAO_OBRIGATORIO: 18 | INCORRETO_RISCO: 24";"depende da validação | 000/000001";"nenhuma";"21069090-200033-VI-39: 200/200033 (Anexo VI, item 39; redução 60%; Arts. 133 e 134; vigência desde 2026-01-01) | 21069090-200033-VI-40: 200/200033 (Anexo VI, item 40; redução 60%; Arts. 133 e 134; vigência desde 2026-01-01) | 21069090-200033-VI-41: 200/200033 (Anexo VI, item 41; redução 60%; Arts. 133 e 134; vigência desde 2026-01-01) | 21069090-200033-VI-42: 200/200033 (Anexo VI, item 42; redução 60%; Arts. 133 e 134; vigência desde 2026-01-01) | 21069090-200033-VI-43: 200/200033 (Anexo VI, item 43; redução 60%; Arts. 133 e 134; vigência desde 2026-01-01) | 21069090-200033-VI-44: 200/200033 (Anexo VI, item 44; redução 60%; Arts. 133 e 134; vigência desde 2026-01-01) | 21069090-200033-VI-45: 200/200033 (Anexo VI, item 45; redução 60%; Arts. 133 e 134; vigência desde 2026-01-01) | 21069090-200033-VI-46: 200/200033 (Anexo VI, item 46; redução 60%; Arts. 133 e 134; vigência desde 2026-01-01) | 21069090-200003-I-4: 200/200003 (Anexo I, item 4; redução 100%; Art. 125; vigência desde 2026-01-01)";"";"";"0,00";"0,00";"0,00";"";"Grupo IBS/CBS ainda não exigido nesta data. Ato Conjunto RFB/CGIBS nº 4/2026: cronograma em lotes, NF-e e NFC-e a partir de 03/08/2026"
"748";"SPRITE ZERO 350ML";"21069090";"2";"29,81";"000/000001: 2";"REQUER_VALIDACAO: 2";"depende da validação";"nenhuma";"21069090-200033-VI-39: 200/200033 (Anexo VI, item 39; redução 60%; Arts. 133 e 134; vigência desde 2026-01-01) | 21069090-200033-VI-40: 200/200033 (Anexo VI, item 40; redução 60%; Arts. 133 e 134; vigência desde 2026-01-01) | 21069090-200033-VI-41: 200/200033 (Anexo VI, item 41; redução 60%; Arts. 133 e 134; vigência desde 2026-01-01) | 21069090-200033-VI-42: 200/200033 (Anexo VI, item 42; redução 60%; Arts. 133 e 134; vigência desde 2026-01-01) | 21069090-200033-VI-43: 200/200033 (Anexo VI, item 43; redução 60%; Arts. 133 e 134; vigência desde 2026-01-01) | 21069090-200033-VI-44: 200/200033 (Anexo VI, item 44; redução 60%; Arts. 133 e 134; vigência desde 2026-01-01) | 21069090-200033-VI-45: 200/200033 (Anexo VI, item 45; redução 60%; Arts. 133 e 134; vigência desde 2026-01-01) | 21069090-200033-VI-46: 200/200033 (Anexo VI, item 46; redução 60%; Arts. 133 e 134; vigência desde 2026-01-01) | 21069090-200003-I-4: 200/200003 (Anexo I, item 4; redução 100%; Art. 125; vigência desde 2026-01-01)";"";"";"0,00";"0,00";"0,00";"";"NCM com 9 enquadramentos possíveis: 200033 (Anexo VI, item 39), 200033 (Anexo VI, item 40), 200033 (Anexo VI, item 41), 200033 (Anexo VI, item 42), 200033 (Anexo VI, item 43), 200033 (Anexo VI, item 44), 200033 (Anexo VI, item 45), 200033 (Anexo VI, item 46), 200003 (Anexo I, item 4). A composição do produto decide qual vale."
"501";"SUCO DETOX";"21069090";"42";"882,02";"000/000001: 42";"INCORRETO_ECONOMIA: 42";"200/200033";"200/200033 (Anexo VI, item 39; redução 60%; Arts. 133 e 134; vigência desde 2026-01-01)";"21069090-200033-VI-39: 200/200033 (Anexo VI, item 39; redução 60%; Arts. 133 e 134; vigência desde 2026-01-01) | 21069090-200033-VI-40: 200/200033 (Anexo VI, item 40; redução 60%; Arts. 133 e 134; vigência desde 2026-01-01) | 21069090-200033-VI-41: 200/200033 (Anexo VI, item 41; redução 60%; Arts. 133 e 134; vigência desde 2026-01-01) | 21069090-200033-VI-42: 200/200033 (Anexo VI, item 42; redução 60%; Arts. 133 e 134; vigência desde 2026-01-01) | 21069090-200033-VI-43: 200/200033 (Anexo VI, item 43; redução 60%; Arts. 133 e 134; vigência desde 2026-01-01) | 21069090-200033-VI-44: 200/200033 (Anexo VI, item 44; redução 60%; Arts. 133 e 134; vigência desde 2026-01-01) | 21069090-200033-VI-45: 200/200033 (Anexo VI, item 45; redução 60%; Arts. 133 e 134; vigência desde 2026-01-01) | 21069090-200033-VI-46: 200/200033 (Anexo VI, item 46; redução 60%; Arts. 133 e 134; vigência desde 2026-01-01) | 21069090-200003-I-4: 200/200003 (Anexo I, item 4; redução 100%; Art. 125; vigência desde 2026-01-01)";"";"SIM 21069090-200033-VI-39 (Sistema, 2026-09-27)";"5,29";"0,00";"0,00";"";"Benefício confirmado na validação: Composições nutricionais - Anexo VI (Arts. 133 e 134)."
"39";"SUCO KAPO MORANGO - 200ML";"21069090";"2";"11,80";"000/000001: 2";"REQUER_VALIDACAO: 2";"depende da validação";"nenhuma";"21069090-200033-VI-39: 200/200033 (Anexo VI, item 39; redução 60%; Arts. 133 e 134; vigência desde 2026-01-01) | 21069090-200033-VI-40: 200/200033 (Anexo VI, item 40; redução 60%; Arts. 133 e 134; vigência desde 2026-01-01) | 21069090-200033-VI-41: 200/200033 (Anexo VI, item 41; redução 60%; Arts. 133 e 134; vigência desde 2026-01-01) | 21069090-200033-VI-42: 200/200033 (Anexo VI, item 42; redução 60%; Arts. 133 e 134; vigência desde 2026-01-01) | 21069090-200033-VI-43: 200/200033 (Anexo VI, item 43; redução 60%; Arts. 133 e 134; vigência desde 2026-01-01) | 21069090-200033-VI-44: 200/200033 (Anexo VI, item 44; redução 60%; Arts. 133 e 134; vigência desde 2026-01-01) | 21069090-200033-VI-45: 200/200033 (Anexo VI, item 45; redução 60%; Arts. 133 e 134; vigência desde 2026-01-01) | 21069090-200033-VI-46: 200/200033 (Anexo VI, item 46; redução 60%; Arts. 133 e 134; vigência desde 2026-01-01) | 21069090-200003-I-4: 200/200003 (Anexo I, item 4; redução 100%; Art. 125; vigência desde 2026-01-01)";"";"";"0,00";"0,00";"0,00";"";"NCM com 9 enquadramentos possíveis: 200033 (Anexo VI, item 39), 200033 (Anexo VI, item 40), 200033 (Anexo VI, item 41), 200033 (Anexo VI, item 42), 200033 (Anexo VI, item 43), 200033 (Anexo VI, item 44), 200033 (Anexo VI, item 45), 200033 (Anexo VI, item 46), 200003 (Anexo I, item 4). A composição do produto decide qual vale."
"31530003";"TIGELA DE AÇAI 300GR";"21069090";"3";"73,53";"000/000001: 3";"REQUER_VALIDACAO: 3";"depende da validação";"nenhuma";"21069090-200033-VI-39: 200/200033 (Anexo VI, item 39; redução 60%; Arts. 133 e 134; vigência desde 2026-01-01) | 21069090-200033-VI-40: 200/200033 (Anexo VI, item 40; redução 60%; Arts. 133 e 134; vigência desde 2026-01-01) | 21069090-200033-VI-41: 200/200033 (Anexo VI, item 41; redução 60%; Arts. 133 e 134; vigência desde 2026-01-01) | 21069090-200033-VI-42: 200/200033 (Anexo VI, item 42; redução 60%; Arts. 133 e 134; vigência desde 2026-01-01) | 21069090-200033-VI-43: 200/200033 (Anexo VI, item 43; redução 60%; Arts. 133 e 134; vigência desde 2026-01-01) | 21069090-200033-VI-44: 200/200033 (Anexo VI, item 44; redução 60%; Arts. 133 e 134; vigência desde 2026-01-01) | 21069090-200033-VI-45: 200/200033 (Anexo VI, item 45; redução 60%; Arts. 133 e 134; vigência desde 2026-01-01) | 21069090-200033-VI-46: 200/200033 (Anexo VI, item 46; redução 60%; Arts. 133 e 134; vigência desde 2026-01-01) | 21069090-200003-I-4: 200/200003 (Anexo I, item 4; redução 100%; Art. 125; vigência desde 2026-01-01)";"";"";"0,00";"0,00";"0,00";"";"NCM com 9 enquadramentos possíveis: 200033 (Anexo VI, item 39), 200033 (Anexo VI, item 40), 200033 (Anexo VI, item 41), 200033 (Anexo VI, item 42), 200033 (Anexo VI, item 43), 200033 (Anexo VI, item 44), 200033 (Anexo VI, item 45), 200033 (Anexo VI, item 46), 200003 (Anexo I, item 4). A composição do produto decide qual vale."
"283";"TRIDENT CANELA 8g";"21069090";"2";"5,90";"000/000001: 2";"REQUER_VALIDACAO: 2";"depende da validação";"nenhuma";"21069090-200033-VI-39: 200/200033 (Anexo VI, item 39; redução 60%; Arts. 133 e 134; vigência desde 2026-01-01) | 21069090-200033-VI-40: 200/200033 (Anexo VI, item 40; redução 60%; Arts. 133 e 134; vigência desde 2026-01-01) | 21069090-200033-VI-41: 200/200033 (Anexo VI, item 41; redução 60%; Arts. 133 e 134; vigência desde 2026-01-01) | 21069090-200033-VI-42: 200/200033 (Anexo VI, item 42; redução 60%; Arts. 133 e 134; vigência desde 2026-01-01) | 21069090-200033-VI-43: 200/200033 (Anexo VI, item 43; redução 60%; Arts. 133 e 134; vigência desde 2026-01-01) | 21069090-200033-VI-44: 200/200033 (Anexo VI, item 44; redução 60%; Arts. 133 e 134; vigência desde 2026-01-01) | 21069090-200033-VI-45: 200/200033 (Anexo VI, item 45; redução 60%; Arts. 133 e 134; vigência desde 2026-01-01) | 21069090-200033-VI-46: 200/200033 (Anexo VI, item 46; redução 60%; Arts. 133 e 134; vigência desde 2026-01-01) | 21069090-200003-I-4: 200/200003 (Anexo I, item 4; redução 100%; Art. 125; vigência desde 2026-01-01)";"";"";"0,00";"0,00";"0,00";"";"NCM com 9 enquadramentos possíveis: 200033 (Anexo VI, item 39), 200033 (Anexo VI, item 40), 200033 (Anexo VI, item 41), 200033 (Anexo VI, item 42), 200033 (Anexo VI, item 43), 200033 (Anexo VI, item 44), 200033 (Anexo VI, item 45), 200033 (Anexo VI, item 46), 200003 (Anexo I, item 4). A composição do produto decide qual vale."
"273";"TRIDENT HORTELA 8g";"21069090";"7";"20,62";"000/000001: 7";"REQUER_VALIDACAO: 7";"depende da validação";"nenhuma";"21069090-200033-VI-39: 200/200033 (Anexo VI, item 39; redução 60%; Arts. 133 e 134; vigência desde 2026-01-01) | 21069090-200033-VI-40: 200/200033 (Anexo VI, item 40; redução 60%; Arts. 133 e 134; vigência desde 2026-01-01) | 21069090-200033-VI-41: 200/200033 (Anexo VI, item 41; redução 60%; Arts. 133 e 134; vigência desde 2026-01-01) | 21069090-200033-VI-42: 200/200033 (Anexo VI, item 42; redução 60%; Arts. 133 e 134; vigência desde 2026-01-01) | 21069090-200033-VI-43: 200/200033 (Anexo VI, item 43; redução 60%; Arts. 133 e 134; vigência desde 2026-01-01) | 21069090-200033-VI-44: 200/200033 (Anexo VI, item 44; redução 60%; Arts. 133 e 134; vigência desde 2026-01-01) | 21069090-200033-VI-45: 200/200033 (Anexo VI, item 45; redução 60%; Arts. 133 e 134; vigência desde 2026-01-01) | 21069090-200033-VI-46: 200/200033 (Anexo VI, item 46; redução 60%; Arts. 133 e 134; vigência desde 2026-01-01) | 21069090-200003-I-4: 200/200003 (Anexo I, item 4; redução 100%; Art. 125; vigência desde 2026-01-01)";"";"";"0,00";"0,00";"0,00";"";"NCM com 9 enquadramentos possíveis: 200033 (Anexo VI, item 39), 200033 (Anexo VI, item 40), 200033 (Anexo VI, item 41), 200033 (Anexo VI, item 42), 200033 (Anexo VI, item 43), 200033 (Anexo VI, item 44), 200033 (Anexo VI, item 45), 200033 (Anexo VI, item 46), 200003 (Anexo I, item 4). A composição do produto decide qual vale."
"585";"TRIDENT MELANCIA 8G";"21069090";"2";"5,61";"000/000001: 2";"REQUER_VALIDACAO: 2";"depende da validação";"nenhuma";"21069090-200033-VI-39: 200/200033 (Anexo VI, item 39; redução 60%; Arts. 133 e 134; vigência desde 2026-01-01) | 21069090-200033-VI-40: 200/200033 (Anexo VI, item 40; redução 60%; Arts. 133 e 134; vigência desde 2026-01-01) | 21069090-200033-VI-41: 200/200033 (Anexo VI, item 41; redução 60%; Arts. 133 e 134; vigência desde 2026-01-01) | 21069090-200033-VI-42: 200/200033 (Anexo VI, item 42; redução 60%; Arts. 133 e 134; vigência desde 2026-01-01) | 21069090-200033-VI-43: 200/200033 (Anexo VI, item 43; redução 60%; Arts. 133 e 134; vigência desde 2026-01-01) | 21069090-200033-VI-44: 200/200033 (Anexo VI, item 44; redução 60%; Arts. 133 e 134; vigência desde 2026-01-01) | 21069090-200033-VI-45: 200/200033 (Anexo VI, item 45; redução 60%; Arts. 133 e 134; vigência desde 2026-01-01) | 21069090-200033-VI-46: 200/200033 (Anexo VI, item 46; redução 60%; Arts. 133 e 134; vigência desde 2026-01-01) | 21069090-200003-I-4: 200/200003 (Anexo I, item 4; redução 100%; Art. 125; vigência desde 2026-01-01)";"";"";"0,00";"0,00";"0,00";"";"NCM com 9 enquadramentos possíveis: 200033 (Anexo VI, item 39), 200033 (Anexo VI, item 40), 200033 (Anexo VI, item 41), 200033 (Anexo VI, item 42), 200033 (Anexo VI, item 43), 200033 (Anexo VI, item 44), 200033 (Anexo VI, item 45), 200033 (Anexo VI, item 46), 200003 (Anexo I, item 4). A composição do produto decide qual vale."
"280";"TRIDENT MORANGO 8g";"21069090";"4";"8,84";"000/000001: 4";"REQUER_VALIDACAO: 4";"depende da validação";"nenhuma";"21069090-200033-VI-39: 200/200033 (Anexo VI, item 39; redução 60%; Arts. 133 e 134; vigência desde 2026-01-01) | 21069090-200033-VI-40: 200/200033 (Anexo VI, item 40; redução 60%; Arts. 133 e 134; vigência desde 2026-01-01) | 21069090-200033-VI-41: 200/200033 (Anexo VI, item 41; redução 60%; Arts. 133 e 134; vigência desde 2026-01-01) | 21069090-200033-VI-42: 200/200033 (Anexo VI, item 42; redução 60%; Arts. 133 e 134; vigência desde 2026-01-01) | 21069090-200033-VI-43: 200/200033 (Anexo VI, item 43; redução 60%; Arts. 133 e 134; vigência desde 2026-01-01) | 21069090-200033-VI-44: 200/200033 (Anexo VI, item 44; redução 60%; Arts. 133 e 134; vigência desde 2026-01-01) | 21069090-200033-VI-45: 200/200033 (Anexo VI, item 45; redução 60%; Arts. 133 e 134; vigência desde 2026-01-01) | 21069090-200033-VI-46: 200/200033 (Anexo VI, item 46; redução 60%; Arts. 133 e 134; vigência desde 2026-01-01) | 21069090-200003-I-4: 200/200003 (Anexo I, item 4; redução 100%; Art. 125; vigência desde 2026-01-01)";"";"";"0,00";"0,00";"0,00";"";"NCM com 9 enquadramentos possíveis: 200033 (Anexo VI, item 39), 200033 (Anexo VI, item 40), 200033 (Anexo VI, item 41), 200033 (Anexo VI, item 42), 200033 (Anexo VI, item 43), 200033 (Anexo VI, item 44), 200033 (Anexo VI, item 45), 200033 (Anexo VI, item 46), 200003 (Anexo I, item 4). A composição do produto decide qual vale."
"28830003";"VITAMINA";"21069090";"7";"147,57";"000/000001: 7";"REQUER_VALIDACAO: 7";"depende da validação";"nenhuma";"21069090-200033-VI-39: 200/200033 (Anexo VI, item 39; redução 60%; Arts. 133 e 134; vigência desde 2026-01-01) | 21069090-200033-VI-40: 200/200033 (Anexo VI, item 40; redução 60%; Arts. 133 e 134; vigência desde 2026-01-01) | 21069090-200033-VI-41: 200/200033 (Anexo VI, item 41; redução 60%; Arts. 133 e 134; vigência desde 2026-01-01) | 21069090-200033-VI-42: 200/200033 (Anexo VI, item 42; redução 60%; Arts. 133 e 134; vigência desde 2026-01-01) | 21069090-200033-VI-43: 200/200033 (Anexo VI, item 43; redução 60%; Arts. 133 e 134; vigência desde 2026-01-01) | 21069090-200033-VI-44: 200/200033 (Anexo VI, item 44; redução 60%; Arts. 133 e 134; vigência desde 2026-01-01) | 21069090-200033-VI-45: 200/200033 (Anexo VI, item 45; redução 60%; Arts. 133 e 134; vigência desde 2026-01-01) | 21069090-200033-VI-46: 200/200033 (Anexo VI, item 46; redução 60%; Arts. 133 e 134; vigência desde 2026-01-01) | 21069090-200003-I-4: 200/200003 (Anexo I, item 4; redução 100%; Art. 125; vigência desde 2026-01-01)";"";"";"0,00";"0,00";"0,00";"";"NCM com 9 enquadramentos possíveis: 200033 (Anexo VI, item 39), 200033 (Anexo VI, item 40), 200033 (Anexo VI, item 41), 200033 (Anexo VI, item 42), 200033 (Anexo VI, item 43), 200033 (Anexo VI, item 44), 200033 (Anexo VI, item 45), 200033 (Anexo VI, item 46), 200003 (Anexo I, item 4). A composição do produto decide qual vale."
"458";"AGUA DA PEDRA 5L";"22011000";"1";"18,05";"000/000001: 1";"CORRETO: 1";"000/000001";"nenhuma";"";"";"";"0,00";"0,00";"0,00";"";"Nenhuma regra de benefício cadastrada para este NCM nesta data."
"581";"AGUA IMPERATRIZ 5 LTS";"22011000";"1";"18,05";"000/000001: 1";"CORRETO: 1";"000/000001";"nenhuma";"";"";"";"0,00";"0,00";"0,00";"";"Nenhuma regra de benefício cadastrada para este NCM nesta data."
"23";"AGUA MINERAL COM GAS 1,5 LT";"22011000";"1";"13,13";"000/000001: 1";"CORRETO: 1";"000/000001";"nenhuma";"";"";"";"0,00";"0,00";"0,00";"";"Nenhuma regra de benefício cadastrada para este NCM nesta data."
"1";"AGUA MINERAL COM GAS 510 ML";"22011000";"166";"1370,53";"000/000001: 166";"CORRETO: 166";"000/000001";"nenhuma";"";"";"";"0,00";"0,00";"0,00";"";"Nenhuma regra de benefício cadastrada para este NCM nesta data."
"22";"AGUA MINERAL SEM GAS 1,5 LT";"22011000";"9";"123,18";"000/000001: 9";"CORRETO: 9";"000/000001";"nenhuma";"";"";"";"0,00";"0,00";"0,00";"";"Nenhuma regra de benefício cadastrada para este NCM nesta data."
"8";"AGUA MINERAL SEM GAS 510 ML";"22011000";"240";"1874,29";"000/000001: 240";"CORRETO: 240";"000/000001";"nenhuma";"";"";"";"0,00";"0,00";"0,00";"";"Nenhuma regra de benefício cadastrada para este NCM nesta data."
"65";"CERVEJA EISENBAHN 355ML";"22021000";"1";"11,89";"000/000001: 1";"CORRETO: 1";"000/000001";"nenhuma";"";"";"";"0,00";"0,00";"0,00";"";"Nenhuma regra de benefício cadastrada para este NCM nesta data."
"27";"COCA COLA 2 LITROS";"22021000";"2";"39,64";"000/000001: 2";"CORRETO: 2";"000/000001";"nenhuma";"";"";"";"0,00";"0,00";"0,00";"";"Nenhuma regra de benefício cadastrada para este NCM nesta data."
"2";"COCA COLA 350ML";"22021000";"52";"647,64";"000/000001: 52";"CORRETO: 52";"000/000001";"nenhuma";"";"";"";"0,00";"0,00";"0,00";"";"Nenhuma regra de benefício cadastrada para este NCM nesta data."
"247";"COCA COLA 600 ML";"22021000";"15";"283,64";"000/000001: 15";"CORRETO: 15";"000/000001";"nenhuma";"";"";"";"0,00";"0,00";"0,00";"";"Nenhuma regra de benefício cadastrada para este NCM nesta data."
"20";"COCA COLA ZERO 600 ML";"22021000";"12";"190,20";"000/000001: 12";"CORRETO: 12";"000/000001";"nenhuma";"";"";"";"0,00";"0,00";"0,00";"";"Nenhuma regra de benefício cadastrada para este NCM nesta data."
"9";"COCA LATA ZERO 350 ML";"22021000";"60";"754,44";"000/000001: 60";"CORRETO: 60";"000/000001";"nenhuma";"";"";"";"0,00";"0,00";"0,00";"";"Nenhuma regra de benefício cadastrada para este NCM nesta data."
"10154";"Del Valle Limonada Classic LT 290ml";"22021000";"2";"20,00";"ausente/ausente: 2";"NAO_OBRIGATORIO: 1 | INCORRETO_RISCO: 1";"depende da validação | 000/000001";"nenhuma";"";"";"";"0,00";"0,00";"0,00";"";"Grupo IBS/CBS ainda não exigido nesta data. Ato Conjunto RFB/CGIBS nº 4/2026: cronograma em lotes, NF-e e NFC-e a partir de 03/08/2026"
"595";"DEL VALLE UVA 200ML";"22021000";"7";"63,43";"000/000001: 7";"CORRETO: 7";"000/000001";"nenhuma";"";"";"";"0,00";"0,00";"0,00";"";"Nenhuma regra de benefício cadastrada para este NCM nesta data."
"5";"FANTA LARANJA - 350ML";"22021000";"7";"68,90";"000/000001: 7";"CORRETO: 7";"000/000001";"nenhuma";"";"";"";"0,00";"0,00";"0,00";"";"Nenhuma regra de benefício cadastrada para este NCM nesta data."
"6";"FANTA UVA - 350ML";"22021000";"4";"49,52";"000/000001: 4";"CORRETO: 4";"000/000001";"nenhuma";"";"";"";"0,00";"0,00";"0,00";"";"Nenhuma regra de benefício cadastrada para este NCM nesta data."
"251";"GUARANA ANTACTICA - 2 LITROS";"22021000";"1";"19,82";"000/000001: 1";"CORRETO: 1";"000/000001";"nenhuma";"";"";"";"0,00";"0,00";"0,00";"";"Nenhuma regra de benefício cadastrada para este NCM nesta data."
"7";"GUARANA ANTACTICA - 350ML";"22021000";"10";"98,84";"000/000001: 10";"CORRETO: 10";"000/000001";"nenhuma";"";"";"";"0,00";"0,00";"0,00";"";"Nenhuma regra de benefício cadastrada para este NCM nesta data."
"4";"GUARANA ANTARCTICA ZERO - 350ML";"22021000";"13";"149,33";"000/000001: 13";"CORRETO: 13";"000/000001";"nenhuma";"";"";"";"0,00";"0,00";"0,00";"";"Nenhuma regra de benefício cadastrada para este NCM nesta data."
"254";"KAPO LARANJA - 200ML";"22021000";"1";"7,93";"000/000001: 1";"CORRETO: 1";"000/000001";"nenhuma";"";"";"";"0,00";"0,00";"0,00";"";"Nenhuma regra de benefício cadastrada para este NCM nesta data."
"253";"KAPO UVA - 200ML";"22021000";"4";"31,72";"000/000001: 4";"CORRETO: 4";"000/000001";"nenhuma";"";"";"";"0,00";"0,00";"0,00";"";"Nenhuma regra de benefício cadastrada para este NCM nesta data."
"25330003";"PEPSI ZERO LATA 350ML";"22021000";"2";"19,80";"000/000001: 2";"CORRETO: 2";"000/000001";"nenhuma";"";"";"";"0,00";"0,00";"0,00";"";"Nenhuma regra de benefício cadastrada para este NCM nesta data."
"13";"RED BULL - 250ML";"22021000";"7";"117,88";"000/000001: 7";"CORRETO: 7";"000/000001";"nenhuma";"";"";"";"0,00";"0,00";"0,00";"";"Nenhuma regra de benefício cadastrada para este NCM nesta data."
"10028";"REFRIGERANTE FANTA GUARANA 350ML LATA";"22021000";"2";"12,00";"ausente/ausente: 2";"NAO_OBRIGATORIO: 1 | INCORRETO_RISCO: 1";"depende da validação | 000/000001";"nenhuma";"";"";"";"0,00";"0,00";"0,00";"";"Grupo IBS/CBS ainda não exigido nesta data. Ato Conjunto RFB/CGIBS nº 4/2026: cronograma em lotes, NF-e e NFC-e a partir de 03/08/2026"
"12";"SCHWEPPES CITRUS - 350ML";"22021000";"8";"79,20";"000/000001: 8";"CORRETO: 8";"000/000001";"nenhuma";"";"";"";"0,00";"0,00";"0,00";"";"Nenhuma regra de benefício cadastrada para este NCM nesta data."
"30550003";"SODA ITALIANA CRANBERRY";"22021000";"3";"65,37";"000/000001: 3";"CORRETO: 3";"000/000001";"nenhuma";"";"";"";"0,00";"0,00";"0,00";"";"Nenhuma regra de benefício cadastrada para este NCM nesta data."
"3";"SPRITE - 350ML";"22021000";"7";"69,30";"000/000001: 7";"CORRETO: 7";"000/000001";"nenhuma";"";"";"";"0,00";"0,00";"0,00";"";"Nenhuma regra de benefício cadastrada para este NCM nesta data."
"558";"SPRITE 600";"22021000";"5";"68,36";"000/000001: 5";"CORRETO: 5";"000/000001";"nenhuma";"";"";"";"0,00";"0,00";"0,00";"";"Nenhuma regra de benefício cadastrada para este NCM nesta data."
"244";"SPRITE LEMON FRESH - 510ML";"22021000";"5";"59,45";"000/000001: 5";"CORRETO: 5";"000/000001";"nenhuma";"";"";"";"0,00";"0,00";"0,00";"";"Nenhuma regra de benefício cadastrada para este NCM nesta data."
"10";"TONICA SCHWEPPES - 350ML";"22021000";"2";"19,80";"000/000001: 2";"CORRETO: 2";"000/000001";"nenhuma";"";"";"";"0,00";"0,00";"0,00";"";"Nenhuma regra de benefício cadastrada para este NCM nesta data."
"833";"ADC PÃES CARDÁPIO";"22029900";"1";"6,95";"000/000001: 1";"REQUER_VALIDACAO: 1";"depende da validação";"nenhuma";"22029900-200033-VI-47: 200/200033 (Anexo VI, item 47; redução 60%; Arts. 133 e 134; vigência desde 2026-01-01) | 22029900-200033-VI-48: 200/200033 (Anexo VI, item 48; redução 60%; Arts. 133 e 134; vigência desde 2026-01-01) | 22029900-200034-VII-2: 200/200034 (Anexo VII, item 2; redução 60%; Art. 135; vigência desde 2026-01-01)";"";"";"0,00";"0,00";"0,00";"";"NCM com 3 enquadramentos possíveis: 200033 (Anexo VI, item 47), 200033 (Anexo VI, item 48), 200034 (Anexo VII, item 2). A composição do produto decide qual vale."
"10386";"BEB. LACTEA NESCAU PROTEIN 15G 250ML";"22029900";"1";"15,00";"ausente/ausente: 1";"NAO_OBRIGATORIO: 1";"depende da validação";"nenhuma";"";"";"";"0,00";"0,00";"0,00";"";"Grupo IBS/CBS ainda não exigido nesta data. Ato Conjunto RFB/CGIBS nº 4/2026: cronograma em lotes, NF-e e NFC-e a partir de 03/08/2026"
"14240003";"BEBIDA DE GARRAFA ALPINO 280ML";"22029900";"5";"83,46";"000/000001: 5";"REQUER_VALIDACAO: 5";"depende da validação";"nenhuma";"22029900-200033-VI-47: 200/200033 (Anexo VI, item 47; redução 60%; Arts. 133 e 134; vigência desde 2026-01-01) | 22029900-200033-VI-48: 200/200033 (Anexo VI, item 48; redução 60%; Arts. 133 e 134; vigência desde 2026-01-01) | 22029900-200034-VII-2: 200/200034 (Anexo VII, item 2; redução 60%; Art. 135; vigência desde 2026-01-01)";"";"";"0,00";"0,00";"0,00";"";"NCM com 3 enquadramentos possíveis: 200033 (Anexo VI, item 47), 200033 (Anexo VI, item 48), 200034 (Anexo VII, item 2). A composição do produto decide qual vale."
"24";"GATORADE DIVERSOS";"22029900";"2";"25,56";"000/000001: 2";"REQUER_VALIDACAO: 2";"depende da validação";"nenhuma";"22029900-200033-VI-47: 200/200033 (Anexo VI, item 47; redução 60%; Arts. 133 e 134; vigência desde 2026-01-01) | 22029900-200033-VI-48: 200/200033 (Anexo VI, item 48; redução 60%; Arts. 133 e 134; vigência desde 2026-01-01) | 22029900-200034-VII-2: 200/200034 (Anexo VII, item 2; redução 60%; Art. 135; vigência desde 2026-01-01)";"";"";"0,00";"0,00";"0,00";"";"NCM com 3 enquadramentos possíveis: 200033 (Anexo VI, item 47), 200033 (Anexo VI, item 48), 200034 (Anexo VII, item 2). A composição do produto decide qual vale."
"647";"MATE LEAO ICE TEA PESSEGO ZERO 450ML";"22029900";"1";"6,57";"000/000001: 1";"REQUER_VALIDACAO: 1";"depende da validação";"nenhuma";"22029900-200033-VI-47: 200/200033 (Anexo VI, item 47; redução 60%; Arts. 133 e 134; vigência desde 2026-01-01) | 22029900-200033-VI-48: 200/200033 (Anexo VI, item 48; redução 60%; Arts. 133 e 134; vigência desde 2026-01-01) | 22029900-200034-VII-2: 200/200034 (Anexo VII, item 2; redução 60%; Art. 135; vigência desde 2026-01-01)";"";"";"0,00";"0,00";"0,00";"";"NCM com 3 enquadramentos possíveis: 200033 (Anexo VI, item 47), 200033 (Anexo VI, item 48), 200034 (Anexo VII, item 2). A composição do produto decide qual vale."
"257";"MATTE LEAO LIMAO - 300ML";"22029900";"3";"19,71";"000/000001: 3";"REQUER_VALIDACAO: 3";"depende da validação";"nenhuma";"22029900-200033-VI-47: 200/200033 (Anexo VI, item 47; redução 60%; Arts. 133 e 134; vigência desde 2026-01-01) | 22029900-200033-VI-48: 200/200033 (Anexo VI, item 48; redução 60%; Arts. 133 e 134; vigência desde 2026-01-01) | 22029900-200034-VII-2: 200/200034 (Anexo VII, item 2; redução 60%; Art. 135; vigência desde 2026-01-01)";"";"";"0,00";"0,00";"0,00";"";"NCM com 3 enquadramentos possíveis: 200033 (Anexo VI, item 47), 200033 (Anexo VI, item 48), 200034 (Anexo VII, item 2). A composição do produto decide qual vale."
"256";"MATTE LEAO ORIGINAL - 300ML";"22029900";"1";"6,57";"000/000001: 1";"REQUER_VALIDACAO: 1";"depende da validação";"nenhuma";"22029900-200033-VI-47: 200/200033 (Anexo VI, item 47; redução 60%; Arts. 133 e 134; vigência desde 2026-01-01) | 22029900-200033-VI-48: 200/200033 (Anexo VI, item 48; redução 60%; Arts. 133 e 134; vigência desde 2026-01-01) | 22029900-200034-VII-2: 200/200034 (Anexo VII, item 2; redução 60%; Art. 135; vigência desde 2026-01-01)";"";"";"0,00";"0,00";"0,00";"";"NCM com 3 enquadramentos possíveis: 200033 (Anexo VI, item 47), 200033 (Anexo VI, item 48), 200034 (Anexo VII, item 2). A composição do produto decide qual vale."
"214";"MATTE LEAO ORIGINAL - 450ML";"22029900";"1";"6,57";"000/000001: 1";"REQUER_VALIDACAO: 1";"depende da validação";"nenhuma";"22029900-200033-VI-47: 200/200033 (Anexo VI, item 47; redução 60%; Arts. 133 e 134; vigência desde 2026-01-01) | 22029900-200033-VI-48: 200/200033 (Anexo VI, item 48; redução 60%; Arts. 133 e 134; vigência desde 2026-01-01) | 22029900-200034-VII-2: 200/200034 (Anexo VII, item 2; redução 60%; Art. 135; vigência desde 2026-01-01)";"";"";"0,00";"0,00";"0,00";"";"NCM com 3 enquadramentos possíveis: 200033 (Anexo VI, item 47), 200033 (Anexo VI, item 48), 200034 (Anexo VII, item 2). A composição do produto decide qual vale."
"36480003";"MONSTER ENERGETICO 269ML";"22029900";"1";"10,93";"000/000001: 1";"REQUER_VALIDACAO: 1";"depende da validação";"nenhuma";"22029900-200033-VI-47: 200/200033 (Anexo VI, item 47; redução 60%; Arts. 133 e 134; vigência desde 2026-01-01) | 22029900-200033-VI-48: 200/200033 (Anexo VI, item 48; redução 60%; Arts. 133 e 134; vigência desde 2026-01-01) | 22029900-200034-VII-2: 200/200034 (Anexo VII, item 2; redução 60%; Art. 135; vigência desde 2026-01-01)";"";"";"0,00";"0,00";"0,00";"";"NCM com 3 enquadramentos possíveis: 200033 (Anexo VI, item 47), 200033 (Anexo VI, item 48), 200034 (Anexo VII, item 2). A composição do produto decide qual vale."
"831";"MONSTER ENERGETICO 473ml";"22029900";"7";"125,16";"000/000001: 7";"REQUER_VALIDACAO: 7";"depende da validação";"nenhuma";"22029900-200033-VI-47: 200/200033 (Anexo VI, item 47; redução 60%; Arts. 133 e 134; vigência desde 2026-01-01) | 22029900-200033-VI-48: 200/200033 (Anexo VI, item 48; redução 60%; Arts. 133 e 134; vigência desde 2026-01-01) | 22029900-200034-VII-2: 200/200034 (Anexo VII, item 2; redução 60%; Art. 135; vigência desde 2026-01-01)";"";"";"0,00";"0,00";"0,00";"";"NCM com 3 enquadramentos possíveis: 200033 (Anexo VI, item 47), 200033 (Anexo VI, item 48), 200034 (Anexo VII, item 2). A composição do produto decide qual vale."
"34240003";"POWERADE FRUTAS TROPICAIS";"22029900";"1";"9,90";"000/000001: 1";"REQUER_VALIDACAO: 1";"depende da validação";"nenhuma";"22029900-200033-VI-47: 200/200033 (Anexo VI, item 47; redução 60%; Arts. 133 e 134; vigência desde 2026-01-01) | 22029900-200033-VI-48: 200/200033 (Anexo VI, item 48; redução 60%; Arts. 133 e 134; vigência desde 2026-01-01) | 22029900-200034-VII-2: 200/200034 (Anexo VII, item 2; redução 60%; Art. 135; vigência desde 2026-01-01)";"";"";"0,00";"0,00";"0,00";"";"NCM com 3 enquadramentos possíveis: 200033 (Anexo VI, item 47), 200033 (Anexo VI, item 48), 200034 (Anexo VII, item 2). A composição do produto decide qual vale."
"800";"SUCO DELVALLE GOIABA LATA 290ML";"22029900";"2";"19,80";"000/000001: 2";"REQUER_VALIDACAO: 2";"depende da validação";"nenhuma";"22029900-200033-VI-47: 200/200033 (Anexo VI, item 47; redução 60%; Arts. 133 e 134; vigência desde 2026-01-01) | 22029900-200033-VI-48: 200/200033 (Anexo VI, item 48; redução 60%; Arts. 133 e 134; vigência desde 2026-01-01) | 22029900-200034-VII-2: 200/200034 (Anexo VII, item 2; redução 60%; Art. 135; vigência desde 2026-01-01)";"";"";"0,00";"0,00";"0,00";"";"NCM com 3 enquadramentos possíveis: 200033 (Anexo VI, item 47), 200033 (Anexo VI, item 48), 200034 (Anexo VII, item 2). A composição do produto decide qual vale."
"657";"SUCO DELVALLE LARANJA 450ML";"22029900";"2";"19,80";"000/000001: 2";"REQUER_VALIDACAO: 2";"depende da validação";"nenhuma";"22029900-200033-VI-47: 200/200033 (Anexo VI, item 47; redução 60%; Arts. 133 e 134; vigência desde 2026-01-01) | 22029900-200033-VI-48: 200/200033 (Anexo VI, item 48; redução 60%; Arts. 133 e 134; vigência desde 2026-01-01) | 22029900-200034-VII-2: 200/200034 (Anexo VII, item 2; redução 60%; Art. 135; vigência desde 2026-01-01)";"";"";"0,00";"0,00";"0,00";"";"NCM com 3 enquadramentos possíveis: 200033 (Anexo VI, item 47), 200033 (Anexo VI, item 48), 200034 (Anexo VII, item 2). A composição do produto decide qual vale."
"799";"SUCO DELVALLE PESSEGO LATA 290ML";"22029900";"4";"39,60";"000/000001: 4";"REQUER_VALIDACAO: 4";"depende da validação";"nenhuma";"22029900-200033-VI-47: 200/200033 (Anexo VI, item 47; redução 60%; Arts. 133 e 134; vigência desde 2026-01-01) | 22029900-200033-VI-48: 200/200033 (Anexo VI, item 48; redução 60%; Arts. 133 e 134; vigência desde 2026-01-01) | 22029900-200034-VII-2: 200/200034 (Anexo VII, item 2; redução 60%; Art. 135; vigência desde 2026-01-01)";"";"";"0,00";"0,00";"0,00";"";"NCM com 3 enquadramentos possíveis: 200033 (Anexo VI, item 47), 200033 (Anexo VI, item 48), 200034 (Anexo VII, item 2). A composição do produto decide qual vale."
"15870003";"SUCO DELVALLE SABOR MANGA";"22029900";"1";"9,90";"000/000001: 1";"REQUER_VALIDACAO: 1";"depende da validação";"nenhuma";"22029900-200033-VI-47: 200/200033 (Anexo VI, item 47; redução 60%; Arts. 133 e 134; vigência desde 2026-01-01) | 22029900-200033-VI-48: 200/200033 (Anexo VI, item 48; redução 60%; Arts. 133 e 134; vigência desde 2026-01-01) | 22029900-200034-VII-2: 200/200034 (Anexo VII, item 2; redução 60%; Art. 135; vigência desde 2026-01-01)";"";"";"0,00";"0,00";"0,00";"";"NCM com 3 enquadramentos possíveis: 200033 (Anexo VI, item 47), 200033 (Anexo VI, item 48), 200034 (Anexo VII, item 2). A composição do produto decide qual vale."
"557";"SUCO DELVALLE UVA 290ML";"22029900";"8";"99,04";"000/000001: 8";"REQUER_VALIDACAO: 8";"depende da validação";"nenhuma";"22029900-200033-VI-47: 200/200033 (Anexo VI, item 47; redução 60%; Arts. 133 e 134; vigência desde 2026-01-01) | 22029900-200033-VI-48: 200/200033 (Anexo VI, item 48; redução 60%; Arts. 133 e 134; vigência desde 2026-01-01) | 22029900-200034-VII-2: 200/200034 (Anexo VII, item 2; redução 60%; Art. 135; vigência desde 2026-01-01)";"";"";"0,00";"0,00";"0,00";"";"NCM com 3 enquadramentos possíveis: 200033 (Anexo VI, item 47), 200033 (Anexo VI, item 48), 200034 (Anexo VII, item 2). A composição do produto decide qual vale."
"34250003";"SUCO NATURAL MELANCIA";"22029900";"6";"142,66";"000/000001: 6";"REQUER_VALIDACAO: 6";"depende da validação";"nenhuma";"22029900-200033-VI-47: 200/200033 (Anexo VI, item 47; redução 60%; Arts. 133 e 134; vigência desde 2026-01-01) | 22029900-200033-VI-48: 200/200033 (Anexo VI, item 48; redução 60%; Arts. 133 e 134; vigência desde 2026-01-01) | 22029900-200034-VII-2: 200/200034 (Anexo VII, item 2; redução 60%; Art. 135; vigência desde 2026-01-01)";"";"";"0,00";"0,00";"0,00";"";"NCM com 3 enquadramentos possíveis: 200033 (Anexo VI, item 47), 200033 (Anexo VI, item 48), 200034 (Anexo VII, item 2). A composição do produto decide qual vale."
"10220003";"TODDYNHO SABOR CHOCOLATE 200ML";"22029900";"2";"9,94";"000/000001: 2";"REQUER_VALIDACAO: 2";"depende da validação";"nenhuma";"22029900-200033-VI-47: 200/200033 (Anexo VI, item 47; redução 60%; Arts. 133 e 134; vigência desde 2026-01-01) | 22029900-200033-VI-48: 200/200033 (Anexo VI, item 48; redução 60%; Arts. 133 e 134; vigência desde 2026-01-01) | 22029900-200034-VII-2: 200/200034 (Anexo VII, item 2; redução 60%; Art. 135; vigência desde 2026-01-01)";"";"";"0,00";"0,00";"0,00";"";"NCM com 3 enquadramentos possíveis: 200033 (Anexo VI, item 47), 200033 (Anexo VI, item 48), 200034 (Anexo VII, item 2). A composição do produto decide qual vale."
"33700003";"YOPRO DIVERSOS";"22029900";"1";"11,06";"000/000001: 1";"REQUER_VALIDACAO: 1";"depende da validação";"nenhuma";"22029900-200033-VI-47: 200/200033 (Anexo VI, item 47; redução 60%; Arts. 133 e 134; vigência desde 2026-01-01) | 22029900-200033-VI-48: 200/200033 (Anexo VI, item 48; redução 60%; Arts. 133 e 134; vigência desde 2026-01-01) | 22029900-200034-VII-2: 200/200034 (Anexo VII, item 2; redução 60%; Art. 135; vigência desde 2026-01-01)";"";"";"0,00";"0,00";"0,00";"";"NCM com 3 enquadramentos possíveis: 200033 (Anexo VI, item 47), 200033 (Anexo VI, item 48), 200034 (Anexo VII, item 2). A composição do produto decide qual vale."
"901";"CERVEJA BRAHMA 350ML";"22030000";"1";"3,95";"000/000001: 1";"CORRETO: 1";"000/000001";"nenhuma";"";"";"";"0,00";"0,00";"0,00";"";"Nenhuma regra de benefício cadastrada para este NCM nesta data."
"66";"CERVEJA BUDWEISER 330ML";"22030000";"1";"14,87";"000/000001: 1";"CORRETO: 1";"000/000001";"nenhuma";"";"";"";"0,00";"0,00";"0,00";"";"Nenhuma regra de benefício cadastrada para este NCM nesta data."
"64";"CERVEJA CORONA 330ML";"22030000";"3";"44,61";"000/000001: 3";"CORRETO: 3";"000/000001";"nenhuma";"";"";"";"0,00";"0,00";"0,00";"";"Nenhuma regra de benefício cadastrada para este NCM nesta data."
"62";"CERVEJA HEINEKEN 330 ML";"22030000";"7";"109,02";"000/000001: 7";"CORRETO: 7";"000/000001";"nenhuma";"";"";"";"0,00";"0,00";"0,00";"";"Nenhuma regra de benefício cadastrada para este NCM nesta data."
"12450001";"CERVEJA SPATEN 355ML";"22030000";"1";"11,92";"000/000001: 1";"CORRETO: 1";"000/000001";"nenhuma";"";"";"";"0,00";"0,00";"0,00";"";"Nenhuma regra de benefício cadastrada para este NCM nesta data."
"70";"CHOPP BRAHMA 300 ML";"22030000";"55";"593,50";"000/000001: 55";"CORRETO: 55";"000/000001";"nenhuma";"";"";"";"0,00";"0,00";"0,00";"";"Nenhuma regra de benefício cadastrada para este NCM nesta data."
"35230003";"VINHO GERAL";"22041010";"2";"124,80";"000/000001: 2";"CORRETO: 2";"000/000001";"nenhuma";"";"";"";"0,00";"0,00";"0,00";"";"Nenhuma regra de benefício cadastrada para este NCM nesta data."
"796379";"MIOLO SELECAO CABERNET/MERLOT - (TTO) - BAG 3L";"22042100";"21";"361,68";"000/000001: 21";"CORRETO: 21";"000/000001";"nenhuma";"";"";"";"0,00";"0,00";"0,00";"";"Nenhuma regra de benefício cadastrada para este NCM nesta data."
"930093";"MIOLO SELECAO CHARDONNAY/VIOGNIER - (BCO) - BAG 3L";"22042100";"1";"19,72";"000/000001: 1";"CORRETO: 1";"000/000001";"nenhuma";"";"";"";"0,00";"0,00";"0,00";"";"Nenhuma regra de benefício cadastrada para este NCM nesta data."
"31860003";"CAIPIRA LIMÃO C/ ABSOLUT";"22089000";"1";"35,40";"000/000001: 1";"CORRETO: 1";"000/000001";"nenhuma";"";"";"";"0,00";"0,00";"0,00";"";"Nenhuma regra de benefício cadastrada para este NCM nesta data."
"31870003";"CAIPIRA LIMÃO C/ SMIRNOFF";"22089000";"1";"32,67";"000/000001: 1";"CORRETO: 1";"000/000001";"nenhuma";"";"";"";"0,00";"0,00";"0,00";"";"Nenhuma regra de benefício cadastrada para este NCM nesta data."
"31910003";"CAIPIROSKA MARACUJÁ C/ SMIRNOFF";"22089000";"3";"103,44";"000/000001: 3";"CORRETO: 3";"000/000001";"nenhuma";"";"";"";"0,00";"0,00";"0,00";"";"Nenhuma regra de benefício cadastrada para este NCM nesta data."
"31880003";"CAIPIROSKA MORANGO C/ ABSOLUT";"22089000";"1";"36,30";"000/000001: 1";"CORRETO: 1";"000/000001";"nenhuma";"";"";"";"0,00";"0,00";"0,00";"";"Nenhuma regra de benefício cadastrada para este NCM nesta data."
"723";"PICOLE LAKA OREO 68G";"28151100";"1";"23,84";"200/200038: 1";"REQUER_VALIDACAO: 1";"depende da validação";"nenhuma";"28151100-200038-IX-8: 200/200038 (Anexo IX, item 8; redução 60%; Art. 138; vigência desde 2026-01-01)";"";"";"0,00";"0,00";"0,00";"";"Enquadramento possível em 200038 (Anexo IX, item 8), sujeito à conferência da descrição legal. O documento já usa 200038: falta confirmar que o produto atende à descrição legal e às vedações do Anexo IX."
"30430003";"ADC LEITE VEGETAL";"33059000";"25";"114,80";"000/000001: 25";"CORRETO: 25";"000/000001";"nenhuma";"";"";"";"0,00";"0,00";"0,00";"";"Nenhuma regra de benefício cadastrada para este NCM nesta data."
"10050001";"VELA DE ANIVERSARIO BRANCA";"34060000";"1";"7,95";"000/000001: 1";"CORRETO: 1";"000/000001";"nenhuma";"";"";"";"0,00";"0,00";"0,00";"";"Nenhuma regra de benefício cadastrada para este NCM nesta data."
